machine,source_archive,source_archive_sha256,remote_generated_at,run_id,run_dir,protocol,route_id,run_status,manifest_jobs,prediction_jobs,missing_artifacts,board_file,audit_file,jobs_file,board_n_jobs,mean,std,min,max
A,remote_protocol_scores_A.tgz,87d75a6bc9818fb7c6b9e2631c9ffb83016e353cae18d99be47b9fba7af70ffe,2026-05-23T23:51:59+0800,autofill_A_20260522_233115_001_p3_fixed_crop_ea_whitening_eps3e4_fbstcnet,outputs/autofill_A_20260522_233115_001_p3_fixed_crop_ea_whitening_eps3e4_fbstcnet/fixed_crop_ea_whitening_eps3e4_fbstcnet,p3_nested_selection,fixed_crop_ea_whitening_eps3e4_fbstcnet,complete,20,5,0,outputs/autofill_A_20260522_233115_001_p3_fixed_crop_ea_whitening_eps3e4_fbstcnet/fixed_crop_ea_whitening_eps3e4_fbstcnet/protocol3_board.csv,outputs/autofill_A_20260522_233115_001_p3_fixed_crop_ea_whitening_eps3e4_fbstcnet/fixed_crop_ea_whitening_eps3e4_fbstcnet/protocol3_audit.json,outputs/autofill_A_20260522_233115_001_p3_fixed_crop_ea_whitening_eps3e4_fbstcnet/fixed_crop_ea_whitening_eps3e4_fbstcnet/protocol3_jobs.csv,5,0.7084661866666667,0.02367586844702246,0.683704,0.7488640000000001
A,remote_protocol_scores_A.tgz,87d75a6bc9818fb7c6b9e2631c9ffb83016e353cae18d99be47b9fba7af70ffe,2026-05-23T23:51:59+0800,autofill_A_20260522_233119_002_p3_fixed_crop_ea_whitening_eps1e3_fbstcnet,outputs/autofill_A_20260522_233119_002_p3_fixed_crop_ea_whitening_eps1e3_fbstcnet/fixed_crop_ea_whitening_eps1e3_fbstcnet,p3_nested_selection,fixed_crop_ea_whitening_eps1e3_fbstcnet,complete,20,5,0,outputs/autofill_A_20260522_233119_002_p3_fixed_crop_ea_whitening_eps1e3_fbstcnet/fixed_crop_ea_whitening_eps1e3_fbstcnet/protocol3_board.csv,outputs/autofill_A_20260522_233119_002_p3_fixed_crop_ea_whitening_eps1e3_fbstcnet/fixed_crop_ea_whitening_eps1e3_fbstcnet/protocol3_audit.json,outputs/autofill_A_20260522_233119_002_p3_fixed_crop_ea_whitening_eps1e3_fbstcnet/fixed_crop_ea_whitening_eps1e3_fbstcnet/protocol3_jobs.csv,5,0.7082009066666667,0.02292837189965886,0.6829133333333334,0.7465354666666667
A,remote_protocol_scores_A.tgz,87d75a6bc9818fb7c6b9e2631c9ffb83016e353cae18d99be47b9fba7af70ffe,2026-05-23T23:51:59+0800,autofill_A_20260522_233123_003_p3_fixed_crop_whitening_eps3e4_fbstcnet,outputs/autofill_A_20260522_233123_003_p3_fixed_crop_whitening_eps3e4_fbstcnet/fixed_crop_whitening_eps3e4_fbstcnet,p3_nested_selection,fixed_crop_whitening_eps3e4_fbstcnet,complete,20,5,0,outputs/autofill_A_20260522_233123_003_p3_fixed_crop_whitening_eps3e4_fbstcnet/fixed_crop_whitening_eps3e4_fbstcnet/protocol3_board.csv,outputs/autofill_A_20260522_233123_003_p3_fixed_crop_whitening_eps3e4_fbstcnet/fixed_crop_whitening_eps3e4_fbstcnet/protocol3_audit.json,outputs/autofill_A_20260522_233123_003_p3_fixed_crop_whitening_eps3e4_fbstcnet/fixed_crop_whitening_eps3e4_fbstcnet/protocol3_jobs.csv,5,0.7121024533333333,0.033147050032602106,0.6709709333333332,0.7713106666666668
A,remote_protocol_scores_A.tgz,87d75a6bc9818fb7c6b9e2631c9ffb83016e353cae18d99be47b9fba7af70ffe,2026-05-23T23:51:59+0800,autofill_A_20260522_233127_004_p3_fixed_crop_car_fbstcnet,outputs/autofill_A_20260522_233127_004_p3_fixed_crop_car_fbstcnet/fixed_crop_car_fbstcnet,p3_nested_selection,fixed_crop_car_fbstcnet,complete,20,5,0,outputs/autofill_A_20260522_233127_004_p3_fixed_crop_car_fbstcnet/fixed_crop_car_fbstcnet/protocol3_board.csv,outputs/autofill_A_20260522_233127_004_p3_fixed_crop_car_fbstcnet/fixed_crop_car_fbstcnet/protocol3_audit.json,outputs/autofill_A_20260522_233127_004_p3_fixed_crop_car_fbstcnet/fixed_crop_car_fbstcnet/protocol3_jobs.csv,5,0.7249589866666666,0.03793880106230502,0.6859613333333332,0.791696
A,remote_protocol_scores_A.tgz,87d75a6bc9818fb7c6b9e2631c9ffb83016e353cae18d99be47b9fba7af70ffe,2026-05-23T23:51:59+0800,autofill_A_20260522_233131_005_p3_fixed_crop_ea_fbstcnet_m_conn_light,outputs/autofill_A_20260522_233131_005_p3_fixed_crop_ea_fbstcnet_m_conn_light/fixed_crop_ea_fbstcnet_m_conn_light,p3_nested_selection,fixed_crop_ea_fbstcnet_m_conn_light,complete,20,5,0,outputs/autofill_A_20260522_233131_005_p3_fixed_crop_ea_fbstcnet_m_conn_light/fixed_crop_ea_fbstcnet_m_conn_light/protocol3_board.csv,outputs/autofill_A_20260522_233131_005_p3_fixed_crop_ea_fbstcnet_m_conn_light/fixed_crop_ea_fbstcnet_m_conn_light/protocol3_audit.json,outputs/autofill_A_20260522_233131_005_p3_fixed_crop_ea_fbstcnet_m_conn_light/fixed_crop_ea_fbstcnet_m_conn_light/protocol3_jobs.csv,5,0.7104354133333334,0.030167210304829686,0.6782546666666667,0.7657226666666667
A,remote_protocol_scores_A.tgz,87d75a6bc9818fb7c6b9e2631c9ffb83016e353cae18d99be47b9fba7af70ffe,2026-05-23T23:51:59+0800,autofill_A_20260522_233135_006_p3_fixed_crop_ea_fbstcnet_c_only,outputs/autofill_A_20260522_233135_006_p3_fixed_crop_ea_fbstcnet_c_only/fixed_crop_ea_fbstcnet_c_only,p3_nested_selection,fixed_crop_ea_fbstcnet_c_only,complete,20,5,0,outputs/autofill_A_20260522_233135_006_p3_fixed_crop_ea_fbstcnet_c_only/fixed_crop_ea_fbstcnet_c_only/protocol3_board.csv,outputs/autofill_A_20260522_233135_006_p3_fixed_crop_ea_fbstcnet_c_only/fixed_crop_ea_fbstcnet_c_only/protocol3_audit.json,outputs/autofill_A_20260522_233135_006_p3_fixed_crop_ea_fbstcnet_c_only/fixed_crop_ea_fbstcnet_c_only/protocol3_jobs.csv,5,0.71244096,0.031001493207725002,0.6816413333333333,0.7664906666666665
A,remote_protocol_scores_A.tgz,87d75a6bc9818fb7c6b9e2631c9ffb83016e353cae18d99be47b9fba7af70ffe,2026-05-23T23:51:59+0800,autofill_A_20260523_002455_007_p2_fixed_crop_ea_fbstcnet_riem_guided_gate,outputs/autofill_A_20260523_002455_007_p2_fixed_crop_ea_fbstcnet_riem_guided_gate/fixed_crop_ea_fbstcnet_riem_guided_gate,p2_pseudo_public_holdout,fixed_crop_ea_fbstcnet_riem_guided_gate,complete,8,7,0,outputs/autofill_A_20260523_002455_007_p2_fixed_crop_ea_fbstcnet_riem_guided_gate/fixed_crop_ea_fbstcnet_riem_guided_gate/protocol2_board.csv,outputs/autofill_A_20260523_002455_007_p2_fixed_crop_ea_fbstcnet_riem_guided_gate/fixed_crop_ea_fbstcnet_riem_guided_gate/protocol2_audit.json,outputs/autofill_A_20260523_002455_007_p2_fixed_crop_ea_fbstcnet_riem_guided_gate/fixed_crop_ea_fbstcnet_riem_guided_gate/protocol2_jobs.csv,7,0.6785714285714286,0.12542444943872308,0.375,0.75
A,remote_protocol_scores_A.tgz,87d75a6bc9818fb7c6b9e2631c9ffb83016e353cae18d99be47b9fba7af70ffe,2026-05-23T23:51:59+0800,backfill_branch_grid_A_20260522_1927_ea_eps3e4_fbstcnet_p2,outputs/backfill_branch_grid_A_20260522_1927_ea_eps3e4_fbstcnet_p2/fixed_crop_ea_whitening_eps3e4_fbstcnet,p2_pseudo_public_holdout,fixed_crop_ea_whitening_eps3e4_fbstcnet,complete,8,7,0,outputs/backfill_branch_grid_A_20260522_1927_ea_eps3e4_fbstcnet_p2/fixed_crop_ea_whitening_eps3e4_fbstcnet/protocol2_board.csv,outputs/backfill_branch_grid_A_20260522_1927_ea_eps3e4_fbstcnet_p2/fixed_crop_ea_whitening_eps3e4_fbstcnet/protocol2_audit.json,outputs/backfill_branch_grid_A_20260522_1927_ea_eps3e4_fbstcnet_p2/fixed_crop_ea_whitening_eps3e4_fbstcnet/protocol2_jobs.csv,7,0.6517857142857144,0.1492849548093387,0.2916666666666667,0.75
A,remote_protocol_scores_A.tgz,87d75a6bc9818fb7c6b9e2631c9ffb83016e353cae18d99be47b9fba7af70ffe,2026-05-23T23:51:59+0800,backfill_branch_grid_A_20260522_1929_ea_eps1e3_base_p1_seed123,outputs/backfill_branch_grid_A_20260522_1929_ea_eps1e3_base_p1_seed123/fixed_crop_ea_whitening_eps1e3_fbstcnet,p1_repeated_group_kfold,fixed_crop_ea_whitening_eps1e3_fbstcnet,complete,5,5,0,outputs/backfill_branch_grid_A_20260522_1929_ea_eps1e3_base_p1_seed123/fixed_crop_ea_whitening_eps1e3_fbstcnet/protocol1_board.csv,outputs/backfill_branch_grid_A_20260522_1929_ea_eps1e3_base_p1_seed123/fixed_crop_ea_whitening_eps1e3_fbstcnet/protocol1_audit.json,outputs/backfill_branch_grid_A_20260522_1929_ea_eps1e3_base_p1_seed123/fixed_crop_ea_whitening_eps1e3_fbstcnet/protocol1_jobs.csv,5,0.7056671999999999,0.038647324750972205,0.6638093333333334,0.7721466666666666
A,remote_protocol_scores_A.tgz,87d75a6bc9818fb7c6b9e2631c9ffb83016e353cae18d99be47b9fba7af70ffe,2026-05-23T23:51:59+0800,backfill_branch_grid_A_20260522_1930_ea_eps1e3_c_only_p1_seed42,outputs/backfill_branch_grid_A_20260522_1930_ea_eps1e3_c_only_p1_seed42/fixed_crop_ea_whitening_eps1e3_fbstcnet_c_only,p1_repeated_group_kfold,fixed_crop_ea_whitening_eps1e3_fbstcnet_c_only,complete,5,5,0,outputs/backfill_branch_grid_A_20260522_1930_ea_eps1e3_c_only_p1_seed42/fixed_crop_ea_whitening_eps1e3_fbstcnet_c_only/protocol1_board.csv,outputs/backfill_branch_grid_A_20260522_1930_ea_eps1e3_c_only_p1_seed42/fixed_crop_ea_whitening_eps1e3_fbstcnet_c_only/protocol1_audit.json,outputs/backfill_branch_grid_A_20260522_1930_ea_eps1e3_c_only_p1_seed42/fixed_crop_ea_whitening_eps1e3_fbstcnet_c_only/protocol1_jobs.csv,5,0.6857996799999999,0.02547085759269557,0.6592919999999999,0.7200493333333333
A,remote_protocol_scores_A.tgz,87d75a6bc9818fb7c6b9e2631c9ffb83016e353cae18d99be47b9fba7af70ffe,2026-05-23T23:51:59+0800,backfill_branch_grid_A_20260522_1937_ea_eps1e3_p_only_p1_seed123,outputs/backfill_branch_grid_A_20260522_1937_ea_eps1e3_p_only_p1_seed123/fixed_crop_ea_whitening_eps1e3_fbstcnet_p_only,p1_repeated_group_kfold,fixed_crop_ea_whitening_eps1e3_fbstcnet_p_only,complete,5,5,0,outputs/backfill_branch_grid_A_20260522_1937_ea_eps1e3_p_only_p1_seed123/fixed_crop_ea_whitening_eps1e3_fbstcnet_p_only/protocol1_board.csv,outputs/backfill_branch_grid_A_20260522_1937_ea_eps1e3_p_only_p1_seed123/fixed_crop_ea_whitening_eps1e3_fbstcnet_p_only/protocol1_audit.json,outputs/backfill_branch_grid_A_20260522_1937_ea_eps1e3_p_only_p1_seed123/fixed_crop_ea_whitening_eps1e3_fbstcnet_p_only/protocol1_jobs.csv,5,0.6944133333333333,0.04096936430907588,0.6460093333333333,0.7629920000000001
A,remote_protocol_scores_A.tgz,87d75a6bc9818fb7c6b9e2631c9ffb83016e353cae18d99be47b9fba7af70ffe,2026-05-23T23:51:59+0800,backfill_branch_grid_A_20260522_1945_ea_eps3e4_c_only_p1_seed123,outputs/backfill_branch_grid_A_20260522_1945_ea_eps3e4_c_only_p1_seed123/fixed_crop_ea_whitening_eps3e4_fbstcnet_c_only,p1_repeated_group_kfold,fixed_crop_ea_whitening_eps3e4_fbstcnet_c_only,complete,5,5,0,outputs/backfill_branch_grid_A_20260522_1945_ea_eps3e4_c_only_p1_seed123/fixed_crop_ea_whitening_eps3e4_fbstcnet_c_only/protocol1_board.csv,outputs/backfill_branch_grid_A_20260522_1945_ea_eps3e4_c_only_p1_seed123/fixed_crop_ea_whitening_eps3e4_fbstcnet_c_only/protocol1_audit.json,outputs/backfill_branch_grid_A_20260522_1945_ea_eps3e4_c_only_p1_seed123/fixed_crop_ea_whitening_eps3e4_fbstcnet_c_only/protocol1_jobs.csv,5,0.7074674133333333,0.019714657153088504,0.678832,0.7339306666666667
A,remote_protocol_scores_A.tgz,87d75a6bc9818fb7c6b9e2631c9ffb83016e353cae18d99be47b9fba7af70ffe,2026-05-23T23:51:59+0800,backfill_branch_grid_A_20260522_2000_ea_eps1e3_p_only_p1_seed789,outputs/backfill_branch_grid_A_20260522_2000_ea_eps1e3_p_only_p1_seed789/fixed_crop_ea_whitening_eps1e3_fbstcnet_p_only,p1_repeated_group_kfold,fixed_crop_ea_whitening_eps1e3_fbstcnet_p_only,complete,5,5,0,outputs/backfill_branch_grid_A_20260522_2000_ea_eps1e3_p_only_p1_seed789/fixed_crop_ea_whitening_eps1e3_fbstcnet_p_only/protocol1_board.csv,outputs/backfill_branch_grid_A_20260522_2000_ea_eps1e3_p_only_p1_seed789/fixed_crop_ea_whitening_eps1e3_fbstcnet_p_only/protocol1_audit.json,outputs/backfill_branch_grid_A_20260522_2000_ea_eps1e3_p_only_p1_seed789/fixed_crop_ea_whitening_eps1e3_fbstcnet_p_only/protocol1_jobs.csv,5,0.67417552,0.018865031500890757,0.6378586666666667,0.691104
A,remote_protocol_scores_A.tgz,87d75a6bc9818fb7c6b9e2631c9ffb83016e353cae18d99be47b9fba7af70ffe,2026-05-23T23:51:59+0800,backfill_branch_grid_A_20260522_2027_ea_eps3e4_c_only_p1_seed1024,outputs/backfill_branch_grid_A_20260522_2027_ea_eps3e4_c_only_p1_seed1024/fixed_crop_ea_whitening_eps3e4_fbstcnet_c_only,p1_repeated_group_kfold,fixed_crop_ea_whitening_eps3e4_fbstcnet_c_only,complete,5,5,0,outputs/backfill_branch_grid_A_20260522_2027_ea_eps3e4_c_only_p1_seed1024/fixed_crop_ea_whitening_eps3e4_fbstcnet_c_only/protocol1_board.csv,outputs/backfill_branch_grid_A_20260522_2027_ea_eps3e4_c_only_p1_seed1024/fixed_crop_ea_whitening_eps3e4_fbstcnet_c_only/protocol1_audit.json,outputs/backfill_branch_grid_A_20260522_2027_ea_eps3e4_c_only_p1_seed1024/fixed_crop_ea_whitening_eps3e4_fbstcnet_c_only/protocol1_jobs.csv,5,0.7069256533333333,0.03921982610444541,0.6494386666666666,0.7713573333333335
A,remote_protocol_scores_A.tgz,87d75a6bc9818fb7c6b9e2631c9ffb83016e353cae18d99be47b9fba7af70ffe,2026-05-23T23:51:59+0800,backfill_capacity_A_20260522_153823_sliding_ea_dual_graph_conformer_w6_s1_p3,outputs/backfill_capacity_A_20260522_153823_sliding_ea_dual_graph_conformer_w6_s1_p3/sliding_ea_dual_graph_conformer_w6_s1,p3_nested_selection,sliding_ea_dual_graph_conformer_w6_s1,complete,20,5,0,outputs/backfill_capacity_A_20260522_153823_sliding_ea_dual_graph_conformer_w6_s1_p3/sliding_ea_dual_graph_conformer_w6_s1/protocol3_board.csv,outputs/backfill_capacity_A_20260522_153823_sliding_ea_dual_graph_conformer_w6_s1_p3/sliding_ea_dual_graph_conformer_w6_s1/protocol3_audit.json,outputs/backfill_capacity_A_20260522_153823_sliding_ea_dual_graph_conformer_w6_s1_p3/sliding_ea_dual_graph_conformer_w6_s1/protocol3_jobs.csv,5,0.65088016,0.03271671662248113,0.5989866666666668,0.7004600000000001
A,remote_protocol_scores_A.tgz,87d75a6bc9818fb7c6b9e2631c9ffb83016e353cae18d99be47b9fba7af70ffe,2026-05-23T23:51:59+0800,backfill_capacity_A_20260522_155241_fixed_crop_ea_deformer_depth2_emb96_p3_extra,outputs/backfill_capacity_A_20260522_155241_fixed_crop_ea_deformer_depth2_emb96_p3_extra/fixed_crop_ea_deformer_depth2_emb96,p3_nested_selection,fixed_crop_ea_deformer_depth2_emb96,complete,20,5,0,outputs/backfill_capacity_A_20260522_155241_fixed_crop_ea_deformer_depth2_emb96_p3_extra/fixed_crop_ea_deformer_depth2_emb96/protocol3_board.csv,outputs/backfill_capacity_A_20260522_155241_fixed_crop_ea_deformer_depth2_emb96_p3_extra/fixed_crop_ea_deformer_depth2_emb96/protocol3_audit.json,outputs/backfill_capacity_A_20260522_155241_fixed_crop_ea_deformer_depth2_emb96_p3_extra/fixed_crop_ea_deformer_depth2_emb96/protocol3_jobs.csv,5,0.6803950933333333,0.03468739753539961,0.6286037333333333,0.7227306666666667
A,remote_protocol_scores_A.tgz,87d75a6bc9818fb7c6b9e2631c9ffb83016e353cae18d99be47b9fba7af70ffe,2026-05-23T23:51:59+0800,backfill_component_A_20260522_171650_sliding_window_conformer_lite_p2,outputs/backfill_component_A_20260522_171650_sliding_window_conformer_lite_p2/sliding_window_conformer_lite,p2_pseudo_public_holdout,sliding_window_conformer_lite,complete,8,7,0,outputs/backfill_component_A_20260522_171650_sliding_window_conformer_lite_p2/sliding_window_conformer_lite/protocol2_board.csv,outputs/backfill_component_A_20260522_171650_sliding_window_conformer_lite_p2/sliding_window_conformer_lite/protocol2_audit.json,outputs/backfill_component_A_20260522_171650_sliding_window_conformer_lite_p2/sliding_window_conformer_lite/protocol2_jobs.csv,7,0.6547619047619049,0.07374709341288016,0.5,0.75
A,remote_protocol_scores_A.tgz,87d75a6bc9818fb7c6b9e2631c9ffb83016e353cae18d99be47b9fba7af70ffe,2026-05-23T23:51:59+0800,backfill_diag_A_20260522_160445_srf_fbstcnet_gate_p2,outputs/backfill_diag_A_20260522_160445_srf_fbstcnet_gate_p2/sliding_window_srf_fbstcnet_gate_whitening_eps3e4_w6_s1,p2_pseudo_public_holdout,sliding_window_srf_fbstcnet_gate_whitening_eps3e4_w6_s1,complete,8,7,0,outputs/backfill_diag_A_20260522_160445_srf_fbstcnet_gate_p2/sliding_window_srf_fbstcnet_gate_whitening_eps3e4_w6_s1/protocol2_board.csv,outputs/backfill_diag_A_20260522_160445_srf_fbstcnet_gate_p2/sliding_window_srf_fbstcnet_gate_whitening_eps3e4_w6_s1/protocol2_audit.json,outputs/backfill_diag_A_20260522_160445_srf_fbstcnet_gate_p2/sliding_window_srf_fbstcnet_gate_whitening_eps3e4_w6_s1/protocol2_jobs.csv,7,0.6517857142857142,0.08459922859257081,0.4583333333333333,0.7291666666666666
A,remote_protocol_scores_A.tgz,87d75a6bc9818fb7c6b9e2631c9ffb83016e353cae18d99be47b9fba7af70ffe,2026-05-23T23:51:59+0800,backfill_diag_A_20260522_160445_tuned_sliding_fbstcnet_zscore_only_p2,outputs/backfill_diag_A_20260522_160445_tuned_sliding_fbstcnet_zscore_only_p2/tuned_sliding_window_fbstcnet_zscore_only,p2_pseudo_public_holdout,tuned_sliding_window_fbstcnet_zscore_only,complete,8,7,0,outputs/backfill_diag_A_20260522_160445_tuned_sliding_fbstcnet_zscore_only_p2/tuned_sliding_window_fbstcnet_zscore_only/protocol2_board.csv,outputs/backfill_diag_A_20260522_160445_tuned_sliding_fbstcnet_zscore_only_p2/tuned_sliding_window_fbstcnet_zscore_only/protocol2_audit.json,outputs/backfill_diag_A_20260522_160445_tuned_sliding_fbstcnet_zscore_only_p2/tuned_sliding_window_fbstcnet_zscore_only/protocol2_jobs.csv,7,0.6488095238095238,0.057248166850212334,0.5208333333333334,0.7083333333333334
A,remote_protocol_scores_A.tgz,87d75a6bc9818fb7c6b9e2631c9ffb83016e353cae18d99be47b9fba7af70ffe,2026-05-23T23:51:59+0800,backfill_diverse_A_20260522_2029_fixed_crop_ea_fbcnet_train_aug_p1_seed123,outputs/backfill_diverse_A_20260522_2029_fixed_crop_ea_fbcnet_train_aug_p1_seed123/fixed_crop_ea_fbcnet_train_aug,p1_repeated_group_kfold,fixed_crop_ea_fbcnet_train_aug,complete,5,5,0,outputs/backfill_diverse_A_20260522_2029_fixed_crop_ea_fbcnet_train_aug_p1_seed123/fixed_crop_ea_fbcnet_train_aug/protocol1_board.csv,outputs/backfill_diverse_A_20260522_2029_fixed_crop_ea_fbcnet_train_aug_p1_seed123/fixed_crop_ea_fbcnet_train_aug/protocol1_audit.json,outputs/backfill_diverse_A_20260522_2029_fixed_crop_ea_fbcnet_train_aug_p1_seed123/fixed_crop_ea_fbcnet_train_aug/protocol1_jobs.csv,5,0.6626432000000001,0.026306446091726072,0.6207373333333334,0.6923322666666668
A,remote_protocol_scores_A.tgz,87d75a6bc9818fb7c6b9e2631c9ffb83016e353cae18d99be47b9fba7af70ffe,2026-05-23T23:51:59+0800,backfill_diverse_A_20260522_2042_fixed_crop_ea_fbcnet_train_aug_p3,outputs/backfill_diverse_A_20260522_2042_fixed_crop_ea_fbcnet_train_aug_p3/fixed_crop_ea_fbcnet_train_aug,p3_nested_selection,fixed_crop_ea_fbcnet_train_aug,complete,20,5,0,outputs/backfill_diverse_A_20260522_2042_fixed_crop_ea_fbcnet_train_aug_p3/fixed_crop_ea_fbcnet_train_aug/protocol3_board.csv,outputs/backfill_diverse_A_20260522_2042_fixed_crop_ea_fbcnet_train_aug_p3/fixed_crop_ea_fbcnet_train_aug/protocol3_audit.json,outputs/backfill_diverse_A_20260522_2042_fixed_crop_ea_fbcnet_train_aug_p3/fixed_crop_ea_fbcnet_train_aug/protocol3_jobs.csv,5,0.64102704,0.02779428147616305,0.6114816,0.6814962666666667
A,remote_protocol_scores_A.tgz,87d75a6bc9818fb7c6b9e2631c9ffb83016e353cae18d99be47b9fba7af70ffe,2026-05-23T23:51:59+0800,backfill_diverse_A_20260522_2044_fixed_crop_ea_deformer_depth1_emb64_p1_seed123,outputs/backfill_diverse_A_20260522_2044_fixed_crop_ea_deformer_depth1_emb64_p1_seed123/fixed_crop_ea_deformer_depth1_emb64,p1_repeated_group_kfold,fixed_crop_ea_deformer_depth1_emb64,complete,5,5,0,outputs/backfill_diverse_A_20260522_2044_fixed_crop_ea_deformer_depth1_emb64_p1_seed123/fixed_crop_ea_deformer_depth1_emb64/protocol1_board.csv,outputs/backfill_diverse_A_20260522_2044_fixed_crop_ea_deformer_depth1_emb64_p1_seed123/fixed_crop_ea_deformer_depth1_emb64/protocol1_audit.json,outputs/backfill_diverse_A_20260522_2044_fixed_crop_ea_deformer_depth1_emb64_p1_seed123/fixed_crop_ea_deformer_depth1_emb64/protocol1_jobs.csv,5,0.6702659733333333,0.0305757222154252,0.6365133333333333,0.7058933333333334
A,remote_protocol_scores_A.tgz,87d75a6bc9818fb7c6b9e2631c9ffb83016e353cae18d99be47b9fba7af70ffe,2026-05-23T23:51:59+0800,backfill_diverse_A_20260522_2044_fixed_crop_ea_lggnet_p1_seed456,outputs/backfill_diverse_A_20260522_2044_fixed_crop_ea_lggnet_p1_seed456/fixed_crop_ea_lggnet,p1_repeated_group_kfold,fixed_crop_ea_lggnet,complete,5,5,0,outputs/backfill_diverse_A_20260522_2044_fixed_crop_ea_lggnet_p1_seed456/fixed_crop_ea_lggnet/protocol1_board.csv,outputs/backfill_diverse_A_20260522_2044_fixed_crop_ea_lggnet_p1_seed456/fixed_crop_ea_lggnet/protocol1_audit.json,outputs/backfill_diverse_A_20260522_2044_fixed_crop_ea_lggnet_p1_seed456/fixed_crop_ea_lggnet/protocol1_jobs.csv,5,0.6610622933333333,0.06677319745302471,0.5797826666666667,0.7693248000000001
A,remote_protocol_scores_A.tgz,87d75a6bc9818fb7c6b9e2631c9ffb83016e353cae18d99be47b9fba7af70ffe,2026-05-23T23:51:59+0800,backfill_diverse_A_20260522_2044_fixed_crop_ea_tsception_train_aug_p1_seed123,outputs/backfill_diverse_A_20260522_2044_fixed_crop_ea_tsception_train_aug_p1_seed123/fixed_crop_ea_tsception_train_aug,p1_repeated_group_kfold,fixed_crop_ea_tsception_train_aug,complete,5,5,0,outputs/backfill_diverse_A_20260522_2044_fixed_crop_ea_tsception_train_aug_p1_seed123/fixed_crop_ea_tsception_train_aug/protocol1_board.csv,outputs/backfill_diverse_A_20260522_2044_fixed_crop_ea_tsception_train_aug_p1_seed123/fixed_crop_ea_tsception_train_aug/protocol1_audit.json,outputs/backfill_diverse_A_20260522_2044_fixed_crop_ea_tsception_train_aug_p1_seed123/fixed_crop_ea_tsception_train_aug/protocol1_jobs.csv,5,0.63173744,0.03002608274084682,0.5964583999999999,0.6872392
A,remote_protocol_scores_A.tgz,87d75a6bc9818fb7c6b9e2631c9ffb83016e353cae18d99be47b9fba7af70ffe,2026-05-23T23:51:59+0800,backfill_ea_ablation_A_20260522_1910_noea_eps1e3_mconn_p1_seeds789_1024,outputs/backfill_ea_ablation_A_20260522_1910_noea_eps1e3_mconn_p1_seeds789_1024/fixed_crop_whitening_eps1e3_fbstcnet_m_conn_light,p1_repeated_group_kfold,fixed_crop_whitening_eps1e3_fbstcnet_m_conn_light,complete,10,10,0,outputs/backfill_ea_ablation_A_20260522_1910_noea_eps1e3_mconn_p1_seeds789_1024/fixed_crop_whitening_eps1e3_fbstcnet_m_conn_light/protocol1_board.csv,outputs/backfill_ea_ablation_A_20260522_1910_noea_eps1e3_mconn_p1_seeds789_1024/fixed_crop_whitening_eps1e3_fbstcnet_m_conn_light/protocol1_audit.json,outputs/backfill_ea_ablation_A_20260522_1910_noea_eps1e3_mconn_p1_seeds789_1024/fixed_crop_whitening_eps1e3_fbstcnet_m_conn_light/protocol1_jobs.csv,10,0.7133602933333334,0.04227919756412077,0.6295813333333333,0.7699544
A,remote_protocol_scores_A.tgz,87d75a6bc9818fb7c6b9e2631c9ffb83016e353cae18d99be47b9fba7af70ffe,2026-05-23T23:51:59+0800,backfill_ea_ablation_A_20260522_1911_ea_eps1e3_mconn_p1_seed42,outputs/backfill_ea_ablation_A_20260522_1911_ea_eps1e3_mconn_p1_seed42/fixed_crop_ea_whitening_eps1e3_fbstcnet_m_conn_light,p1_repeated_group_kfold,fixed_crop_ea_whitening_eps1e3_fbstcnet_m_conn_light,complete,5,5,0,outputs/backfill_ea_ablation_A_20260522_1911_ea_eps1e3_mconn_p1_seed42/fixed_crop_ea_whitening_eps1e3_fbstcnet_m_conn_light/protocol1_board.csv,outputs/backfill_ea_ablation_A_20260522_1911_ea_eps1e3_mconn_p1_seed42/fixed_crop_ea_whitening_eps1e3_fbstcnet_m_conn_light/protocol1_audit.json,outputs/backfill_ea_ablation_A_20260522_1911_ea_eps1e3_mconn_p1_seed42/fixed_crop_ea_whitening_eps1e3_fbstcnet_m_conn_light/protocol1_jobs.csv,5,0.7196723733333333,0.02786359313275539,0.6888696,0.7652533333333333
A,remote_protocol_scores_A.tgz,87d75a6bc9818fb7c6b9e2631c9ffb83016e353cae18d99be47b9fba7af70ffe,2026-05-23T23:51:59+0800,backfill_ea_ablation_A_20260522_1939_noea_eps3e4_base_p1_seed123,outputs/backfill_ea_ablation_A_20260522_1939_noea_eps3e4_base_p1_seed123/fixed_crop_whitening_eps3e4_fbstcnet,p1_repeated_group_kfold,fixed_crop_whitening_eps3e4_fbstcnet,complete,5,5,0,outputs/backfill_ea_ablation_A_20260522_1939_noea_eps3e4_base_p1_seed123/fixed_crop_whitening_eps3e4_fbstcnet/protocol1_board.csv,outputs/backfill_ea_ablation_A_20260522_1939_noea_eps3e4_base_p1_seed123/fixed_crop_whitening_eps3e4_fbstcnet/protocol1_audit.json,outputs/backfill_ea_ablation_A_20260522_1939_noea_eps3e4_base_p1_seed123/fixed_crop_whitening_eps3e4_fbstcnet/protocol1_jobs.csv,5,0.7055726933333333,0.03766364113511657,0.665268,0.7694533333333333
A,remote_protocol_scores_A.tgz,87d75a6bc9818fb7c6b9e2631c9ffb83016e353cae18d99be47b9fba7af70ffe,2026-05-23T23:51:59+0800,backfill_ea_ablation_A_20260522_1940_noea_eps1e3_base_p1_seed123,outputs/backfill_ea_ablation_A_20260522_1940_noea_eps1e3_base_p1_seed123/fixed_crop_whitening_eps1e3_fbstcnet,p1_repeated_group_kfold,fixed_crop_whitening_eps1e3_fbstcnet,complete,5,5,0,outputs/backfill_ea_ablation_A_20260522_1940_noea_eps1e3_base_p1_seed123/fixed_crop_whitening_eps1e3_fbstcnet/protocol1_board.csv,outputs/backfill_ea_ablation_A_20260522_1940_noea_eps1e3_base_p1_seed123/fixed_crop_whitening_eps1e3_fbstcnet/protocol1_audit.json,outputs/backfill_ea_ablation_A_20260522_1940_noea_eps1e3_base_p1_seed123/fixed_crop_whitening_eps1e3_fbstcnet/protocol1_jobs.csv,5,0.70478608,0.038054631583703175,0.6657773333333333,0.7695066666666667
A,remote_protocol_scores_A.tgz,87d75a6bc9818fb7c6b9e2631c9ffb83016e353cae18d99be47b9fba7af70ffe,2026-05-23T23:51:59+0800,backfill_ea_ablation_A_20260522_2005_ea_eps3e4_mconn_p1_seed789,outputs/backfill_ea_ablation_A_20260522_2005_ea_eps3e4_mconn_p1_seed789/fixed_crop_ea_whitening_eps3e4_fbstcnet_m_conn_light,p1_repeated_group_kfold,fixed_crop_ea_whitening_eps3e4_fbstcnet_m_conn_light,complete,5,5,0,outputs/backfill_ea_ablation_A_20260522_2005_ea_eps3e4_mconn_p1_seed789/fixed_crop_ea_whitening_eps3e4_fbstcnet_m_conn_light/protocol1_board.csv,outputs/backfill_ea_ablation_A_20260522_2005_ea_eps3e4_mconn_p1_seed789/fixed_crop_ea_whitening_eps3e4_fbstcnet_m_conn_light/protocol1_audit.json,outputs/backfill_ea_ablation_A_20260522_2005_ea_eps3e4_mconn_p1_seed789/fixed_crop_ea_whitening_eps3e4_fbstcnet_m_conn_light/protocol1_jobs.csv,5,0.7087469333333333,0.0421993794869598,0.6439026666666666,0.7704093333333333
A,remote_protocol_scores_A.tgz,87d75a6bc9818fb7c6b9e2631c9ffb83016e353cae18d99be47b9fba7af70ffe,2026-05-23T23:51:59+0800,backfill_ea_ablation_A_20260522_2013_ea_eps3e4_mconn_p1_seed123,outputs/backfill_ea_ablation_A_20260522_2013_ea_eps3e4_mconn_p1_seed123/fixed_crop_ea_whitening_eps3e4_fbstcnet_m_conn_light,p1_repeated_group_kfold,fixed_crop_ea_whitening_eps3e4_fbstcnet_m_conn_light,complete,5,5,0,outputs/backfill_ea_ablation_A_20260522_2013_ea_eps3e4_mconn_p1_seed123/fixed_crop_ea_whitening_eps3e4_fbstcnet_m_conn_light/protocol1_board.csv,outputs/backfill_ea_ablation_A_20260522_2013_ea_eps3e4_mconn_p1_seed123/fixed_crop_ea_whitening_eps3e4_fbstcnet_m_conn_light/protocol1_audit.json,outputs/backfill_ea_ablation_A_20260522_2013_ea_eps3e4_mconn_p1_seed123/fixed_crop_ea_whitening_eps3e4_fbstcnet_m_conn_light/protocol1_jobs.csv,5,0.7049398933333333,0.04038979172611921,0.6650346666666668,0.7723626666666666
A,remote_protocol_scores_A.tgz,87d75a6bc9818fb7c6b9e2631c9ffb83016e353cae18d99be47b9fba7af70ffe,2026-05-23T23:51:59+0800,backfill_ea_ablation_A_20260522_2013_noea_eps1e3_mconn_p1_seed456,outputs/backfill_ea_ablation_A_20260522_2013_noea_eps1e3_mconn_p1_seed456/fixed_crop_whitening_eps1e3_fbstcnet_m_conn_light,p1_repeated_group_kfold,fixed_crop_whitening_eps1e3_fbstcnet_m_conn_light,complete,5,5,0,outputs/backfill_ea_ablation_A_20260522_2013_noea_eps1e3_mconn_p1_seed456/fixed_crop_whitening_eps1e3_fbstcnet_m_conn_light/protocol1_board.csv,outputs/backfill_ea_ablation_A_20260522_2013_noea_eps1e3_mconn_p1_seed456/fixed_crop_whitening_eps1e3_fbstcnet_m_conn_light/protocol1_audit.json,outputs/backfill_ea_ablation_A_20260522_2013_noea_eps1e3_mconn_p1_seed456/fixed_crop_whitening_eps1e3_fbstcnet_m_conn_light/protocol1_jobs.csv,5,0.70706848,0.05984973421228119,0.6140949333333334,0.8000786666666665
A,remote_protocol_scores_A.tgz,87d75a6bc9818fb7c6b9e2631c9ffb83016e353cae18d99be47b9fba7af70ffe,2026-05-23T23:51:59+0800,backfill_ea_ablation_A_20260522_2027_noea_eps3e4_base_p1_seed789,outputs/backfill_ea_ablation_A_20260522_2027_noea_eps3e4_base_p1_seed789/fixed_crop_whitening_eps3e4_fbstcnet,p1_repeated_group_kfold,fixed_crop_whitening_eps3e4_fbstcnet,complete,5,5,0,outputs/backfill_ea_ablation_A_20260522_2027_noea_eps3e4_base_p1_seed789/fixed_crop_whitening_eps3e4_fbstcnet/protocol1_board.csv,outputs/backfill_ea_ablation_A_20260522_2027_noea_eps3e4_base_p1_seed789/fixed_crop_whitening_eps3e4_fbstcnet/protocol1_audit.json,outputs/backfill_ea_ablation_A_20260522_2027_noea_eps3e4_base_p1_seed789/fixed_crop_whitening_eps3e4_fbstcnet/protocol1_jobs.csv,5,0.7108831999999998,0.04839138303576142,0.6295706666666666,0.7708034666666667
A,remote_protocol_scores_A.tgz,87d75a6bc9818fb7c6b9e2631c9ffb83016e353cae18d99be47b9fba7af70ffe,2026-05-23T23:51:59+0800,backfill_graph_A_20260522_2042_fixed_crop_ea_dgcnn_p3,outputs/backfill_graph_A_20260522_2042_fixed_crop_ea_dgcnn_p3/fixed_crop_ea_dgcnn,p3_nested_selection,fixed_crop_ea_dgcnn,complete,20,5,0,outputs/backfill_graph_A_20260522_2042_fixed_crop_ea_dgcnn_p3/fixed_crop_ea_dgcnn/protocol3_board.csv,outputs/backfill_graph_A_20260522_2042_fixed_crop_ea_dgcnn_p3/fixed_crop_ea_dgcnn/protocol3_audit.json,outputs/backfill_graph_A_20260522_2042_fixed_crop_ea_dgcnn_p3/fixed_crop_ea_dgcnn/protocol3_jobs.csv,5,0.7015716266666667,0.037467617611694766,0.6419026666666666,0.7424706666666667
A,remote_protocol_scores_A.tgz,87d75a6bc9818fb7c6b9e2631c9ffb83016e353cae18d99be47b9fba7af70ffe,2026-05-23T23:51:59+0800,backfill_long_A_20260522_213117_sliding_ea_dgcnn_w6_s1_p3,outputs/backfill_long_A_20260522_213117_sliding_ea_dgcnn_w6_s1_p3/sliding_ea_dgcnn_w6_s1,p3_nested_selection,sliding_ea_dgcnn_w6_s1,complete,20,5,0,outputs/backfill_long_A_20260522_213117_sliding_ea_dgcnn_w6_s1_p3/sliding_ea_dgcnn_w6_s1/protocol3_board.csv,outputs/backfill_long_A_20260522_213117_sliding_ea_dgcnn_w6_s1_p3/sliding_ea_dgcnn_w6_s1/protocol3_audit.json,outputs/backfill_long_A_20260522_213117_sliding_ea_dgcnn_w6_s1_p3/sliding_ea_dgcnn_w6_s1/protocol3_jobs.csv,5,0.6282152,0.019855123350689882,0.6100293333333333,0.6644333333333333
A,remote_protocol_scores_A.tgz,87d75a6bc9818fb7c6b9e2631c9ffb83016e353cae18d99be47b9fba7af70ffe,2026-05-23T23:51:59+0800,backfill_long_A_20260522_213713_fixed_crop_ea_fbcnet_train_aug_p3,outputs/backfill_long_A_20260522_213713_fixed_crop_ea_fbcnet_train_aug_p3/fixed_crop_ea_fbcnet_train_aug,p3_nested_selection,fixed_crop_ea_fbcnet_train_aug,complete,20,5,0,outputs/backfill_long_A_20260522_213713_fixed_crop_ea_fbcnet_train_aug_p3/fixed_crop_ea_fbcnet_train_aug/protocol3_board.csv,outputs/backfill_long_A_20260522_213713_fixed_crop_ea_fbcnet_train_aug_p3/fixed_crop_ea_fbcnet_train_aug/protocol3_audit.json,outputs/backfill_long_A_20260522_213713_fixed_crop_ea_fbcnet_train_aug_p3/fixed_crop_ea_fbcnet_train_aug/protocol3_jobs.csv,5,0.64102704,0.02779428147616305,0.6114816,0.6814962666666667
A,remote_protocol_scores_A.tgz,87d75a6bc9818fb7c6b9e2631c9ffb83016e353cae18d99be47b9fba7af70ffe,2026-05-23T23:51:59+0800,backfill_long_A_20260522_213713_fixed_crop_ea_lggnet_p3,outputs/backfill_long_A_20260522_213713_fixed_crop_ea_lggnet_p3/fixed_crop_ea_lggnet,p3_nested_selection,fixed_crop_ea_lggnet,complete,20,5,0,outputs/backfill_long_A_20260522_213713_fixed_crop_ea_lggnet_p3/fixed_crop_ea_lggnet/protocol3_board.csv,outputs/backfill_long_A_20260522_213713_fixed_crop_ea_lggnet_p3/fixed_crop_ea_lggnet/protocol3_audit.json,outputs/backfill_long_A_20260522_213713_fixed_crop_ea_lggnet_p3/fixed_crop_ea_lggnet/protocol3_jobs.csv,5,0.6550615466666667,0.022130295140810458,0.6275490666666667,0.6822754666666667
A,remote_protocol_scores_A.tgz,87d75a6bc9818fb7c6b9e2631c9ffb83016e353cae18d99be47b9fba7af70ffe,2026-05-23T23:51:59+0800,backfill_long_A_20260522_214012_fixed_crop_ea_fbcnet_p3,outputs/backfill_long_A_20260522_214012_fixed_crop_ea_fbcnet_p3/fixed_crop_ea_fbcnet,p3_nested_selection,fixed_crop_ea_fbcnet,complete,20,5,0,outputs/backfill_long_A_20260522_214012_fixed_crop_ea_fbcnet_p3/fixed_crop_ea_fbcnet/protocol3_board.csv,outputs/backfill_long_A_20260522_214012_fixed_crop_ea_fbcnet_p3/fixed_crop_ea_fbcnet/protocol3_audit.json,outputs/backfill_long_A_20260522_214012_fixed_crop_ea_fbcnet_p3/fixed_crop_ea_fbcnet/protocol3_jobs.csv,5,0.6444006933333334,0.028083825203513726,0.6120194666666666,0.6806144
A,remote_protocol_scores_A.tgz,87d75a6bc9818fb7c6b9e2631c9ffb83016e353cae18d99be47b9fba7af70ffe,2026-05-23T23:51:59+0800,backfill_long_A_20260522_214155_fixed_crop_ea_tsception_p3,outputs/backfill_long_A_20260522_214155_fixed_crop_ea_tsception_p3/fixed_crop_ea_tsception,p3_nested_selection,fixed_crop_ea_tsception,complete,20,5,0,outputs/backfill_long_A_20260522_214155_fixed_crop_ea_tsception_p3/fixed_crop_ea_tsception/protocol3_board.csv,outputs/backfill_long_A_20260522_214155_fixed_crop_ea_tsception_p3/fixed_crop_ea_tsception/protocol3_audit.json,outputs/backfill_long_A_20260522_214155_fixed_crop_ea_tsception_p3/fixed_crop_ea_tsception/protocol3_jobs.csv,5,0.6434515733333332,0.03996188768121944,0.5765909333333333,0.6890864
A,remote_protocol_scores_A.tgz,87d75a6bc9818fb7c6b9e2631c9ffb83016e353cae18d99be47b9fba7af70ffe,2026-05-23T23:51:59+0800,backfill_long_A_20260522_214407_fixed_crop_ea_shallow_conv_net_p3,outputs/backfill_long_A_20260522_214407_fixed_crop_ea_shallow_conv_net_p3/fixed_crop_ea_shallow_conv_net,p3_nested_selection,fixed_crop_ea_shallow_conv_net,complete,20,5,0,outputs/backfill_long_A_20260522_214407_fixed_crop_ea_shallow_conv_net_p3/fixed_crop_ea_shallow_conv_net/protocol3_board.csv,outputs/backfill_long_A_20260522_214407_fixed_crop_ea_shallow_conv_net_p3/fixed_crop_ea_shallow_conv_net/protocol3_audit.json,outputs/backfill_long_A_20260522_214407_fixed_crop_ea_shallow_conv_net_p3/fixed_crop_ea_shallow_conv_net/protocol3_jobs.csv,5,0.6123097599999999,0.030403311452204235,0.5808458666666667,0.6528610666666667
A,remote_protocol_scores_A.tgz,87d75a6bc9818fb7c6b9e2631c9ffb83016e353cae18d99be47b9fba7af70ffe,2026-05-23T23:51:59+0800,backfill_pr35_A_20260522_155758_sliding_srfnet_whitening_eps3e4_p1_seed42,outputs/backfill_pr35_A_20260522_155758_sliding_srfnet_whitening_eps3e4_p1_seed42/sliding_window_srfnet_whitening_eps3e4,p1_repeated_group_kfold,sliding_window_srfnet_whitening_eps3e4,complete,5,5,0,outputs/backfill_pr35_A_20260522_155758_sliding_srfnet_whitening_eps3e4_p1_seed42/sliding_window_srfnet_whitening_eps3e4/protocol1_board.csv,outputs/backfill_pr35_A_20260522_155758_sliding_srfnet_whitening_eps3e4_p1_seed42/sliding_window_srfnet_whitening_eps3e4/protocol1_audit.json,outputs/backfill_pr35_A_20260522_155758_sliding_srfnet_whitening_eps3e4_p1_seed42/sliding_window_srfnet_whitening_eps3e4/protocol1_jobs.csv,5,0.6328096533333334,0.048912685506598184,0.5589762666666667,0.6836760000000001
A,remote_protocol_scores_A.tgz,87d75a6bc9818fb7c6b9e2631c9ffb83016e353cae18d99be47b9fba7af70ffe,2026-05-23T23:51:59+0800,backfill_pr35_A_20260522_155835_sliding_srfnet_whitening_eps3e4_p2,outputs/backfill_pr35_A_20260522_155835_sliding_srfnet_whitening_eps3e4_p2/sliding_window_srfnet_whitening_eps3e4,p2_pseudo_public_holdout,sliding_window_srfnet_whitening_eps3e4,complete,8,7,0,outputs/backfill_pr35_A_20260522_155835_sliding_srfnet_whitening_eps3e4_p2/sliding_window_srfnet_whitening_eps3e4/protocol2_board.csv,outputs/backfill_pr35_A_20260522_155835_sliding_srfnet_whitening_eps3e4_p2/sliding_window_srfnet_whitening_eps3e4/protocol2_audit.json,outputs/backfill_pr35_A_20260522_155835_sliding_srfnet_whitening_eps3e4_p2/sliding_window_srfnet_whitening_eps3e4/protocol2_jobs.csv,7,0.6488095238095238,0.06242909810536616,0.5,0.6875
A,remote_protocol_scores_A.tgz,87d75a6bc9818fb7c6b9e2631c9ffb83016e353cae18d99be47b9fba7af70ffe,2026-05-23T23:51:59+0800,backfill_pr35_A_20260522_160445_sliding_srfnet_whitening_eps3e4_p3,outputs/backfill_pr35_A_20260522_160445_sliding_srfnet_whitening_eps3e4_p3/sliding_window_srfnet_whitening_eps3e4,p3_nested_selection,sliding_window_srfnet_whitening_eps3e4,complete,20,5,0,outputs/backfill_pr35_A_20260522_160445_sliding_srfnet_whitening_eps3e4_p3/sliding_window_srfnet_whitening_eps3e4/protocol3_board.csv,outputs/backfill_pr35_A_20260522_160445_sliding_srfnet_whitening_eps3e4_p3/sliding_window_srfnet_whitening_eps3e4/protocol3_audit.json,outputs/backfill_pr35_A_20260522_160445_sliding_srfnet_whitening_eps3e4_p3/sliding_window_srfnet_whitening_eps3e4/protocol3_jobs.csv,5,0.6294402133333333,0.03587475468515182,0.5737437333333334,0.672012
A,remote_protocol_scores_A.tgz,87d75a6bc9818fb7c6b9e2631c9ffb83016e353cae18d99be47b9fba7af70ffe,2026-05-23T23:51:59+0800,backfill_pr35_A_20260522_1900_sliding_srfnet_whitening_eps3e4_p1_seeds123_456,outputs/backfill_pr35_A_20260522_1900_sliding_srfnet_whitening_eps3e4_p1_seeds123_456/sliding_window_srfnet_whitening_eps3e4,p1_repeated_group_kfold,sliding_window_srfnet_whitening_eps3e4,complete,10,10,0,outputs/backfill_pr35_A_20260522_1900_sliding_srfnet_whitening_eps3e4_p1_seeds123_456/sliding_window_srfnet_whitening_eps3e4/protocol1_board.csv,outputs/backfill_pr35_A_20260522_1900_sliding_srfnet_whitening_eps3e4_p1_seeds123_456/sliding_window_srfnet_whitening_eps3e4/protocol1_audit.json,outputs/backfill_pr35_A_20260522_1900_sliding_srfnet_whitening_eps3e4_p1_seeds123_456/sliding_window_srfnet_whitening_eps3e4/protocol1_jobs.csv,10,0.6044222133333333,0.04995755958627105,0.5148522666666666,0.6856866666666667
A,remote_protocol_scores_A.tgz,87d75a6bc9818fb7c6b9e2631c9ffb83016e353cae18d99be47b9fba7af70ffe,2026-05-23T23:51:59+0800,backfill_pr35_A_20260522_210200_sliding_srf_fbstcnet_gate_w6_s1_p1_seed456,outputs/backfill_pr35_A_20260522_210200_sliding_srf_fbstcnet_gate_w6_s1_p1_seed456/sliding_window_srf_fbstcnet_gate_whitening_eps3e4_w6_s1,p1_repeated_group_kfold,sliding_window_srf_fbstcnet_gate_whitening_eps3e4_w6_s1,complete,5,5,0,outputs/backfill_pr35_A_20260522_210200_sliding_srf_fbstcnet_gate_w6_s1_p1_seed456/sliding_window_srf_fbstcnet_gate_whitening_eps3e4_w6_s1/protocol1_board.csv,outputs/backfill_pr35_A_20260522_210200_sliding_srf_fbstcnet_gate_w6_s1_p1_seed456/sliding_window_srf_fbstcnet_gate_whitening_eps3e4_w6_s1/protocol1_audit.json,outputs/backfill_pr35_A_20260522_210200_sliding_srf_fbstcnet_gate_w6_s1_p1_seed456/sliding_window_srf_fbstcnet_gate_whitening_eps3e4_w6_s1/protocol1_jobs.csv,5,0.6463629333333334,0.06658192131749345,0.5671826666666667,0.75904
A,remote_protocol_scores_A.tgz,87d75a6bc9818fb7c6b9e2631c9ffb83016e353cae18d99be47b9fba7af70ffe,2026-05-23T23:51:59+0800,backfill_pr35_A_20260522_211003_sliding_srfnet_whitening_eps3e4_p2_recheck,outputs/backfill_pr35_A_20260522_211003_sliding_srfnet_whitening_eps3e4_p2_recheck/sliding_window_srfnet_whitening_eps3e4,p2_pseudo_public_holdout,sliding_window_srfnet_whitening_eps3e4,complete,8,7,0,outputs/backfill_pr35_A_20260522_211003_sliding_srfnet_whitening_eps3e4_p2_recheck/sliding_window_srfnet_whitening_eps3e4/protocol2_board.csv,outputs/backfill_pr35_A_20260522_211003_sliding_srfnet_whitening_eps3e4_p2_recheck/sliding_window_srfnet_whitening_eps3e4/protocol2_audit.json,outputs/backfill_pr35_A_20260522_211003_sliding_srfnet_whitening_eps3e4_p2_recheck/sliding_window_srfnet_whitening_eps3e4/protocol2_jobs.csv,7,0.6488095238095238,0.06242909810536616,0.5,0.6875
A,remote_protocol_scores_A.tgz,87d75a6bc9818fb7c6b9e2631c9ffb83016e353cae18d99be47b9fba7af70ffe,2026-05-23T23:51:59+0800,backfill_pr35_priority_A_20260522_1750_sliding_srfnet_whitening_eps3e4_p2_seed43,outputs/backfill_pr35_priority_A_20260522_1750_sliding_srfnet_whitening_eps3e4_p2_seed43/sliding_window_srfnet_whitening_eps3e4,p2_pseudo_public_holdout,sliding_window_srfnet_whitening_eps3e4,complete,3,2,0,outputs/backfill_pr35_priority_A_20260522_1750_sliding_srfnet_whitening_eps3e4_p2_seed43/sliding_window_srfnet_whitening_eps3e4/protocol2_board.csv,outputs/backfill_pr35_priority_A_20260522_1750_sliding_srfnet_whitening_eps3e4_p2_seed43/sliding_window_srfnet_whitening_eps3e4/protocol2_audit.json,outputs/backfill_pr35_priority_A_20260522_1750_sliding_srfnet_whitening_eps3e4_p2_seed43/sliding_window_srfnet_whitening_eps3e4/protocol2_jobs.csv,2,0.5104166666666666,0.11458333333333334,0.3958333333333333,0.625
A,remote_protocol_scores_A.tgz,87d75a6bc9818fb7c6b9e2631c9ffb83016e353cae18d99be47b9fba7af70ffe,2026-05-23T23:51:59+0800,backfill_pr35_priority_A_20260522_1756_sliding_srfnet_whitening_eps3e4_p1_extra2,outputs/backfill_pr35_priority_A_20260522_1756_sliding_srfnet_whitening_eps3e4_p1_extra2/sliding_window_srfnet_whitening_eps3e4,p1_repeated_group_kfold,sliding_window_srfnet_whitening_eps3e4,complete,10,10,0,outputs/backfill_pr35_priority_A_20260522_1756_sliding_srfnet_whitening_eps3e4_p1_extra2/sliding_window_srfnet_whitening_eps3e4/protocol1_board.csv,outputs/backfill_pr35_priority_A_20260522_1756_sliding_srfnet_whitening_eps3e4_p1_extra2/sliding_window_srfnet_whitening_eps3e4/protocol1_audit.json,outputs/backfill_pr35_priority_A_20260522_1756_sliding_srfnet_whitening_eps3e4_p1_extra2/sliding_window_srfnet_whitening_eps3e4/protocol1_jobs.csv,10,0.6142021333333334,0.0318147686051201,0.5714085333333333,0.6707266666666668
A,remote_protocol_scores_A.tgz,87d75a6bc9818fb7c6b9e2631c9ffb83016e353cae18d99be47b9fba7af70ffe,2026-05-23T23:51:59+0800,backfill_pr49_A_20260522_1952_noea_eps3e4_mconn_p1_seed42,outputs/backfill_pr49_A_20260522_1952_noea_eps3e4_mconn_p1_seed42/fixed_crop_whitening_eps3e4_fbstcnet_m_conn_light,p1_repeated_group_kfold,fixed_crop_whitening_eps3e4_fbstcnet_m_conn_light,complete,5,5,0,outputs/backfill_pr49_A_20260522_1952_noea_eps3e4_mconn_p1_seed42/fixed_crop_whitening_eps3e4_fbstcnet_m_conn_light/protocol1_board.csv,outputs/backfill_pr49_A_20260522_1952_noea_eps3e4_mconn_p1_seed42/fixed_crop_whitening_eps3e4_fbstcnet_m_conn_light/protocol1_audit.json,outputs/backfill_pr49_A_20260522_1952_noea_eps3e4_mconn_p1_seed42/fixed_crop_whitening_eps3e4_fbstcnet_m_conn_light/protocol1_jobs.csv,5,0.7107004266666668,0.03670141110179946,0.6508509333333334,0.7613973333333335
A,remote_protocol_scores_A.tgz,87d75a6bc9818fb7c6b9e2631c9ffb83016e353cae18d99be47b9fba7af70ffe,2026-05-23T23:51:59+0800,backfill_pr49_A_20260522_2013_fixed_crop_car_fbstcnet_p2,outputs/backfill_pr49_A_20260522_2013_fixed_crop_car_fbstcnet_p2/fixed_crop_car_fbstcnet,p2_pseudo_public_holdout,fixed_crop_car_fbstcnet,complete,8,7,0,outputs/backfill_pr49_A_20260522_2013_fixed_crop_car_fbstcnet_p2/fixed_crop_car_fbstcnet/protocol2_board.csv,outputs/backfill_pr49_A_20260522_2013_fixed_crop_car_fbstcnet_p2/fixed_crop_car_fbstcnet/protocol2_audit.json,outputs/backfill_pr49_A_20260522_2013_fixed_crop_car_fbstcnet_p2/fixed_crop_car_fbstcnet/protocol2_jobs.csv,7,0.6755952380952381,0.13309928437498747,0.3541666666666667,0.7708333333333334
A,remote_protocol_scores_A.tgz,87d75a6bc9818fb7c6b9e2631c9ffb83016e353cae18d99be47b9fba7af70ffe,2026-05-23T23:51:59+0800,backfill_pr49_A_20260522_2023_fixed_crop_car_fbstcnet_p1_seed789,outputs/backfill_pr49_A_20260522_2023_fixed_crop_car_fbstcnet_p1_seed789/fixed_crop_car_fbstcnet,p1_repeated_group_kfold,fixed_crop_car_fbstcnet,complete,5,5,0,outputs/backfill_pr49_A_20260522_2023_fixed_crop_car_fbstcnet_p1_seed789/fixed_crop_car_fbstcnet/protocol1_board.csv,outputs/backfill_pr49_A_20260522_2023_fixed_crop_car_fbstcnet_p1_seed789/fixed_crop_car_fbstcnet/protocol1_audit.json,outputs/backfill_pr49_A_20260522_2023_fixed_crop_car_fbstcnet_p1_seed789/fixed_crop_car_fbstcnet/protocol1_jobs.csv,5,0.71066768,0.045510694079082356,0.6371306666666666,0.761108
A,remote_protocol_scores_A.tgz,87d75a6bc9818fb7c6b9e2631c9ffb83016e353cae18d99be47b9fba7af70ffe,2026-05-23T23:51:59+0800,backfill_pr49_A_20260522_2023_fixed_crop_car_fbstcnet_p3,outputs/backfill_pr49_A_20260522_2023_fixed_crop_car_fbstcnet_p3/fixed_crop_car_fbstcnet,p3_nested_selection,fixed_crop_car_fbstcnet,complete,20,5,0,outputs/backfill_pr49_A_20260522_2023_fixed_crop_car_fbstcnet_p3/fixed_crop_car_fbstcnet/protocol3_board.csv,outputs/backfill_pr49_A_20260522_2023_fixed_crop_car_fbstcnet_p3/fixed_crop_car_fbstcnet/protocol3_audit.json,outputs/backfill_pr49_A_20260522_2023_fixed_crop_car_fbstcnet_p3/fixed_crop_car_fbstcnet/protocol3_jobs.csv,5,0.7249589866666666,0.03793880106230502,0.6859613333333332,0.791696
A,remote_protocol_scores_A.tgz,87d75a6bc9818fb7c6b9e2631c9ffb83016e353cae18d99be47b9fba7af70ffe,2026-05-23T23:51:59+0800,backfill_queue_A_20260522_211741_fixed_crop_ea_lggnet_p1_seed789,outputs/backfill_queue_A_20260522_211741_fixed_crop_ea_lggnet_p1_seed789/fixed_crop_ea_lggnet,p1_repeated_group_kfold,fixed_crop_ea_lggnet,complete,5,5,0,outputs/backfill_queue_A_20260522_211741_fixed_crop_ea_lggnet_p1_seed789/fixed_crop_ea_lggnet/protocol1_board.csv,outputs/backfill_queue_A_20260522_211741_fixed_crop_ea_lggnet_p1_seed789/fixed_crop_ea_lggnet/protocol1_audit.json,outputs/backfill_queue_A_20260522_211741_fixed_crop_ea_lggnet_p1_seed789/fixed_crop_ea_lggnet/protocol1_jobs.csv,5,0.6576021866666666,0.032146035979722286,0.6072269333333333,0.6953325333333332
A,remote_protocol_scores_A.tgz,87d75a6bc9818fb7c6b9e2631c9ffb83016e353cae18d99be47b9fba7af70ffe,2026-05-23T23:51:59+0800,backfill_queue_A_20260522_211741_fixed_crop_ea_tsception_train_aug_p1_seed1024,outputs/backfill_queue_A_20260522_211741_fixed_crop_ea_tsception_train_aug_p1_seed1024/fixed_crop_ea_tsception_train_aug,p1_repeated_group_kfold,fixed_crop_ea_tsception_train_aug,complete,5,5,0,outputs/backfill_queue_A_20260522_211741_fixed_crop_ea_tsception_train_aug_p1_seed1024/fixed_crop_ea_tsception_train_aug/protocol1_board.csv,outputs/backfill_queue_A_20260522_211741_fixed_crop_ea_tsception_train_aug_p1_seed1024/fixed_crop_ea_tsception_train_aug/protocol1_audit.json,outputs/backfill_queue_A_20260522_211741_fixed_crop_ea_tsception_train_aug_p1_seed1024/fixed_crop_ea_tsception_train_aug/protocol1_jobs.csv,5,0.6351699733333334,0.034560398003716464,0.5879088,0.6953314666666667
A,remote_protocol_scores_A.tgz,87d75a6bc9818fb7c6b9e2631c9ffb83016e353cae18d99be47b9fba7af70ffe,2026-05-23T23:51:59+0800,backfill_queue_A_20260522_211741_sliding_ea_dgcnn_w6_s1_p1_seed123_CR_,outputs/backfill_queue_A_20260522_211741_sliding_ea_dgcnn_w6_s1_p1_seed123_CR_/sliding_ea_dgcnn_w6_s1,p1_repeated_group_kfold,sliding_ea_dgcnn_w6_s1,complete,5,5,0,outputs/backfill_queue_A_20260522_211741_sliding_ea_dgcnn_w6_s1_p1_seed123_CR_/sliding_ea_dgcnn_w6_s1/protocol1_board.csv,outputs/backfill_queue_A_20260522_211741_sliding_ea_dgcnn_w6_s1_p1_seed123_CR_/sliding_ea_dgcnn_w6_s1/protocol1_audit.json,outputs/backfill_queue_A_20260522_211741_sliding_ea_dgcnn_w6_s1_p1_seed123_CR_/sliding_ea_dgcnn_w6_s1/protocol1_jobs.csv,5,0.6391354666666665,0.06224226344127704,0.5548613333333333,0.7286613333333333
A,remote_protocol_scores_A.tgz,87d75a6bc9818fb7c6b9e2631c9ffb83016e353cae18d99be47b9fba7af70ffe,2026-05-23T23:51:59+0800,backfill_sliding_A_20260522_2000_mconn_w8_s0p5_p2,outputs/backfill_sliding_A_20260522_2000_mconn_w8_s0p5_p2/sliding_ea_fbstcnet_m_conn_w8_s0p5,p2_pseudo_public_holdout,sliding_ea_fbstcnet_m_conn_w8_s0p5,complete,8,7,0,outputs/backfill_sliding_A_20260522_2000_mconn_w8_s0p5_p2/sliding_ea_fbstcnet_m_conn_w8_s0p5/protocol2_board.csv,outputs/backfill_sliding_A_20260522_2000_mconn_w8_s0p5_p2/sliding_ea_fbstcnet_m_conn_w8_s0p5/protocol2_audit.json,outputs/backfill_sliding_A_20260522_2000_mconn_w8_s0p5_p2/sliding_ea_fbstcnet_m_conn_w8_s0p5/protocol2_jobs.csv,7,0.6726190476190476,0.030929478706587115,0.6041666666666666,0.7083333333333334
A,remote_protocol_scores_A.tgz,87d75a6bc9818fb7c6b9e2631c9ffb83016e353cae18d99be47b9fba7af70ffe,2026-05-23T23:51:59+0800,backfill_sliding_A_20260522_2013_mconn_w6_s1_p2,outputs/backfill_sliding_A_20260522_2013_mconn_w6_s1_p2/sliding_ea_fbstcnet_m_conn_w6_s1,p2_pseudo_public_holdout,sliding_ea_fbstcnet_m_conn_w6_s1,complete,8,7,0,outputs/backfill_sliding_A_20260522_2013_mconn_w6_s1_p2/sliding_ea_fbstcnet_m_conn_w6_s1/protocol2_board.csv,outputs/backfill_sliding_A_20260522_2013_mconn_w6_s1_p2/sliding_ea_fbstcnet_m_conn_w6_s1/protocol2_audit.json,outputs/backfill_sliding_A_20260522_2013_mconn_w6_s1_p2/sliding_ea_fbstcnet_m_conn_w6_s1/protocol2_jobs.csv,7,0.6488095238095237,0.062429098105366156,0.5,0.6875
A,remote_protocol_scores_A.tgz,87d75a6bc9818fb7c6b9e2631c9ffb83016e353cae18d99be47b9fba7af70ffe,2026-05-23T23:51:59+0800,backfill_util_A_20260522_211119_fixed_crop_ea_fbcnet_train_aug_p1_seed1024,outputs/backfill_util_A_20260522_211119_fixed_crop_ea_fbcnet_train_aug_p1_seed1024/fixed_crop_ea_fbcnet_train_aug,p1_repeated_group_kfold,fixed_crop_ea_fbcnet_train_aug,complete,5,5,0,outputs/backfill_util_A_20260522_211119_fixed_crop_ea_fbcnet_train_aug_p1_seed1024/fixed_crop_ea_fbcnet_train_aug/protocol1_board.csv,outputs/backfill_util_A_20260522_211119_fixed_crop_ea_fbcnet_train_aug_p1_seed1024/fixed_crop_ea_fbcnet_train_aug/protocol1_audit.json,outputs/backfill_util_A_20260522_211119_fixed_crop_ea_fbcnet_train_aug_p1_seed1024/fixed_crop_ea_fbcnet_train_aug/protocol1_jobs.csv,5,0.6474922133333333,0.050110186328297654,0.5943914666666666,0.7224253333333333
A,remote_protocol_scores_A.tgz,87d75a6bc9818fb7c6b9e2631c9ffb83016e353cae18d99be47b9fba7af70ffe,2026-05-23T23:51:59+0800,backfill_util_A_20260522_211253_fixed_crop_ea_deformer_depth1_emb64_p1_seed1024,outputs/backfill_util_A_20260522_211253_fixed_crop_ea_deformer_depth1_emb64_p1_seed1024/fixed_crop_ea_deformer_depth1_emb64,p1_repeated_group_kfold,fixed_crop_ea_deformer_depth1_emb64,complete,5,5,0,outputs/backfill_util_A_20260522_211253_fixed_crop_ea_deformer_depth1_emb64_p1_seed1024/fixed_crop_ea_deformer_depth1_emb64/protocol1_board.csv,outputs/backfill_util_A_20260522_211253_fixed_crop_ea_deformer_depth1_emb64_p1_seed1024/fixed_crop_ea_deformer_depth1_emb64/protocol1_audit.json,outputs/backfill_util_A_20260522_211253_fixed_crop_ea_deformer_depth1_emb64_p1_seed1024/fixed_crop_ea_deformer_depth1_emb64/protocol1_jobs.csv,5,0.6695633066666666,0.03975598209024875,0.6096845333333333,0.7318586666666667
A,remote_protocol_scores_A.tgz,87d75a6bc9818fb7c6b9e2631c9ffb83016e353cae18d99be47b9fba7af70ffe,2026-05-23T23:51:59+0800,backfill_util_A_20260522_211528_fixed_crop_ea_deformer_depth1_emb64_p3,outputs/backfill_util_A_20260522_211528_fixed_crop_ea_deformer_depth1_emb64_p3/fixed_crop_ea_deformer_depth1_emb64,p3_nested_selection,fixed_crop_ea_deformer_depth1_emb64,complete,20,5,0,outputs/backfill_util_A_20260522_211528_fixed_crop_ea_deformer_depth1_emb64_p3/fixed_crop_ea_deformer_depth1_emb64/protocol3_board.csv,outputs/backfill_util_A_20260522_211528_fixed_crop_ea_deformer_depth1_emb64_p3/fixed_crop_ea_deformer_depth1_emb64/protocol3_audit.json,outputs/backfill_util_A_20260522_211528_fixed_crop_ea_deformer_depth1_emb64_p3/fixed_crop_ea_deformer_depth1_emb64/protocol3_jobs.csv,5,0.6878409066666668,0.03641664822723195,0.620908,0.7294416
A,remote_protocol_scores_A.tgz,87d75a6bc9818fb7c6b9e2631c9ffb83016e353cae18d99be47b9fba7af70ffe,2026-05-23T23:51:59+0800,backfill_util_A_20260522_212109_fixed_crop_ea_dgcnn_p1_seed456,outputs/backfill_util_A_20260522_212109_fixed_crop_ea_dgcnn_p1_seed456/fixed_crop_ea_dgcnn,p1_repeated_group_kfold,fixed_crop_ea_dgcnn,complete,5,5,0,outputs/backfill_util_A_20260522_212109_fixed_crop_ea_dgcnn_p1_seed456/fixed_crop_ea_dgcnn/protocol1_board.csv,outputs/backfill_util_A_20260522_212109_fixed_crop_ea_dgcnn_p1_seed456/fixed_crop_ea_dgcnn/protocol1_audit.json,outputs/backfill_util_A_20260522_212109_fixed_crop_ea_dgcnn_p1_seed456/fixed_crop_ea_dgcnn/protocol1_jobs.csv,5,0.6731502933333333,0.03944843685883528,0.6291093333333333,0.7328416000000001
A,remote_protocol_scores_A.tgz,87d75a6bc9818fb7c6b9e2631c9ffb83016e353cae18d99be47b9fba7af70ffe,2026-05-23T23:51:59+0800,backfill_util_A_20260522_222544_fixed_crop_ea_whitening_eps3e4_fbstcnet_p3_abs,outputs/backfill_util_A_20260522_222544_fixed_crop_ea_whitening_eps3e4_fbstcnet_p3_abs/fixed_crop_ea_whitening_eps3e4_fbstcnet,p3_nested_selection,fixed_crop_ea_whitening_eps3e4_fbstcnet,complete,20,5,0,outputs/backfill_util_A_20260522_222544_fixed_crop_ea_whitening_eps3e4_fbstcnet_p3_abs/fixed_crop_ea_whitening_eps3e4_fbstcnet/protocol3_board.csv,outputs/backfill_util_A_20260522_222544_fixed_crop_ea_whitening_eps3e4_fbstcnet_p3_abs/fixed_crop_ea_whitening_eps3e4_fbstcnet/protocol3_audit.json,outputs/backfill_util_A_20260522_222544_fixed_crop_ea_whitening_eps3e4_fbstcnet_p3_abs/fixed_crop_ea_whitening_eps3e4_fbstcnet/protocol3_jobs.csv,5,0.7084661866666667,0.02367586844702246,0.683704,0.7488640000000001
A,remote_protocol_scores_A.tgz,87d75a6bc9818fb7c6b9e2631c9ffb83016e353cae18d99be47b9fba7af70ffe,2026-05-23T23:51:59+0800,backfill_util_A_20260522_222546_fixed_crop_ea_whitening_eps1e3_fbstcnet_p3_abs,outputs/backfill_util_A_20260522_222546_fixed_crop_ea_whitening_eps1e3_fbstcnet_p3_abs/fixed_crop_ea_whitening_eps1e3_fbstcnet,p3_nested_selection,fixed_crop_ea_whitening_eps1e3_fbstcnet,complete,20,5,0,outputs/backfill_util_A_20260522_222546_fixed_crop_ea_whitening_eps1e3_fbstcnet_p3_abs/fixed_crop_ea_whitening_eps1e3_fbstcnet/protocol3_board.csv,outputs/backfill_util_A_20260522_222546_fixed_crop_ea_whitening_eps1e3_fbstcnet_p3_abs/fixed_crop_ea_whitening_eps1e3_fbstcnet/protocol3_audit.json,outputs/backfill_util_A_20260522_222546_fixed_crop_ea_whitening_eps1e3_fbstcnet_p3_abs/fixed_crop_ea_whitening_eps1e3_fbstcnet/protocol3_jobs.csv,5,0.7082009066666667,0.02292837189965886,0.6829133333333334,0.7465354666666667
A,remote_protocol_scores_A.tgz,87d75a6bc9818fb7c6b9e2631c9ffb83016e353cae18d99be47b9fba7af70ffe,2026-05-23T23:51:59+0800,backfill_util_A_20260522_222548_fixed_crop_ea_fbstcnet_m_conn_light_p3_abs,outputs/backfill_util_A_20260522_222548_fixed_crop_ea_fbstcnet_m_conn_light_p3_abs/fixed_crop_ea_fbstcnet_m_conn_light,p3_nested_selection,fixed_crop_ea_fbstcnet_m_conn_light,complete,20,5,0,outputs/backfill_util_A_20260522_222548_fixed_crop_ea_fbstcnet_m_conn_light_p3_abs/fixed_crop_ea_fbstcnet_m_conn_light/protocol3_board.csv,outputs/backfill_util_A_20260522_222548_fixed_crop_ea_fbstcnet_m_conn_light_p3_abs/fixed_crop_ea_fbstcnet_m_conn_light/protocol3_audit.json,outputs/backfill_util_A_20260522_222548_fixed_crop_ea_fbstcnet_m_conn_light_p3_abs/fixed_crop_ea_fbstcnet_m_conn_light/protocol3_jobs.csv,5,0.7104354133333334,0.030167210304829686,0.6782546666666667,0.7657226666666667
A,remote_protocol_scores_A.tgz,87d75a6bc9818fb7c6b9e2631c9ffb83016e353cae18d99be47b9fba7af70ffe,2026-05-23T23:51:59+0800,backfill_util_A_20260522_222550_fixed_crop_ea_fbstcnet_c_only_p3_abs,outputs/backfill_util_A_20260522_222550_fixed_crop_ea_fbstcnet_c_only_p3_abs/fixed_crop_ea_fbstcnet_c_only,p3_nested_selection,fixed_crop_ea_fbstcnet_c_only,complete,20,5,0,outputs/backfill_util_A_20260522_222550_fixed_crop_ea_fbstcnet_c_only_p3_abs/fixed_crop_ea_fbstcnet_c_only/protocol3_board.csv,outputs/backfill_util_A_20260522_222550_fixed_crop_ea_fbstcnet_c_only_p3_abs/fixed_crop_ea_fbstcnet_c_only/protocol3_audit.json,outputs/backfill_util_A_20260522_222550_fixed_crop_ea_fbstcnet_c_only_p3_abs/fixed_crop_ea_fbstcnet_c_only/protocol3_jobs.csv,5,0.71244096,0.031001493207725002,0.6816413333333333,0.7664906666666665
A,remote_protocol_scores_A.tgz,87d75a6bc9818fb7c6b9e2631c9ffb83016e353cae18d99be47b9fba7af70ffe,2026-05-23T23:51:59+0800,backfill_value_A_20260522_160815_fixed_crop_ea_dgcnn_p3,outputs/backfill_value_A_20260522_160815_fixed_crop_ea_dgcnn_p3/fixed_crop_ea_dgcnn,p3_nested_selection,fixed_crop_ea_dgcnn,complete,20,5,0,outputs/backfill_value_A_20260522_160815_fixed_crop_ea_dgcnn_p3/fixed_crop_ea_dgcnn/protocol3_board.csv,outputs/backfill_value_A_20260522_160815_fixed_crop_ea_dgcnn_p3/fixed_crop_ea_dgcnn/protocol3_audit.json,outputs/backfill_value_A_20260522_160815_fixed_crop_ea_dgcnn_p3/fixed_crop_ea_dgcnn/protocol3_jobs.csv,5,0.7015716266666667,0.037467617611694766,0.6419026666666666,0.7424706666666667
A,remote_protocol_scores_A.tgz,87d75a6bc9818fb7c6b9e2631c9ffb83016e353cae18d99be47b9fba7af70ffe,2026-05-23T23:51:59+0800,backfill_value_A_20260522_160815_riem_guided_gate_p3,outputs/backfill_value_A_20260522_160815_riem_guided_gate_p3/fixed_crop_ea_fbstcnet_riem_guided_gate,p3_nested_selection,fixed_crop_ea_fbstcnet_riem_guided_gate,complete,20,5,0,outputs/backfill_value_A_20260522_160815_riem_guided_gate_p3/fixed_crop_ea_fbstcnet_riem_guided_gate/protocol3_board.csv,outputs/backfill_value_A_20260522_160815_riem_guided_gate_p3/fixed_crop_ea_fbstcnet_riem_guided_gate/protocol3_audit.json,outputs/backfill_value_A_20260522_160815_riem_guided_gate_p3/fixed_crop_ea_fbstcnet_riem_guided_gate/protocol3_jobs.csv,5,0.7042741333333333,0.029800042399373283,0.6727143999999999,0.7576285333333334
A,remote_protocol_scores_A.tgz,87d75a6bc9818fb7c6b9e2631c9ffb83016e353cae18d99be47b9fba7af70ffe,2026-05-23T23:51:59+0800,backfill_value_A_20260522_160815_sliding_ea_dgcnn_p2,outputs/backfill_value_A_20260522_160815_sliding_ea_dgcnn_p2/sliding_ea_dgcnn_w6_s1,p2_pseudo_public_holdout,sliding_ea_dgcnn_w6_s1,complete,8,7,0,outputs/backfill_value_A_20260522_160815_sliding_ea_dgcnn_p2/sliding_ea_dgcnn_w6_s1/protocol2_board.csv,outputs/backfill_value_A_20260522_160815_sliding_ea_dgcnn_p2/sliding_ea_dgcnn_w6_s1/protocol2_audit.json,outputs/backfill_value_A_20260522_160815_sliding_ea_dgcnn_p2/sliding_ea_dgcnn_w6_s1/protocol2_jobs.csv,7,0.6875,0.06099375455928334,0.5416666666666666,0.7291666666666666
A,remote_protocol_scores_A.tgz,87d75a6bc9818fb7c6b9e2631c9ffb83016e353cae18d99be47b9fba7af70ffe,2026-05-23T23:51:59+0800,backfill_value_A_20260522_162710_deformer_depth3_emb64_p3,outputs/backfill_value_A_20260522_162710_deformer_depth3_emb64_p3/fixed_crop_ea_deformer_depth3_emb64,p3_nested_selection,fixed_crop_ea_deformer_depth3_emb64,complete,20,5,0,outputs/backfill_value_A_20260522_162710_deformer_depth3_emb64_p3/fixed_crop_ea_deformer_depth3_emb64/protocol3_board.csv,outputs/backfill_value_A_20260522_162710_deformer_depth3_emb64_p3/fixed_crop_ea_deformer_depth3_emb64/protocol3_audit.json,outputs/backfill_value_A_20260522_162710_deformer_depth3_emb64_p3/fixed_crop_ea_deformer_depth3_emb64/protocol3_jobs.csv,5,0.6772304533333334,0.03524459379936857,0.6206522666666666,0.7211181333333333
A,remote_protocol_scores_A.tgz,87d75a6bc9818fb7c6b9e2631c9ffb83016e353cae18d99be47b9fba7af70ffe,2026-05-23T23:51:59+0800,backfill_value_A_20260522_162710_fixed_crop_ea_lggnet_p3,outputs/backfill_value_A_20260522_162710_fixed_crop_ea_lggnet_p3/fixed_crop_ea_lggnet,p3_nested_selection,fixed_crop_ea_lggnet,complete,20,5,0,outputs/backfill_value_A_20260522_162710_fixed_crop_ea_lggnet_p3/fixed_crop_ea_lggnet/protocol3_board.csv,outputs/backfill_value_A_20260522_162710_fixed_crop_ea_lggnet_p3/fixed_crop_ea_lggnet/protocol3_audit.json,outputs/backfill_value_A_20260522_162710_fixed_crop_ea_lggnet_p3/fixed_crop_ea_lggnet/protocol3_jobs.csv,5,0.6550615466666667,0.022130295140810458,0.6275490666666667,0.6822754666666667
A,remote_protocol_scores_A.tgz,87d75a6bc9818fb7c6b9e2631c9ffb83016e353cae18d99be47b9fba7af70ffe,2026-05-23T23:51:59+0800,backfill_value_A_20260522_162710_fixed_crop_ea_tsception_p3,outputs/backfill_value_A_20260522_162710_fixed_crop_ea_tsception_p3/fixed_crop_ea_tsception,p3_nested_selection,fixed_crop_ea_tsception,complete,20,5,0,outputs/backfill_value_A_20260522_162710_fixed_crop_ea_tsception_p3/fixed_crop_ea_tsception/protocol3_board.csv,outputs/backfill_value_A_20260522_162710_fixed_crop_ea_tsception_p3/fixed_crop_ea_tsception/protocol3_audit.json,outputs/backfill_value_A_20260522_162710_fixed_crop_ea_tsception_p3/fixed_crop_ea_tsception/protocol3_jobs.csv,5,0.6434515733333332,0.03996188768121944,0.5765909333333333,0.6890864
A,remote_protocol_scores_A.tgz,87d75a6bc9818fb7c6b9e2631c9ffb83016e353cae18d99be47b9fba7af70ffe,2026-05-23T23:51:59+0800,backfill_value_A_20260522_163555_fixed_crop_ea_fbcnet_p3,outputs/backfill_value_A_20260522_163555_fixed_crop_ea_fbcnet_p3/fixed_crop_ea_fbcnet,p3_nested_selection,fixed_crop_ea_fbcnet,complete,20,5,0,outputs/backfill_value_A_20260522_163555_fixed_crop_ea_fbcnet_p3/fixed_crop_ea_fbcnet/protocol3_board.csv,outputs/backfill_value_A_20260522_163555_fixed_crop_ea_fbcnet_p3/fixed_crop_ea_fbcnet/protocol3_audit.json,outputs/backfill_value_A_20260522_163555_fixed_crop_ea_fbcnet_p3/fixed_crop_ea_fbcnet/protocol3_jobs.csv,5,0.6444006933333334,0.028083825203513726,0.6120194666666666,0.6806144
A,remote_protocol_scores_A.tgz,87d75a6bc9818fb7c6b9e2631c9ffb83016e353cae18d99be47b9fba7af70ffe,2026-05-23T23:51:59+0800,backfill_value_A_20260522_163555_fixed_crop_ea_fbcnet_train_aug_p2,outputs/backfill_value_A_20260522_163555_fixed_crop_ea_fbcnet_train_aug_p2/fixed_crop_ea_fbcnet_train_aug,p2_pseudo_public_holdout,fixed_crop_ea_fbcnet_train_aug,complete,8,7,0,outputs/backfill_value_A_20260522_163555_fixed_crop_ea_fbcnet_train_aug_p2/fixed_crop_ea_fbcnet_train_aug/protocol2_board.csv,outputs/backfill_value_A_20260522_163555_fixed_crop_ea_fbcnet_train_aug_p2/fixed_crop_ea_fbcnet_train_aug/protocol2_audit.json,outputs/backfill_value_A_20260522_163555_fixed_crop_ea_fbcnet_train_aug_p2/fixed_crop_ea_fbcnet_train_aug/protocol2_jobs.csv,7,0.5535714285714286,0.16846394878672505,0.14583333333333334,0.6666666666666666
A,remote_protocol_scores_A.tgz,87d75a6bc9818fb7c6b9e2631c9ffb83016e353cae18d99be47b9fba7af70ffe,2026-05-23T23:51:59+0800,backfill_value_A_20260522_165405_fixed_crop_ea_fbcnet_train_aug_p3,outputs/backfill_value_A_20260522_165405_fixed_crop_ea_fbcnet_train_aug_p3/fixed_crop_ea_fbcnet_train_aug,p3_nested_selection,fixed_crop_ea_fbcnet_train_aug,complete,20,5,0,outputs/backfill_value_A_20260522_165405_fixed_crop_ea_fbcnet_train_aug_p3/fixed_crop_ea_fbcnet_train_aug/protocol3_board.csv,outputs/backfill_value_A_20260522_165405_fixed_crop_ea_fbcnet_train_aug_p3/fixed_crop_ea_fbcnet_train_aug/protocol3_audit.json,outputs/backfill_value_A_20260522_165405_fixed_crop_ea_fbcnet_train_aug_p3/fixed_crop_ea_fbcnet_train_aug/protocol3_jobs.csv,5,0.64102704,0.02779428147616305,0.6114816,0.6814962666666667
A,remote_protocol_scores_A.tgz,87d75a6bc9818fb7c6b9e2631c9ffb83016e353cae18d99be47b9fba7af70ffe,2026-05-23T23:51:59+0800,backfill_value_A_20260522_165405_fixed_crop_ea_tsception_train_aug_p3,outputs/backfill_value_A_20260522_165405_fixed_crop_ea_tsception_train_aug_p3/fixed_crop_ea_tsception_train_aug,p3_nested_selection,fixed_crop_ea_tsception_train_aug,complete,20,5,0,outputs/backfill_value_A_20260522_165405_fixed_crop_ea_tsception_train_aug_p3/fixed_crop_ea_tsception_train_aug/protocol3_board.csv,outputs/backfill_value_A_20260522_165405_fixed_crop_ea_tsception_train_aug_p3/fixed_crop_ea_tsception_train_aug/protocol3_audit.json,outputs/backfill_value_A_20260522_165405_fixed_crop_ea_tsception_train_aug_p3/fixed_crop_ea_tsception_train_aug/protocol3_jobs.csv,5,0.6558165333333335,0.04566932597703238,0.5780306666666667,0.7031842666666668
A,remote_protocol_scores_A.tgz,87d75a6bc9818fb7c6b9e2631c9ffb83016e353cae18d99be47b9fba7af70ffe,2026-05-23T23:51:59+0800,backfill_value_A_20260522_170610_fixed_crop_ea_fbcnet_p3,outputs/backfill_value_A_20260522_170610_fixed_crop_ea_fbcnet_p3/fixed_crop_ea_fbcnet,p3_nested_selection,fixed_crop_ea_fbcnet,complete,20,5,0,outputs/backfill_value_A_20260522_170610_fixed_crop_ea_fbcnet_p3/fixed_crop_ea_fbcnet/protocol3_board.csv,outputs/backfill_value_A_20260522_170610_fixed_crop_ea_fbcnet_p3/fixed_crop_ea_fbcnet/protocol3_audit.json,outputs/backfill_value_A_20260522_170610_fixed_crop_ea_fbcnet_p3/fixed_crop_ea_fbcnet/protocol3_jobs.csv,5,0.6444006933333334,0.028083825203513726,0.6120194666666666,0.6806144
A,remote_protocol_scores_A.tgz,87d75a6bc9818fb7c6b9e2631c9ffb83016e353cae18d99be47b9fba7af70ffe,2026-05-23T23:51:59+0800,backfill_value_A_20260522_172025_fixed_crop_ea_tsception_p3,outputs/backfill_value_A_20260522_172025_fixed_crop_ea_tsception_p3/fixed_crop_ea_tsception,p3_nested_selection,fixed_crop_ea_tsception,complete,20,5,0,outputs/backfill_value_A_20260522_172025_fixed_crop_ea_tsception_p3/fixed_crop_ea_tsception/protocol3_board.csv,outputs/backfill_value_A_20260522_172025_fixed_crop_ea_tsception_p3/fixed_crop_ea_tsception/protocol3_audit.json,outputs/backfill_value_A_20260522_172025_fixed_crop_ea_tsception_p3/fixed_crop_ea_tsception/protocol3_jobs.csv,5,0.6434515733333332,0.03996188768121944,0.5765909333333333,0.6890864
A,remote_protocol_scores_A.tgz,87d75a6bc9818fb7c6b9e2631c9ffb83016e353cae18d99be47b9fba7af70ffe,2026-05-23T23:51:59+0800,backfill_value_A_20260522_172210_deformer_depth2_emb96_p3,outputs/backfill_value_A_20260522_172210_deformer_depth2_emb96_p3/fixed_crop_ea_deformer_depth2_emb96,p3_nested_selection,fixed_crop_ea_deformer_depth2_emb96,complete,20,5,0,outputs/backfill_value_A_20260522_172210_deformer_depth2_emb96_p3/fixed_crop_ea_deformer_depth2_emb96/protocol3_board.csv,outputs/backfill_value_A_20260522_172210_deformer_depth2_emb96_p3/fixed_crop_ea_deformer_depth2_emb96/protocol3_audit.json,outputs/backfill_value_A_20260522_172210_deformer_depth2_emb96_p3/fixed_crop_ea_deformer_depth2_emb96/protocol3_jobs.csv,5,0.6803950933333333,0.03468739753539961,0.6286037333333333,0.7227306666666667
A,remote_protocol_scores_A.tgz,87d75a6bc9818fb7c6b9e2631c9ffb83016e353cae18d99be47b9fba7af70ffe,2026-05-23T23:51:59+0800,backfill_value_A_20260522_1812_fixed_crop_ea_dgcnn_p3,outputs/backfill_value_A_20260522_1812_fixed_crop_ea_dgcnn_p3/fixed_crop_ea_dgcnn,p3_nested_selection,fixed_crop_ea_dgcnn,complete,20,5,0,outputs/backfill_value_A_20260522_1812_fixed_crop_ea_dgcnn_p3/fixed_crop_ea_dgcnn/protocol3_board.csv,outputs/backfill_value_A_20260522_1812_fixed_crop_ea_dgcnn_p3/fixed_crop_ea_dgcnn/protocol3_audit.json,outputs/backfill_value_A_20260522_1812_fixed_crop_ea_dgcnn_p3/fixed_crop_ea_dgcnn/protocol3_jobs.csv,5,0.7015716266666667,0.037467617611694766,0.6419026666666666,0.7424706666666667
A,remote_protocol_scores_A.tgz,87d75a6bc9818fb7c6b9e2631c9ffb83016e353cae18d99be47b9fba7af70ffe,2026-05-23T23:51:59+0800,backfill_value_A_20260522_1814_fixed_crop_ea_fbcnet_train_aug_p3,outputs/backfill_value_A_20260522_1814_fixed_crop_ea_fbcnet_train_aug_p3/fixed_crop_ea_fbcnet_train_aug,p3_nested_selection,fixed_crop_ea_fbcnet_train_aug,complete,20,5,0,outputs/backfill_value_A_20260522_1814_fixed_crop_ea_fbcnet_train_aug_p3/fixed_crop_ea_fbcnet_train_aug/protocol3_board.csv,outputs/backfill_value_A_20260522_1814_fixed_crop_ea_fbcnet_train_aug_p3/fixed_crop_ea_fbcnet_train_aug/protocol3_audit.json,outputs/backfill_value_A_20260522_1814_fixed_crop_ea_fbcnet_train_aug_p3/fixed_crop_ea_fbcnet_train_aug/protocol3_jobs.csv,5,0.64102704,0.02779428147616305,0.6114816,0.6814962666666667
A,remote_protocol_scores_A.tgz,87d75a6bc9818fb7c6b9e2631c9ffb83016e353cae18d99be47b9fba7af70ffe,2026-05-23T23:51:59+0800,backfill_value_A_20260522_1814_sliding_ea_dgcnn_coral_p2,outputs/backfill_value_A_20260522_1814_sliding_ea_dgcnn_coral_p2/sliding_ea_dgcnn_coral_cohort_w6_s1,p2_pseudo_public_holdout,sliding_ea_dgcnn_coral_cohort_w6_s1,complete,8,7,0,outputs/backfill_value_A_20260522_1814_sliding_ea_dgcnn_coral_p2/sliding_ea_dgcnn_coral_cohort_w6_s1/protocol2_board.csv,outputs/backfill_value_A_20260522_1814_sliding_ea_dgcnn_coral_p2/sliding_ea_dgcnn_coral_cohort_w6_s1/protocol2_audit.json,outputs/backfill_value_A_20260522_1814_sliding_ea_dgcnn_coral_p2/sliding_ea_dgcnn_coral_cohort_w6_s1/protocol2_jobs.csv,7,0.7053571428571429,0.06628290908130978,0.5625,0.7916666666666666
A,remote_protocol_scores_A.tgz,87d75a6bc9818fb7c6b9e2631c9ffb83016e353cae18d99be47b9fba7af70ffe,2026-05-23T23:51:59+0800,backfill_value_A_20260522_1816_deformer_depth3_emb64_p3,outputs/backfill_value_A_20260522_1816_deformer_depth3_emb64_p3/fixed_crop_ea_deformer_depth3_emb64,p3_nested_selection,fixed_crop_ea_deformer_depth3_emb64,complete,20,5,0,outputs/backfill_value_A_20260522_1816_deformer_depth3_emb64_p3/fixed_crop_ea_deformer_depth3_emb64/protocol3_board.csv,outputs/backfill_value_A_20260522_1816_deformer_depth3_emb64_p3/fixed_crop_ea_deformer_depth3_emb64/protocol3_audit.json,outputs/backfill_value_A_20260522_1816_deformer_depth3_emb64_p3/fixed_crop_ea_deformer_depth3_emb64/protocol3_jobs.csv,5,0.6772304533333334,0.03524459379936857,0.6206522666666666,0.7211181333333333
A,remote_protocol_scores_A.tgz,87d75a6bc9818fb7c6b9e2631c9ffb83016e353cae18d99be47b9fba7af70ffe,2026-05-23T23:51:59+0800,backfill_value_A_20260522_1816_fixed_crop_ea_tsception_train_aug_p3,outputs/backfill_value_A_20260522_1816_fixed_crop_ea_tsception_train_aug_p3/fixed_crop_ea_tsception_train_aug,p3_nested_selection,fixed_crop_ea_tsception_train_aug,complete,20,5,0,outputs/backfill_value_A_20260522_1816_fixed_crop_ea_tsception_train_aug_p3/fixed_crop_ea_tsception_train_aug/protocol3_board.csv,outputs/backfill_value_A_20260522_1816_fixed_crop_ea_tsception_train_aug_p3/fixed_crop_ea_tsception_train_aug/protocol3_audit.json,outputs/backfill_value_A_20260522_1816_fixed_crop_ea_tsception_train_aug_p3/fixed_crop_ea_tsception_train_aug/protocol3_jobs.csv,5,0.6558165333333335,0.04566932597703238,0.5780306666666667,0.7031842666666668
A,remote_protocol_scores_A.tgz,87d75a6bc9818fb7c6b9e2631c9ffb83016e353cae18d99be47b9fba7af70ffe,2026-05-23T23:51:59+0800,backfill_value_A_20260522_1820_fixed_crop_ea_fbcnet_p3,outputs/backfill_value_A_20260522_1820_fixed_crop_ea_fbcnet_p3/fixed_crop_ea_fbcnet,p3_nested_selection,fixed_crop_ea_fbcnet,complete,20,5,0,outputs/backfill_value_A_20260522_1820_fixed_crop_ea_fbcnet_p3/fixed_crop_ea_fbcnet/protocol3_board.csv,outputs/backfill_value_A_20260522_1820_fixed_crop_ea_fbcnet_p3/fixed_crop_ea_fbcnet/protocol3_audit.json,outputs/backfill_value_A_20260522_1820_fixed_crop_ea_fbcnet_p3/fixed_crop_ea_fbcnet/protocol3_jobs.csv,5,0.6444006933333334,0.028083825203513726,0.6120194666666666,0.6806144
A,remote_protocol_scores_A.tgz,87d75a6bc9818fb7c6b9e2631c9ffb83016e353cae18d99be47b9fba7af70ffe,2026-05-23T23:51:59+0800,backfill_value_A_20260522_1831_fixed_crop_ea_lggnet_p3,outputs/backfill_value_A_20260522_1831_fixed_crop_ea_lggnet_p3/fixed_crop_ea_lggnet,p3_nested_selection,fixed_crop_ea_lggnet,complete,20,5,0,outputs/backfill_value_A_20260522_1831_fixed_crop_ea_lggnet_p3/fixed_crop_ea_lggnet/protocol3_board.csv,outputs/backfill_value_A_20260522_1831_fixed_crop_ea_lggnet_p3/fixed_crop_ea_lggnet/protocol3_audit.json,outputs/backfill_value_A_20260522_1831_fixed_crop_ea_lggnet_p3/fixed_crop_ea_lggnet/protocol3_jobs.csv,5,0.6550615466666667,0.022130295140810458,0.6275490666666667,0.6822754666666667
A,remote_protocol_scores_A.tgz,87d75a6bc9818fb7c6b9e2631c9ffb83016e353cae18d99be47b9fba7af70ffe,2026-05-23T23:51:59+0800,backfill_value_A_20260522_1834_fixed_crop_ea_tsception_p3,outputs/backfill_value_A_20260522_1834_fixed_crop_ea_tsception_p3/fixed_crop_ea_tsception,p3_nested_selection,fixed_crop_ea_tsception,complete,20,5,0,outputs/backfill_value_A_20260522_1834_fixed_crop_ea_tsception_p3/fixed_crop_ea_tsception/protocol3_board.csv,outputs/backfill_value_A_20260522_1834_fixed_crop_ea_tsception_p3/fixed_crop_ea_tsception/protocol3_audit.json,outputs/backfill_value_A_20260522_1834_fixed_crop_ea_tsception_p3/fixed_crop_ea_tsception/protocol3_jobs.csv,5,0.6434515733333332,0.03996188768121944,0.5765909333333333,0.6890864
A,remote_protocol_scores_A.tgz,87d75a6bc9818fb7c6b9e2631c9ffb83016e353cae18d99be47b9fba7af70ffe,2026-05-23T23:51:59+0800,pr44_A_20260522_145228_fixed_crop_whitening_eps3e4_fbstcnet_m_conn_light_p1,outputs/pr44_A_20260522_145228_fixed_crop_whitening_eps3e4_fbstcnet_m_conn_light_p1/fixed_crop_whitening_eps3e4_fbstcnet_m_conn_light,p1_repeated_group_kfold,fixed_crop_whitening_eps3e4_fbstcnet_m_conn_light,complete,5,5,0,outputs/pr44_A_20260522_145228_fixed_crop_whitening_eps3e4_fbstcnet_m_conn_light_p1/fixed_crop_whitening_eps3e4_fbstcnet_m_conn_light/protocol1_board.csv,outputs/pr44_A_20260522_145228_fixed_crop_whitening_eps3e4_fbstcnet_m_conn_light_p1/fixed_crop_whitening_eps3e4_fbstcnet_m_conn_light/protocol1_audit.json,outputs/pr44_A_20260522_145228_fixed_crop_whitening_eps3e4_fbstcnet_m_conn_light_p1/fixed_crop_whitening_eps3e4_fbstcnet_m_conn_light/protocol1_jobs.csv,5,0.7107004266666668,0.03670141110179946,0.6508509333333334,0.7613973333333335
A,remote_protocol_scores_A.tgz,87d75a6bc9818fb7c6b9e2631c9ffb83016e353cae18d99be47b9fba7af70ffe,2026-05-23T23:51:59+0800,pr44_A_20260522_145231_fixed_crop_whitening_eps1e3_fbstcnet_m_conn_light_p2,outputs/pr44_A_20260522_145231_fixed_crop_whitening_eps1e3_fbstcnet_m_conn_light_p2/fixed_crop_whitening_eps1e3_fbstcnet_m_conn_light,p2_pseudo_public_holdout,fixed_crop_whitening_eps1e3_fbstcnet_m_conn_light,complete,8,7,0,outputs/pr44_A_20260522_145231_fixed_crop_whitening_eps1e3_fbstcnet_m_conn_light_p2/fixed_crop_whitening_eps1e3_fbstcnet_m_conn_light/protocol2_board.csv,outputs/pr44_A_20260522_145231_fixed_crop_whitening_eps1e3_fbstcnet_m_conn_light_p2/fixed_crop_whitening_eps1e3_fbstcnet_m_conn_light/protocol2_audit.json,outputs/pr44_A_20260522_145231_fixed_crop_whitening_eps1e3_fbstcnet_m_conn_light_p2/fixed_crop_whitening_eps1e3_fbstcnet_m_conn_light/protocol2_jobs.csv,7,0.6517857142857143,0.1517565331426424,0.2916666666666667,0.7708333333333334
A,remote_protocol_scores_A.tgz,87d75a6bc9818fb7c6b9e2631c9ffb83016e353cae18d99be47b9fba7af70ffe,2026-05-23T23:51:59+0800,pr44_promote_A_20260522_152344_ea_eps3e4_mconn_extra_seeds_p1,outputs/pr44_promote_A_20260522_152344_ea_eps3e4_mconn_extra_seeds_p1/fixed_crop_ea_whitening_eps3e4_fbstcnet_m_conn_light,p1_repeated_group_kfold,fixed_crop_ea_whitening_eps3e4_fbstcnet_m_conn_light,complete,10,10,0,outputs/pr44_promote_A_20260522_152344_ea_eps3e4_mconn_extra_seeds_p1/fixed_crop_ea_whitening_eps3e4_fbstcnet_m_conn_light/protocol1_board.csv,outputs/pr44_promote_A_20260522_152344_ea_eps3e4_mconn_extra_seeds_p1/fixed_crop_ea_whitening_eps3e4_fbstcnet_m_conn_light/protocol1_audit.json,outputs/pr44_promote_A_20260522_152344_ea_eps3e4_mconn_extra_seeds_p1/fixed_crop_ea_whitening_eps3e4_fbstcnet_m_conn_light/protocol1_jobs.csv,10,0.7023404266666666,0.050894081201624135,0.614588,0.7905904
A,remote_protocol_scores_A.tgz,87d75a6bc9818fb7c6b9e2631c9ffb83016e353cae18d99be47b9fba7af70ffe,2026-05-23T23:51:59+0800,pr44_promote_A_20260522_152347_noea_eps1e3_mconn_p3,outputs/pr44_promote_A_20260522_152347_noea_eps1e3_mconn_p3/fixed_crop_whitening_eps1e3_fbstcnet_m_conn_light,p3_nested_selection,fixed_crop_whitening_eps1e3_fbstcnet_m_conn_light,complete,20,5,0,outputs/pr44_promote_A_20260522_152347_noea_eps1e3_mconn_p3/fixed_crop_whitening_eps1e3_fbstcnet_m_conn_light/protocol3_board.csv,outputs/pr44_promote_A_20260522_152347_noea_eps1e3_mconn_p3/fixed_crop_whitening_eps1e3_fbstcnet_m_conn_light/protocol3_audit.json,outputs/pr44_promote_A_20260522_152347_noea_eps1e3_mconn_p3/fixed_crop_whitening_eps1e3_fbstcnet_m_conn_light/protocol3_jobs.csv,5,0.7127458133333333,0.03074552000840733,0.6771496,0.7690946666666666
A,remote_protocol_scores_A.tgz,87d75a6bc9818fb7c6b9e2631c9ffb83016e353cae18d99be47b9fba7af70ffe,2026-05-23T23:51:59+0800,pr44_promote_A_20260522_152350_ea_eps3e4_conly_p3,outputs/pr44_promote_A_20260522_152350_ea_eps3e4_conly_p3/fixed_crop_ea_whitening_eps3e4_fbstcnet_c_only,p3_nested_selection,fixed_crop_ea_whitening_eps3e4_fbstcnet_c_only,complete,20,5,0,outputs/pr44_promote_A_20260522_152350_ea_eps3e4_conly_p3/fixed_crop_ea_whitening_eps3e4_fbstcnet_c_only/protocol3_board.csv,outputs/pr44_promote_A_20260522_152350_ea_eps3e4_conly_p3/fixed_crop_ea_whitening_eps3e4_fbstcnet_c_only/protocol3_audit.json,outputs/pr44_promote_A_20260522_152350_ea_eps3e4_conly_p3/fixed_crop_ea_whitening_eps3e4_fbstcnet_c_only/protocol3_jobs.csv,5,0.7018354666666667,0.03999021947342182,0.6633285333333333,0.7770320000000001
B,remote_protocol_scores_B.tgz,6f897340242462a081c466facc7b4ee8bbc58b4cf5cfede780627603324167ba,2026-05-23T23:51:22+0800,autofill_B2_20260523_151805_072_p2_fixed_crop_whitening_eps1e3_fbstcnet,outputs/autofill_B2_20260523_151805_072_p2_fixed_crop_whitening_eps1e3_fbstcnet/fixed_crop_whitening_eps1e3_fbstcnet,p2_pseudo_public_holdout,fixed_crop_whitening_eps1e3_fbstcnet,complete,8,7,0,outputs/autofill_B2_20260523_151805_072_p2_fixed_crop_whitening_eps1e3_fbstcnet/fixed_crop_whitening_eps1e3_fbstcnet/protocol2_board.csv,outputs/autofill_B2_20260523_151805_072_p2_fixed_crop_whitening_eps1e3_fbstcnet/fixed_crop_whitening_eps1e3_fbstcnet/protocol2_audit.json,outputs/autofill_B2_20260523_151805_072_p2_fixed_crop_whitening_eps1e3_fbstcnet/fixed_crop_whitening_eps1e3_fbstcnet/protocol2_jobs.csv,7,0.6577380952380952,0.16919845718514162,0.25,0.7708333333333334
B,remote_protocol_scores_B.tgz,6f897340242462a081c466facc7b4ee8bbc58b4cf5cfede780627603324167ba,2026-05-23T23:51:22+0800,autofill_B2_20260523_151809_073_p3_fixed_crop_whitening_eps1e3_fbstcnet,outputs/autofill_B2_20260523_151809_073_p3_fixed_crop_whitening_eps1e3_fbstcnet/fixed_crop_whitening_eps1e3_fbstcnet,p3_nested_selection,fixed_crop_whitening_eps1e3_fbstcnet,complete,20,5,0,outputs/autofill_B2_20260523_151809_073_p3_fixed_crop_whitening_eps1e3_fbstcnet/fixed_crop_whitening_eps1e3_fbstcnet/protocol3_board.csv,outputs/autofill_B2_20260523_151809_073_p3_fixed_crop_whitening_eps1e3_fbstcnet/fixed_crop_whitening_eps1e3_fbstcnet/protocol3_audit.json,outputs/autofill_B2_20260523_151809_073_p3_fixed_crop_whitening_eps1e3_fbstcnet/fixed_crop_whitening_eps1e3_fbstcnet/protocol3_jobs.csv,5,0.71219136,0.032392929436724706,0.6710735999999998,0.7697906666666667
B,remote_protocol_scores_B.tgz,6f897340242462a081c466facc7b4ee8bbc58b4cf5cfede780627603324167ba,2026-05-23T23:51:22+0800,autofill_B2_20260523_152916_074_p1_fixed_crop_whitening_eps1e3_fbstcnet,outputs/autofill_B2_20260523_152916_074_p1_fixed_crop_whitening_eps1e3_fbstcnet/fixed_crop_whitening_eps1e3_fbstcnet,p1_repeated_group_kfold,fixed_crop_whitening_eps1e3_fbstcnet,complete,25,25,0,outputs/autofill_B2_20260523_152916_074_p1_fixed_crop_whitening_eps1e3_fbstcnet/fixed_crop_whitening_eps1e3_fbstcnet/protocol1_board.csv,outputs/autofill_B2_20260523_152916_074_p1_fixed_crop_whitening_eps1e3_fbstcnet/fixed_crop_whitening_eps1e3_fbstcnet/protocol1_audit.json,outputs/autofill_B2_20260523_152916_074_p1_fixed_crop_whitening_eps1e3_fbstcnet/fixed_crop_whitening_eps1e3_fbstcnet/protocol1_jobs.csv,25,0.7084579733333334,0.04518793546254477,0.6131146666666667,0.7942413333333334
B,remote_protocol_scores_B.tgz,6f897340242462a081c466facc7b4ee8bbc58b4cf5cfede780627603324167ba,2026-05-23T23:51:22+0800,autofill_B2_20260523_152920_075_p2_fixed_crop_whitening_eps3e4_fbstcnet_m_conn_light,outputs/autofill_B2_20260523_152920_075_p2_fixed_crop_whitening_eps3e4_fbstcnet_m_conn_light/fixed_crop_whitening_eps3e4_fbstcnet_m_conn_light,p2_pseudo_public_holdout,fixed_crop_whitening_eps3e4_fbstcnet_m_conn_light,complete,8,7,0,outputs/autofill_B2_20260523_152920_075_p2_fixed_crop_whitening_eps3e4_fbstcnet_m_conn_light/fixed_crop_whitening_eps3e4_fbstcnet_m_conn_light/protocol2_board.csv,outputs/autofill_B2_20260523_152920_075_p2_fixed_crop_whitening_eps3e4_fbstcnet_m_conn_light/fixed_crop_whitening_eps3e4_fbstcnet_m_conn_light/protocol2_audit.json,outputs/autofill_B2_20260523_152920_075_p2_fixed_crop_whitening_eps3e4_fbstcnet_m_conn_light/fixed_crop_whitening_eps3e4_fbstcnet_m_conn_light/protocol2_jobs.csv,7,0.6547619047619048,0.15899655225229858,0.2708333333333333,0.7708333333333334
B,remote_protocol_scores_B.tgz,6f897340242462a081c466facc7b4ee8bbc58b4cf5cfede780627603324167ba,2026-05-23T23:51:22+0800,autofill_B2_20260523_153506_076_p3_fixed_crop_whitening_eps3e4_fbstcnet_m_conn_light,outputs/autofill_B2_20260523_153506_076_p3_fixed_crop_whitening_eps3e4_fbstcnet_m_conn_light/fixed_crop_whitening_eps3e4_fbstcnet_m_conn_light,p3_nested_selection,fixed_crop_whitening_eps3e4_fbstcnet_m_conn_light,complete,20,5,0,outputs/autofill_B2_20260523_153506_076_p3_fixed_crop_whitening_eps3e4_fbstcnet_m_conn_light/fixed_crop_whitening_eps3e4_fbstcnet_m_conn_light/protocol3_board.csv,outputs/autofill_B2_20260523_153506_076_p3_fixed_crop_whitening_eps3e4_fbstcnet_m_conn_light/fixed_crop_whitening_eps3e4_fbstcnet_m_conn_light/protocol3_audit.json,outputs/autofill_B2_20260523_153506_076_p3_fixed_crop_whitening_eps3e4_fbstcnet_m_conn_light/fixed_crop_whitening_eps3e4_fbstcnet_m_conn_light/protocol3_jobs.csv,5,0.7128165866666667,0.03227263581168424,0.6764175999999998,0.7722346666666667
B,remote_protocol_scores_B.tgz,6f897340242462a081c466facc7b4ee8bbc58b4cf5cfede780627603324167ba,2026-05-23T23:51:22+0800,autofill_B2_20260523_155336_077_p1_fixed_crop_whitening_eps3e4_fbstcnet_m_conn_light,outputs/autofill_B2_20260523_155336_077_p1_fixed_crop_whitening_eps3e4_fbstcnet_m_conn_light/fixed_crop_whitening_eps3e4_fbstcnet_m_conn_light,p1_repeated_group_kfold,fixed_crop_whitening_eps3e4_fbstcnet_m_conn_light,complete,25,25,0,outputs/autofill_B2_20260523_155336_077_p1_fixed_crop_whitening_eps3e4_fbstcnet_m_conn_light/fixed_crop_whitening_eps3e4_fbstcnet_m_conn_light/protocol1_board.csv,outputs/autofill_B2_20260523_155336_077_p1_fixed_crop_whitening_eps3e4_fbstcnet_m_conn_light/fixed_crop_whitening_eps3e4_fbstcnet_m_conn_light/protocol1_audit.json,outputs/autofill_B2_20260523_155336_077_p1_fixed_crop_whitening_eps3e4_fbstcnet_m_conn_light/fixed_crop_whitening_eps3e4_fbstcnet_m_conn_light/protocol1_jobs.csv,25,0.710140256,0.04494870947223954,0.6153402666666666,0.8026346666666665
B,remote_protocol_scores_B.tgz,6f897340242462a081c466facc7b4ee8bbc58b4cf5cfede780627603324167ba,2026-05-23T23:51:22+0800,autofill_B2_20260523_155340_078_p2_fixed_crop_whitening_eps1e3_fbstcnet_m_conn_light,outputs/autofill_B2_20260523_155340_078_p2_fixed_crop_whitening_eps1e3_fbstcnet_m_conn_light/fixed_crop_whitening_eps1e3_fbstcnet_m_conn_light,p2_pseudo_public_holdout,fixed_crop_whitening_eps1e3_fbstcnet_m_conn_light,complete,8,7,0,outputs/autofill_B2_20260523_155340_078_p2_fixed_crop_whitening_eps1e3_fbstcnet_m_conn_light/fixed_crop_whitening_eps1e3_fbstcnet_m_conn_light/protocol2_board.csv,outputs/autofill_B2_20260523_155340_078_p2_fixed_crop_whitening_eps1e3_fbstcnet_m_conn_light/fixed_crop_whitening_eps1e3_fbstcnet_m_conn_light/protocol2_audit.json,outputs/autofill_B2_20260523_155340_078_p2_fixed_crop_whitening_eps1e3_fbstcnet_m_conn_light/fixed_crop_whitening_eps1e3_fbstcnet_m_conn_light/protocol2_jobs.csv,7,0.6517857142857143,0.1517565331426424,0.2916666666666667,0.7708333333333334
B,remote_protocol_scores_B.tgz,6f897340242462a081c466facc7b4ee8bbc58b4cf5cfede780627603324167ba,2026-05-23T23:51:22+0800,autofill_B2_20260523_160407_079_p3_fixed_crop_whitening_eps1e3_fbstcnet_m_conn_light,outputs/autofill_B2_20260523_160407_079_p3_fixed_crop_whitening_eps1e3_fbstcnet_m_conn_light/fixed_crop_whitening_eps1e3_fbstcnet_m_conn_light,p3_nested_selection,fixed_crop_whitening_eps1e3_fbstcnet_m_conn_light,complete,20,5,0,outputs/autofill_B2_20260523_160407_079_p3_fixed_crop_whitening_eps1e3_fbstcnet_m_conn_light/fixed_crop_whitening_eps1e3_fbstcnet_m_conn_light/protocol3_board.csv,outputs/autofill_B2_20260523_160407_079_p3_fixed_crop_whitening_eps1e3_fbstcnet_m_conn_light/fixed_crop_whitening_eps1e3_fbstcnet_m_conn_light/protocol3_audit.json,outputs/autofill_B2_20260523_160407_079_p3_fixed_crop_whitening_eps1e3_fbstcnet_m_conn_light/fixed_crop_whitening_eps1e3_fbstcnet_m_conn_light/protocol3_jobs.csv,5,0.7127458133333333,0.03074552000840733,0.6771496,0.7690946666666666
B,remote_protocol_scores_B.tgz,6f897340242462a081c466facc7b4ee8bbc58b4cf5cfede780627603324167ba,2026-05-23T23:51:22+0800,autofill_B2_20260523_162959_080_p1_fixed_crop_whitening_eps1e3_fbstcnet_m_conn_light,outputs/autofill_B2_20260523_162959_080_p1_fixed_crop_whitening_eps1e3_fbstcnet_m_conn_light/fixed_crop_whitening_eps1e3_fbstcnet_m_conn_light,p1_repeated_group_kfold,fixed_crop_whitening_eps1e3_fbstcnet_m_conn_light,complete,25,25,0,outputs/autofill_B2_20260523_162959_080_p1_fixed_crop_whitening_eps1e3_fbstcnet_m_conn_light/fixed_crop_whitening_eps1e3_fbstcnet_m_conn_light/protocol1_board.csv,outputs/autofill_B2_20260523_162959_080_p1_fixed_crop_whitening_eps1e3_fbstcnet_m_conn_light/fixed_crop_whitening_eps1e3_fbstcnet_m_conn_light/protocol1_audit.json,outputs/autofill_B2_20260523_162959_080_p1_fixed_crop_whitening_eps1e3_fbstcnet_m_conn_light/fixed_crop_whitening_eps1e3_fbstcnet_m_conn_light/protocol1_jobs.csv,25,0.7098993920000001,0.04486176720387914,0.6140949333333334,0.8000786666666665
B,remote_protocol_scores_B.tgz,6f897340242462a081c466facc7b4ee8bbc58b4cf5cfede780627603324167ba,2026-05-23T23:51:22+0800,autofill_B2_20260523_164227_081_p2_fixed_crop_ea_fbstcnet_c_only,outputs/autofill_B2_20260523_164227_081_p2_fixed_crop_ea_fbstcnet_c_only/fixed_crop_ea_fbstcnet_c_only,p2_pseudo_public_holdout,fixed_crop_ea_fbstcnet_c_only,complete,8,7,0,outputs/autofill_B2_20260523_164227_081_p2_fixed_crop_ea_fbstcnet_c_only/fixed_crop_ea_fbstcnet_c_only/protocol2_board.csv,outputs/autofill_B2_20260523_164227_081_p2_fixed_crop_ea_fbstcnet_c_only/fixed_crop_ea_fbstcnet_c_only/protocol2_audit.json,outputs/autofill_B2_20260523_164227_081_p2_fixed_crop_ea_fbstcnet_c_only/fixed_crop_ea_fbstcnet_c_only/protocol2_jobs.csv,7,0.6696428571428573,0.10763774595253049,0.4166666666666667,0.7708333333333334
B,remote_protocol_scores_B.tgz,6f897340242462a081c466facc7b4ee8bbc58b4cf5cfede780627603324167ba,2026-05-23T23:51:22+0800,autofill_B2_20260523_164231_082_p3_fixed_crop_ea_fbstcnet_c_only,outputs/autofill_B2_20260523_164231_082_p3_fixed_crop_ea_fbstcnet_c_only/fixed_crop_ea_fbstcnet_c_only,p3_nested_selection,fixed_crop_ea_fbstcnet_c_only,complete,20,5,0,outputs/autofill_B2_20260523_164231_082_p3_fixed_crop_ea_fbstcnet_c_only/fixed_crop_ea_fbstcnet_c_only/protocol3_board.csv,outputs/autofill_B2_20260523_164231_082_p3_fixed_crop_ea_fbstcnet_c_only/fixed_crop_ea_fbstcnet_c_only/protocol3_audit.json,outputs/autofill_B2_20260523_164231_082_p3_fixed_crop_ea_fbstcnet_c_only/fixed_crop_ea_fbstcnet_c_only/protocol3_jobs.csv,5,0.71244096,0.031001493207725002,0.6816413333333333,0.7664906666666665
B,remote_protocol_scores_B.tgz,6f897340242462a081c466facc7b4ee8bbc58b4cf5cfede780627603324167ba,2026-05-23T23:51:22+0800,autofill_B2_20260523_165900_083_p1_fixed_crop_ea_fbstcnet_c_only,outputs/autofill_B2_20260523_165900_083_p1_fixed_crop_ea_fbstcnet_c_only/fixed_crop_ea_fbstcnet_c_only,p1_repeated_group_kfold,fixed_crop_ea_fbstcnet_c_only,complete,25,25,0,outputs/autofill_B2_20260523_165900_083_p1_fixed_crop_ea_fbstcnet_c_only/fixed_crop_ea_fbstcnet_c_only/protocol1_board.csv,outputs/autofill_B2_20260523_165900_083_p1_fixed_crop_ea_fbstcnet_c_only/fixed_crop_ea_fbstcnet_c_only/protocol1_audit.json,outputs/autofill_B2_20260523_165900_083_p1_fixed_crop_ea_fbstcnet_c_only/fixed_crop_ea_fbstcnet_c_only/protocol1_jobs.csv,25,0.70137472,0.04188232894020634,0.6075637333333334,0.7915061333333333
B,remote_protocol_scores_B.tgz,6f897340242462a081c466facc7b4ee8bbc58b4cf5cfede780627603324167ba,2026-05-23T23:51:22+0800,autofill_B2_20260523_165904_084_p2_fixed_crop_ea_fbstcnet_m_conn_light,outputs/autofill_B2_20260523_165904_084_p2_fixed_crop_ea_fbstcnet_m_conn_light/fixed_crop_ea_fbstcnet_m_conn_light,p2_pseudo_public_holdout,fixed_crop_ea_fbstcnet_m_conn_light,complete,8,7,0,outputs/autofill_B2_20260523_165904_084_p2_fixed_crop_ea_fbstcnet_m_conn_light/fixed_crop_ea_fbstcnet_m_conn_light/protocol2_board.csv,outputs/autofill_B2_20260523_165904_084_p2_fixed_crop_ea_fbstcnet_m_conn_light/fixed_crop_ea_fbstcnet_m_conn_light/protocol2_audit.json,outputs/autofill_B2_20260523_165904_084_p2_fixed_crop_ea_fbstcnet_m_conn_light/fixed_crop_ea_fbstcnet_m_conn_light/protocol2_jobs.csv,7,0.6845238095238094,0.12118614923513295,0.3958333333333333,0.7708333333333334
B,remote_protocol_scores_B.tgz,6f897340242462a081c466facc7b4ee8bbc58b4cf5cfede780627603324167ba,2026-05-23T23:51:22+0800,autofill_B2_20260523_170551_085_p3_fixed_crop_ea_fbstcnet_m_conn_light,outputs/autofill_B2_20260523_170551_085_p3_fixed_crop_ea_fbstcnet_m_conn_light/fixed_crop_ea_fbstcnet_m_conn_light,p3_nested_selection,fixed_crop_ea_fbstcnet_m_conn_light,complete,20,5,0,outputs/autofill_B2_20260523_170551_085_p3_fixed_crop_ea_fbstcnet_m_conn_light/fixed_crop_ea_fbstcnet_m_conn_light/protocol3_board.csv,outputs/autofill_B2_20260523_170551_085_p3_fixed_crop_ea_fbstcnet_m_conn_light/fixed_crop_ea_fbstcnet_m_conn_light/protocol3_audit.json,outputs/autofill_B2_20260523_170551_085_p3_fixed_crop_ea_fbstcnet_m_conn_light/fixed_crop_ea_fbstcnet_m_conn_light/protocol3_jobs.csv,5,0.7104354133333334,0.030167210304829686,0.6782546666666667,0.7657226666666667
B,remote_protocol_scores_B.tgz,6f897340242462a081c466facc7b4ee8bbc58b4cf5cfede780627603324167ba,2026-05-23T23:51:22+0800,autofill_B2_20260523_170956_086_p1_fixed_crop_ea_fbstcnet_m_conn_light,outputs/autofill_B2_20260523_170956_086_p1_fixed_crop_ea_fbstcnet_m_conn_light/fixed_crop_ea_fbstcnet_m_conn_light,p1_repeated_group_kfold,fixed_crop_ea_fbstcnet_m_conn_light,complete,25,25,0,outputs/autofill_B2_20260523_170956_086_p1_fixed_crop_ea_fbstcnet_m_conn_light/fixed_crop_ea_fbstcnet_m_conn_light/protocol1_board.csv,outputs/autofill_B2_20260523_170956_086_p1_fixed_crop_ea_fbstcnet_m_conn_light/fixed_crop_ea_fbstcnet_m_conn_light/protocol1_audit.json,outputs/autofill_B2_20260523_170956_086_p1_fixed_crop_ea_fbstcnet_m_conn_light/fixed_crop_ea_fbstcnet_m_conn_light/protocol1_jobs.csv,25,0.6992008853333335,0.05115432367709134,0.6104176,0.8017178666666666
B,remote_protocol_scores_B.tgz,6f897340242462a081c466facc7b4ee8bbc58b4cf5cfede780627603324167ba,2026-05-23T23:51:22+0800,autofill_B2_20260523_173251_087_p2_sliding_window_srfnet_whitening_eps3e4,outputs/autofill_B2_20260523_173251_087_p2_sliding_window_srfnet_whitening_eps3e4/sliding_window_srfnet_whitening_eps3e4,p2_pseudo_public_holdout,sliding_window_srfnet_whitening_eps3e4,complete,8,7,0,outputs/autofill_B2_20260523_173251_087_p2_sliding_window_srfnet_whitening_eps3e4/sliding_window_srfnet_whitening_eps3e4/protocol2_board.csv,outputs/autofill_B2_20260523_173251_087_p2_sliding_window_srfnet_whitening_eps3e4/sliding_window_srfnet_whitening_eps3e4/protocol2_audit.json,outputs/autofill_B2_20260523_173251_087_p2_sliding_window_srfnet_whitening_eps3e4/sliding_window_srfnet_whitening_eps3e4/protocol2_jobs.csv,7,0.6488095238095238,0.06242909810536616,0.5,0.6875
B,remote_protocol_scores_B.tgz,6f897340242462a081c466facc7b4ee8bbc58b4cf5cfede780627603324167ba,2026-05-23T23:51:22+0800,autofill_B2_20260523_173716_088_p3_sliding_window_srfnet_whitening_eps3e4,outputs/autofill_B2_20260523_173716_088_p3_sliding_window_srfnet_whitening_eps3e4/sliding_window_srfnet_whitening_eps3e4,p3_nested_selection,sliding_window_srfnet_whitening_eps3e4,complete,20,5,0,outputs/autofill_B2_20260523_173716_088_p3_sliding_window_srfnet_whitening_eps3e4/sliding_window_srfnet_whitening_eps3e4/protocol3_board.csv,outputs/autofill_B2_20260523_173716_088_p3_sliding_window_srfnet_whitening_eps3e4/sliding_window_srfnet_whitening_eps3e4/protocol3_audit.json,outputs/autofill_B2_20260523_173716_088_p3_sliding_window_srfnet_whitening_eps3e4/sliding_window_srfnet_whitening_eps3e4/protocol3_jobs.csv,5,0.6294402133333333,0.03587475468515182,0.5737437333333334,0.672012
B,remote_protocol_scores_B.tgz,6f897340242462a081c466facc7b4ee8bbc58b4cf5cfede780627603324167ba,2026-05-23T23:51:22+0800,autofill_B2_20260523_173720_089_p1_sliding_window_srfnet_whitening_eps3e4,outputs/autofill_B2_20260523_173720_089_p1_sliding_window_srfnet_whitening_eps3e4/sliding_window_srfnet_whitening_eps3e4,p1_repeated_group_kfold,sliding_window_srfnet_whitening_eps3e4,complete,25,25,0,outputs/autofill_B2_20260523_173720_089_p1_sliding_window_srfnet_whitening_eps3e4/sliding_window_srfnet_whitening_eps3e4/protocol1_board.csv,outputs/autofill_B2_20260523_173720_089_p1_sliding_window_srfnet_whitening_eps3e4/sliding_window_srfnet_whitening_eps3e4/protocol1_audit.json,outputs/autofill_B2_20260523_173720_089_p1_sliding_window_srfnet_whitening_eps3e4/sliding_window_srfnet_whitening_eps3e4/protocol1_jobs.csv,25,0.602092864,0.05210913051421043,0.4996247999999999,0.6856866666666667
B,remote_protocol_scores_B.tgz,6f897340242462a081c466facc7b4ee8bbc58b4cf5cfede780627603324167ba,2026-05-23T23:51:22+0800,autofill_B2_20260523_180446_093_p2_fixed_crop_ea_whitening_eps3e4_fbstcnet,outputs/autofill_B2_20260523_180446_093_p2_fixed_crop_ea_whitening_eps3e4_fbstcnet/fixed_crop_ea_whitening_eps3e4_fbstcnet,p2_pseudo_public_holdout,fixed_crop_ea_whitening_eps3e4_fbstcnet,complete,8,7,0,outputs/autofill_B2_20260523_180446_093_p2_fixed_crop_ea_whitening_eps3e4_fbstcnet/fixed_crop_ea_whitening_eps3e4_fbstcnet/protocol2_board.csv,outputs/autofill_B2_20260523_180446_093_p2_fixed_crop_ea_whitening_eps3e4_fbstcnet/fixed_crop_ea_whitening_eps3e4_fbstcnet/protocol2_audit.json,outputs/autofill_B2_20260523_180446_093_p2_fixed_crop_ea_whitening_eps3e4_fbstcnet/fixed_crop_ea_whitening_eps3e4_fbstcnet/protocol2_jobs.csv,7,0.6517857142857144,0.1492849548093387,0.2916666666666667,0.75
B,remote_protocol_scores_B.tgz,6f897340242462a081c466facc7b4ee8bbc58b4cf5cfede780627603324167ba,2026-05-23T23:51:22+0800,autofill_B2_20260523_180730_094_p3_fixed_crop_ea_whitening_eps3e4_fbstcnet,outputs/autofill_B2_20260523_180730_094_p3_fixed_crop_ea_whitening_eps3e4_fbstcnet/fixed_crop_ea_whitening_eps3e4_fbstcnet,p3_nested_selection,fixed_crop_ea_whitening_eps3e4_fbstcnet,complete,20,5,0,outputs/autofill_B2_20260523_180730_094_p3_fixed_crop_ea_whitening_eps3e4_fbstcnet/fixed_crop_ea_whitening_eps3e4_fbstcnet/protocol3_board.csv,outputs/autofill_B2_20260523_180730_094_p3_fixed_crop_ea_whitening_eps3e4_fbstcnet/fixed_crop_ea_whitening_eps3e4_fbstcnet/protocol3_audit.json,outputs/autofill_B2_20260523_180730_094_p3_fixed_crop_ea_whitening_eps3e4_fbstcnet/fixed_crop_ea_whitening_eps3e4_fbstcnet/protocol3_jobs.csv,5,0.7084661866666667,0.02367586844702246,0.683704,0.7488640000000001
B,remote_protocol_scores_B.tgz,6f897340242462a081c466facc7b4ee8bbc58b4cf5cfede780627603324167ba,2026-05-23T23:51:22+0800,autofill_B2_20260523_181015_095_p1_fixed_crop_ea_whitening_eps3e4_fbstcnet,outputs/autofill_B2_20260523_181015_095_p1_fixed_crop_ea_whitening_eps3e4_fbstcnet/fixed_crop_ea_whitening_eps3e4_fbstcnet,p1_repeated_group_kfold,fixed_crop_ea_whitening_eps3e4_fbstcnet,complete,25,25,0,outputs/autofill_B2_20260523_181015_095_p1_fixed_crop_ea_whitening_eps3e4_fbstcnet/fixed_crop_ea_whitening_eps3e4_fbstcnet/protocol1_board.csv,outputs/autofill_B2_20260523_181015_095_p1_fixed_crop_ea_whitening_eps3e4_fbstcnet/fixed_crop_ea_whitening_eps3e4_fbstcnet/protocol1_audit.json,outputs/autofill_B2_20260523_181015_095_p1_fixed_crop_ea_whitening_eps3e4_fbstcnet/fixed_crop_ea_whitening_eps3e4_fbstcnet/protocol1_jobs.csv,25,0.7080468799999999,0.04524262284057761,0.6166077333333334,0.7959304
B,remote_protocol_scores_B.tgz,6f897340242462a081c466facc7b4ee8bbc58b4cf5cfede780627603324167ba,2026-05-23T23:51:22+0800,autofill_B2_20260523_181019_096_p2_fixed_crop_ea_whitening_eps1e3_fbstcnet,outputs/autofill_B2_20260523_181019_096_p2_fixed_crop_ea_whitening_eps1e3_fbstcnet/fixed_crop_ea_whitening_eps1e3_fbstcnet,p2_pseudo_public_holdout,fixed_crop_ea_whitening_eps1e3_fbstcnet,complete,8,7,0,outputs/autofill_B2_20260523_181019_096_p2_fixed_crop_ea_whitening_eps1e3_fbstcnet/fixed_crop_ea_whitening_eps1e3_fbstcnet/protocol2_board.csv,outputs/autofill_B2_20260523_181019_096_p2_fixed_crop_ea_whitening_eps1e3_fbstcnet/fixed_crop_ea_whitening_eps1e3_fbstcnet/protocol2_audit.json,outputs/autofill_B2_20260523_181019_096_p2_fixed_crop_ea_whitening_eps1e3_fbstcnet/fixed_crop_ea_whitening_eps1e3_fbstcnet/protocol2_jobs.csv,7,0.6547619047619048,0.15821468880954775,0.2708333333333333,0.75
B,remote_protocol_scores_B.tgz,6f897340242462a081c466facc7b4ee8bbc58b4cf5cfede780627603324167ba,2026-05-23T23:51:22+0800,autofill_B2_20260523_181023_097_p3_fixed_crop_ea_whitening_eps1e3_fbstcnet,outputs/autofill_B2_20260523_181023_097_p3_fixed_crop_ea_whitening_eps1e3_fbstcnet/fixed_crop_ea_whitening_eps1e3_fbstcnet,p3_nested_selection,fixed_crop_ea_whitening_eps1e3_fbstcnet,complete,20,5,0,outputs/autofill_B2_20260523_181023_097_p3_fixed_crop_ea_whitening_eps1e3_fbstcnet/fixed_crop_ea_whitening_eps1e3_fbstcnet/protocol3_board.csv,outputs/autofill_B2_20260523_181023_097_p3_fixed_crop_ea_whitening_eps1e3_fbstcnet/fixed_crop_ea_whitening_eps1e3_fbstcnet/protocol3_audit.json,outputs/autofill_B2_20260523_181023_097_p3_fixed_crop_ea_whitening_eps1e3_fbstcnet/fixed_crop_ea_whitening_eps1e3_fbstcnet/protocol3_jobs.csv,5,0.7082009066666667,0.02292837189965886,0.6829133333333334,0.7465354666666667
B,remote_protocol_scores_B.tgz,6f897340242462a081c466facc7b4ee8bbc58b4cf5cfede780627603324167ba,2026-05-23T23:51:22+0800,autofill_B2_20260523_181449_098_p1_fixed_crop_ea_whitening_eps1e3_fbstcnet,outputs/autofill_B2_20260523_181449_098_p1_fixed_crop_ea_whitening_eps1e3_fbstcnet/fixed_crop_ea_whitening_eps1e3_fbstcnet,p1_repeated_group_kfold,fixed_crop_ea_whitening_eps1e3_fbstcnet,complete,25,25,0,outputs/autofill_B2_20260523_181449_098_p1_fixed_crop_ea_whitening_eps1e3_fbstcnet/fixed_crop_ea_whitening_eps1e3_fbstcnet/protocol1_board.csv,outputs/autofill_B2_20260523_181449_098_p1_fixed_crop_ea_whitening_eps1e3_fbstcnet/fixed_crop_ea_whitening_eps1e3_fbstcnet/protocol1_audit.json,outputs/autofill_B2_20260523_181449_098_p1_fixed_crop_ea_whitening_eps1e3_fbstcnet/fixed_crop_ea_whitening_eps1e3_fbstcnet/protocol1_jobs.csv,25,0.707528672,0.04404058830805327,0.6172954666666667,0.7948653333333334
B,remote_protocol_scores_B.tgz,6f897340242462a081c466facc7b4ee8bbc58b4cf5cfede780627603324167ba,2026-05-23T23:51:22+0800,autofill_B2_20260523_185129_105_p2_fixed_crop_ea_whitening_eps3e4_fbstcnet_m_conn_light,outputs/autofill_B2_20260523_185129_105_p2_fixed_crop_ea_whitening_eps3e4_fbstcnet_m_conn_light/fixed_crop_ea_whitening_eps3e4_fbstcnet_m_conn_light,p2_pseudo_public_holdout,fixed_crop_ea_whitening_eps3e4_fbstcnet_m_conn_light,complete,8,7,0,outputs/autofill_B2_20260523_185129_105_p2_fixed_crop_ea_whitening_eps3e4_fbstcnet_m_conn_light/fixed_crop_ea_whitening_eps3e4_fbstcnet_m_conn_light/protocol2_board.csv,outputs/autofill_B2_20260523_185129_105_p2_fixed_crop_ea_whitening_eps3e4_fbstcnet_m_conn_light/fixed_crop_ea_whitening_eps3e4_fbstcnet_m_conn_light/protocol2_audit.json,outputs/autofill_B2_20260523_185129_105_p2_fixed_crop_ea_whitening_eps3e4_fbstcnet_m_conn_light/fixed_crop_ea_whitening_eps3e4_fbstcnet_m_conn_light/protocol2_jobs.csv,7,0.6517857142857143,0.14886903571904522,0.2916666666666667,0.75
B,remote_protocol_scores_B.tgz,6f897340242462a081c466facc7b4ee8bbc58b4cf5cfede780627603324167ba,2026-05-23T23:51:22+0800,autofill_B2_20260523_185655_106_p3_fixed_crop_ea_whitening_eps3e4_fbstcnet_m_conn_light,outputs/autofill_B2_20260523_185655_106_p3_fixed_crop_ea_whitening_eps3e4_fbstcnet_m_conn_light/fixed_crop_ea_whitening_eps3e4_fbstcnet_m_conn_light,p3_nested_selection,fixed_crop_ea_whitening_eps3e4_fbstcnet_m_conn_light,complete,20,5,0,outputs/autofill_B2_20260523_185655_106_p3_fixed_crop_ea_whitening_eps3e4_fbstcnet_m_conn_light/fixed_crop_ea_whitening_eps3e4_fbstcnet_m_conn_light/protocol3_board.csv,outputs/autofill_B2_20260523_185655_106_p3_fixed_crop_ea_whitening_eps3e4_fbstcnet_m_conn_light/fixed_crop_ea_whitening_eps3e4_fbstcnet_m_conn_light/protocol3_audit.json,outputs/autofill_B2_20260523_185655_106_p3_fixed_crop_ea_whitening_eps3e4_fbstcnet_m_conn_light/fixed_crop_ea_whitening_eps3e4_fbstcnet_m_conn_light/protocol3_jobs.csv,5,0.71160992,0.02384803585812649,0.6881973333333334,0.7544053333333333
B,remote_protocol_scores_B.tgz,6f897340242462a081c466facc7b4ee8bbc58b4cf5cfede780627603324167ba,2026-05-23T23:51:22+0800,autofill_B2_20260523_190722_107_p1_fixed_crop_ea_whitening_eps3e4_fbstcnet_m_conn_light,outputs/autofill_B2_20260523_190722_107_p1_fixed_crop_ea_whitening_eps3e4_fbstcnet_m_conn_light/fixed_crop_ea_whitening_eps3e4_fbstcnet_m_conn_light,p1_repeated_group_kfold,fixed_crop_ea_whitening_eps3e4_fbstcnet_m_conn_light,complete,25,25,0,outputs/autofill_B2_20260523_190722_107_p1_fixed_crop_ea_whitening_eps3e4_fbstcnet_m_conn_light/fixed_crop_ea_whitening_eps3e4_fbstcnet_m_conn_light/protocol1_board.csv,outputs/autofill_B2_20260523_190722_107_p1_fixed_crop_ea_whitening_eps3e4_fbstcnet_m_conn_light/fixed_crop_ea_whitening_eps3e4_fbstcnet_m_conn_light/protocol1_audit.json,outputs/autofill_B2_20260523_190722_107_p1_fixed_crop_ea_whitening_eps3e4_fbstcnet_m_conn_light/fixed_crop_ea_whitening_eps3e4_fbstcnet_m_conn_light/protocol1_jobs.csv,25,0.7081379733333333,0.04397143900650664,0.614588,0.7905904
B,remote_protocol_scores_B.tgz,6f897340242462a081c466facc7b4ee8bbc58b4cf5cfede780627603324167ba,2026-05-23T23:51:22+0800,autofill_B2_20260523_192111_108_p2_fixed_crop_whitening_eps3e4_fbstcnet_m_conn_light,outputs/autofill_B2_20260523_192111_108_p2_fixed_crop_whitening_eps3e4_fbstcnet_m_conn_light/fixed_crop_whitening_eps3e4_fbstcnet_m_conn_light,p2_pseudo_public_holdout,fixed_crop_whitening_eps3e4_fbstcnet_m_conn_light,complete,8,7,0,outputs/autofill_B2_20260523_192111_108_p2_fixed_crop_whitening_eps3e4_fbstcnet_m_conn_light/fixed_crop_whitening_eps3e4_fbstcnet_m_conn_light/protocol2_board.csv,outputs/autofill_B2_20260523_192111_108_p2_fixed_crop_whitening_eps3e4_fbstcnet_m_conn_light/fixed_crop_whitening_eps3e4_fbstcnet_m_conn_light/protocol2_audit.json,outputs/autofill_B2_20260523_192111_108_p2_fixed_crop_whitening_eps3e4_fbstcnet_m_conn_light/fixed_crop_whitening_eps3e4_fbstcnet_m_conn_light/protocol2_jobs.csv,7,0.6547619047619048,0.15899655225229858,0.2708333333333333,0.7708333333333334
B,remote_protocol_scores_B.tgz,6f897340242462a081c466facc7b4ee8bbc58b4cf5cfede780627603324167ba,2026-05-23T23:51:22+0800,autofill_B2_20260523_192115_109_p3_fixed_crop_whitening_eps3e4_fbstcnet_m_conn_light,outputs/autofill_B2_20260523_192115_109_p3_fixed_crop_whitening_eps3e4_fbstcnet_m_conn_light/fixed_crop_whitening_eps3e4_fbstcnet_m_conn_light,p3_nested_selection,fixed_crop_whitening_eps3e4_fbstcnet_m_conn_light,complete,20,5,0,outputs/autofill_B2_20260523_192115_109_p3_fixed_crop_whitening_eps3e4_fbstcnet_m_conn_light/fixed_crop_whitening_eps3e4_fbstcnet_m_conn_light/protocol3_board.csv,outputs/autofill_B2_20260523_192115_109_p3_fixed_crop_whitening_eps3e4_fbstcnet_m_conn_light/fixed_crop_whitening_eps3e4_fbstcnet_m_conn_light/protocol3_audit.json,outputs/autofill_B2_20260523_192115_109_p3_fixed_crop_whitening_eps3e4_fbstcnet_m_conn_light/fixed_crop_whitening_eps3e4_fbstcnet_m_conn_light/protocol3_jobs.csv,5,0.7128165866666667,0.03227263581168424,0.6764175999999998,0.7722346666666667
B,remote_protocol_scores_B.tgz,6f897340242462a081c466facc7b4ee8bbc58b4cf5cfede780627603324167ba,2026-05-23T23:51:22+0800,autofill_B2_20260523_192901_110_p1_fixed_crop_whitening_eps3e4_fbstcnet_m_conn_light,outputs/autofill_B2_20260523_192901_110_p1_fixed_crop_whitening_eps3e4_fbstcnet_m_conn_light/fixed_crop_whitening_eps3e4_fbstcnet_m_conn_light,p1_repeated_group_kfold,fixed_crop_whitening_eps3e4_fbstcnet_m_conn_light,complete,25,25,0,outputs/autofill_B2_20260523_192901_110_p1_fixed_crop_whitening_eps3e4_fbstcnet_m_conn_light/fixed_crop_whitening_eps3e4_fbstcnet_m_conn_light/protocol1_board.csv,outputs/autofill_B2_20260523_192901_110_p1_fixed_crop_whitening_eps3e4_fbstcnet_m_conn_light/fixed_crop_whitening_eps3e4_fbstcnet_m_conn_light/protocol1_audit.json,outputs/autofill_B2_20260523_192901_110_p1_fixed_crop_whitening_eps3e4_fbstcnet_m_conn_light/fixed_crop_whitening_eps3e4_fbstcnet_m_conn_light/protocol1_jobs.csv,25,0.710140256,0.04494870947223954,0.6153402666666666,0.8026346666666665
B,remote_protocol_scores_B.tgz,6f897340242462a081c466facc7b4ee8bbc58b4cf5cfede780627603324167ba,2026-05-23T23:51:22+0800,autofill_B2_20260523_200409_114_p2_fixed_crop_whitening_eps3e4_fbstcnet_m_conn_light,outputs/autofill_B2_20260523_200409_114_p2_fixed_crop_whitening_eps3e4_fbstcnet_m_conn_light/fixed_crop_whitening_eps3e4_fbstcnet_m_conn_light,p2_pseudo_public_holdout,fixed_crop_whitening_eps3e4_fbstcnet_m_conn_light,complete,8,7,0,outputs/autofill_B2_20260523_200409_114_p2_fixed_crop_whitening_eps3e4_fbstcnet_m_conn_light/fixed_crop_whitening_eps3e4_fbstcnet_m_conn_light/protocol2_board.csv,outputs/autofill_B2_20260523_200409_114_p2_fixed_crop_whitening_eps3e4_fbstcnet_m_conn_light/fixed_crop_whitening_eps3e4_fbstcnet_m_conn_light/protocol2_audit.json,outputs/autofill_B2_20260523_200409_114_p2_fixed_crop_whitening_eps3e4_fbstcnet_m_conn_light/fixed_crop_whitening_eps3e4_fbstcnet_m_conn_light/protocol2_jobs.csv,7,0.6547619047619048,0.15899655225229858,0.2708333333333333,0.7708333333333334
B,remote_protocol_scores_B.tgz,6f897340242462a081c466facc7b4ee8bbc58b4cf5cfede780627603324167ba,2026-05-23T23:51:22+0800,autofill_B2_20260523_200634_115_p3_fixed_crop_whitening_eps3e4_fbstcnet_m_conn_light,outputs/autofill_B2_20260523_200634_115_p3_fixed_crop_whitening_eps3e4_fbstcnet_m_conn_light/fixed_crop_whitening_eps3e4_fbstcnet_m_conn_light,p3_nested_selection,fixed_crop_whitening_eps3e4_fbstcnet_m_conn_light,complete,20,5,0,outputs/autofill_B2_20260523_200634_115_p3_fixed_crop_whitening_eps3e4_fbstcnet_m_conn_light/fixed_crop_whitening_eps3e4_fbstcnet_m_conn_light/protocol3_board.csv,outputs/autofill_B2_20260523_200634_115_p3_fixed_crop_whitening_eps3e4_fbstcnet_m_conn_light/fixed_crop_whitening_eps3e4_fbstcnet_m_conn_light/protocol3_audit.json,outputs/autofill_B2_20260523_200634_115_p3_fixed_crop_whitening_eps3e4_fbstcnet_m_conn_light/fixed_crop_whitening_eps3e4_fbstcnet_m_conn_light/protocol3_jobs.csv,5,0.7128165866666667,0.03227263581168424,0.6764175999999998,0.7722346666666667
B,remote_protocol_scores_B.tgz,6f897340242462a081c466facc7b4ee8bbc58b4cf5cfede780627603324167ba,2026-05-23T23:51:22+0800,autofill_B2_20260523_201340_116_p1_fixed_crop_whitening_eps3e4_fbstcnet_m_conn_light,outputs/autofill_B2_20260523_201340_116_p1_fixed_crop_whitening_eps3e4_fbstcnet_m_conn_light/fixed_crop_whitening_eps3e4_fbstcnet_m_conn_light,p1_repeated_group_kfold,fixed_crop_whitening_eps3e4_fbstcnet_m_conn_light,complete,25,25,0,outputs/autofill_B2_20260523_201340_116_p1_fixed_crop_whitening_eps3e4_fbstcnet_m_conn_light/fixed_crop_whitening_eps3e4_fbstcnet_m_conn_light/protocol1_board.csv,outputs/autofill_B2_20260523_201340_116_p1_fixed_crop_whitening_eps3e4_fbstcnet_m_conn_light/fixed_crop_whitening_eps3e4_fbstcnet_m_conn_light/protocol1_audit.json,outputs/autofill_B2_20260523_201340_116_p1_fixed_crop_whitening_eps3e4_fbstcnet_m_conn_light/fixed_crop_whitening_eps3e4_fbstcnet_m_conn_light/protocol1_jobs.csv,25,0.710140256,0.04494870947223954,0.6153402666666666,0.8026346666666665
B,remote_protocol_scores_B.tgz,6f897340242462a081c466facc7b4ee8bbc58b4cf5cfede780627603324167ba,2026-05-23T23:51:22+0800,autofill_B2_20260523_201826_117_p2_fixed_crop_ea_whitening_eps3e4_fbstcnet_m_conn_light,outputs/autofill_B2_20260523_201826_117_p2_fixed_crop_ea_whitening_eps3e4_fbstcnet_m_conn_light/fixed_crop_ea_whitening_eps3e4_fbstcnet_m_conn_light,p2_pseudo_public_holdout,fixed_crop_ea_whitening_eps3e4_fbstcnet_m_conn_light,complete,8,7,0,outputs/autofill_B2_20260523_201826_117_p2_fixed_crop_ea_whitening_eps3e4_fbstcnet_m_conn_light/fixed_crop_ea_whitening_eps3e4_fbstcnet_m_conn_light/protocol2_board.csv,outputs/autofill_B2_20260523_201826_117_p2_fixed_crop_ea_whitening_eps3e4_fbstcnet_m_conn_light/fixed_crop_ea_whitening_eps3e4_fbstcnet_m_conn_light/protocol2_audit.json,outputs/autofill_B2_20260523_201826_117_p2_fixed_crop_ea_whitening_eps3e4_fbstcnet_m_conn_light/fixed_crop_ea_whitening_eps3e4_fbstcnet_m_conn_light/protocol2_jobs.csv,7,0.6517857142857143,0.14886903571904522,0.2916666666666667,0.75
B,remote_protocol_scores_B.tgz,6f897340242462a081c466facc7b4ee8bbc58b4cf5cfede780627603324167ba,2026-05-23T23:51:22+0800,autofill_B2_20260523_203114_118_p3_fixed_crop_ea_whitening_eps3e4_fbstcnet_m_conn_light,outputs/autofill_B2_20260523_203114_118_p3_fixed_crop_ea_whitening_eps3e4_fbstcnet_m_conn_light/fixed_crop_ea_whitening_eps3e4_fbstcnet_m_conn_light,p3_nested_selection,fixed_crop_ea_whitening_eps3e4_fbstcnet_m_conn_light,complete,20,5,0,outputs/autofill_B2_20260523_203114_118_p3_fixed_crop_ea_whitening_eps3e4_fbstcnet_m_conn_light/fixed_crop_ea_whitening_eps3e4_fbstcnet_m_conn_light/protocol3_board.csv,outputs/autofill_B2_20260523_203114_118_p3_fixed_crop_ea_whitening_eps3e4_fbstcnet_m_conn_light/fixed_crop_ea_whitening_eps3e4_fbstcnet_m_conn_light/protocol3_audit.json,outputs/autofill_B2_20260523_203114_118_p3_fixed_crop_ea_whitening_eps3e4_fbstcnet_m_conn_light/fixed_crop_ea_whitening_eps3e4_fbstcnet_m_conn_light/protocol3_jobs.csv,5,0.71160992,0.02384803585812649,0.6881973333333334,0.7544053333333333
B,remote_protocol_scores_B.tgz,6f897340242462a081c466facc7b4ee8bbc58b4cf5cfede780627603324167ba,2026-05-23T23:51:22+0800,autofill_B2_20260523_203118_119_p1_fixed_crop_ea_whitening_eps3e4_fbstcnet_m_conn_light,outputs/autofill_B2_20260523_203118_119_p1_fixed_crop_ea_whitening_eps3e4_fbstcnet_m_conn_light/fixed_crop_ea_whitening_eps3e4_fbstcnet_m_conn_light,p1_repeated_group_kfold,fixed_crop_ea_whitening_eps3e4_fbstcnet_m_conn_light,complete,25,25,0,outputs/autofill_B2_20260523_203118_119_p1_fixed_crop_ea_whitening_eps3e4_fbstcnet_m_conn_light/fixed_crop_ea_whitening_eps3e4_fbstcnet_m_conn_light/protocol1_board.csv,outputs/autofill_B2_20260523_203118_119_p1_fixed_crop_ea_whitening_eps3e4_fbstcnet_m_conn_light/fixed_crop_ea_whitening_eps3e4_fbstcnet_m_conn_light/protocol1_audit.json,outputs/autofill_B2_20260523_203118_119_p1_fixed_crop_ea_whitening_eps3e4_fbstcnet_m_conn_light/fixed_crop_ea_whitening_eps3e4_fbstcnet_m_conn_light/protocol1_jobs.csv,25,0.7081379733333333,0.04397143900650664,0.614588,0.7905904
B,remote_protocol_scores_B.tgz,6f897340242462a081c466facc7b4ee8bbc58b4cf5cfede780627603324167ba,2026-05-23T23:51:22+0800,autofill_B2_20260523_211116_120_p2_fixed_crop_whitening_eps1e3_fbstcnet,outputs/autofill_B2_20260523_211116_120_p2_fixed_crop_whitening_eps1e3_fbstcnet/fixed_crop_whitening_eps1e3_fbstcnet,p2_pseudo_public_holdout,fixed_crop_whitening_eps1e3_fbstcnet,complete,8,7,0,outputs/autofill_B2_20260523_211116_120_p2_fixed_crop_whitening_eps1e3_fbstcnet/fixed_crop_whitening_eps1e3_fbstcnet/protocol2_board.csv,outputs/autofill_B2_20260523_211116_120_p2_fixed_crop_whitening_eps1e3_fbstcnet/fixed_crop_whitening_eps1e3_fbstcnet/protocol2_audit.json,outputs/autofill_B2_20260523_211116_120_p2_fixed_crop_whitening_eps1e3_fbstcnet/fixed_crop_whitening_eps1e3_fbstcnet/protocol2_jobs.csv,7,0.6577380952380952,0.16919845718514162,0.25,0.7708333333333334
B,remote_protocol_scores_B.tgz,6f897340242462a081c466facc7b4ee8bbc58b4cf5cfede780627603324167ba,2026-05-23T23:51:22+0800,autofill_B2_20260523_211120_121_p3_fixed_crop_whitening_eps1e3_fbstcnet,outputs/autofill_B2_20260523_211120_121_p3_fixed_crop_whitening_eps1e3_fbstcnet/fixed_crop_whitening_eps1e3_fbstcnet,p3_nested_selection,fixed_crop_whitening_eps1e3_fbstcnet,complete,20,5,0,outputs/autofill_B2_20260523_211120_121_p3_fixed_crop_whitening_eps1e3_fbstcnet/fixed_crop_whitening_eps1e3_fbstcnet/protocol3_board.csv,outputs/autofill_B2_20260523_211120_121_p3_fixed_crop_whitening_eps1e3_fbstcnet/fixed_crop_whitening_eps1e3_fbstcnet/protocol3_audit.json,outputs/autofill_B2_20260523_211120_121_p3_fixed_crop_whitening_eps1e3_fbstcnet/fixed_crop_whitening_eps1e3_fbstcnet/protocol3_jobs.csv,5,0.71219136,0.032392929436724706,0.6710735999999998,0.7697906666666667
B,remote_protocol_scores_B.tgz,6f897340242462a081c466facc7b4ee8bbc58b4cf5cfede780627603324167ba,2026-05-23T23:51:22+0800,autofill_B2_20260523_211545_122_p1_fixed_crop_whitening_eps1e3_fbstcnet,outputs/autofill_B2_20260523_211545_122_p1_fixed_crop_whitening_eps1e3_fbstcnet/fixed_crop_whitening_eps1e3_fbstcnet,p1_repeated_group_kfold,fixed_crop_whitening_eps1e3_fbstcnet,complete,25,25,0,outputs/autofill_B2_20260523_211545_122_p1_fixed_crop_whitening_eps1e3_fbstcnet/fixed_crop_whitening_eps1e3_fbstcnet/protocol1_board.csv,outputs/autofill_B2_20260523_211545_122_p1_fixed_crop_whitening_eps1e3_fbstcnet/fixed_crop_whitening_eps1e3_fbstcnet/protocol1_audit.json,outputs/autofill_B2_20260523_211545_122_p1_fixed_crop_whitening_eps1e3_fbstcnet/fixed_crop_whitening_eps1e3_fbstcnet/protocol1_jobs.csv,25,0.7084579733333334,0.04518793546254477,0.6131146666666667,0.7942413333333334
B,remote_protocol_scores_B.tgz,6f897340242462a081c466facc7b4ee8bbc58b4cf5cfede780627603324167ba,2026-05-23T23:51:22+0800,autofill_B3_20260523_214346_004_p2_fixed_crop_whitening_eps3e4_fbstcnet_m_conn_light,outputs/autofill_B3_20260523_214346_004_p2_fixed_crop_whitening_eps3e4_fbstcnet_m_conn_light/fixed_crop_whitening_eps3e4_fbstcnet_m_conn_light,p2_pseudo_public_holdout,fixed_crop_whitening_eps3e4_fbstcnet_m_conn_light,complete,8,7,0,outputs/autofill_B3_20260523_214346_004_p2_fixed_crop_whitening_eps3e4_fbstcnet_m_conn_light/fixed_crop_whitening_eps3e4_fbstcnet_m_conn_light/protocol2_board.csv,outputs/autofill_B3_20260523_214346_004_p2_fixed_crop_whitening_eps3e4_fbstcnet_m_conn_light/fixed_crop_whitening_eps3e4_fbstcnet_m_conn_light/protocol2_audit.json,outputs/autofill_B3_20260523_214346_004_p2_fixed_crop_whitening_eps3e4_fbstcnet_m_conn_light/fixed_crop_whitening_eps3e4_fbstcnet_m_conn_light/protocol2_jobs.csv,7,0.6547619047619048,0.15899655225229858,0.2708333333333333,0.7708333333333334
B,remote_protocol_scores_B.tgz,6f897340242462a081c466facc7b4ee8bbc58b4cf5cfede780627603324167ba,2026-05-23T23:51:22+0800,autofill_B3_20260523_215012_005_p3_fixed_crop_whitening_eps3e4_fbstcnet_m_conn_light,outputs/autofill_B3_20260523_215012_005_p3_fixed_crop_whitening_eps3e4_fbstcnet_m_conn_light/fixed_crop_whitening_eps3e4_fbstcnet_m_conn_light,p3_nested_selection,fixed_crop_whitening_eps3e4_fbstcnet_m_conn_light,complete,20,5,0,outputs/autofill_B3_20260523_215012_005_p3_fixed_crop_whitening_eps3e4_fbstcnet_m_conn_light/fixed_crop_whitening_eps3e4_fbstcnet_m_conn_light/protocol3_board.csv,outputs/autofill_B3_20260523_215012_005_p3_fixed_crop_whitening_eps3e4_fbstcnet_m_conn_light/fixed_crop_whitening_eps3e4_fbstcnet_m_conn_light/protocol3_audit.json,outputs/autofill_B3_20260523_215012_005_p3_fixed_crop_whitening_eps3e4_fbstcnet_m_conn_light/fixed_crop_whitening_eps3e4_fbstcnet_m_conn_light/protocol3_jobs.csv,5,0.7128165866666667,0.03227263581168424,0.6764175999999998,0.7722346666666667
B,remote_protocol_scores_B.tgz,6f897340242462a081c466facc7b4ee8bbc58b4cf5cfede780627603324167ba,2026-05-23T23:51:22+0800,autofill_B3_20260523_215016_006_p1_fixed_crop_whitening_eps3e4_fbstcnet_m_conn_light,outputs/autofill_B3_20260523_215016_006_p1_fixed_crop_whitening_eps3e4_fbstcnet_m_conn_light/fixed_crop_whitening_eps3e4_fbstcnet_m_conn_light,p1_repeated_group_kfold,fixed_crop_whitening_eps3e4_fbstcnet_m_conn_light,complete,25,25,0,outputs/autofill_B3_20260523_215016_006_p1_fixed_crop_whitening_eps3e4_fbstcnet_m_conn_light/fixed_crop_whitening_eps3e4_fbstcnet_m_conn_light/protocol1_board.csv,outputs/autofill_B3_20260523_215016_006_p1_fixed_crop_whitening_eps3e4_fbstcnet_m_conn_light/fixed_crop_whitening_eps3e4_fbstcnet_m_conn_light/protocol1_audit.json,outputs/autofill_B3_20260523_215016_006_p1_fixed_crop_whitening_eps3e4_fbstcnet_m_conn_light/fixed_crop_whitening_eps3e4_fbstcnet_m_conn_light/protocol1_jobs.csv,25,0.710140256,0.04494870947223954,0.6153402666666666,0.8026346666666665
B,remote_protocol_scores_B.tgz,6f897340242462a081c466facc7b4ee8bbc58b4cf5cfede780627603324167ba,2026-05-23T23:51:22+0800,autofill_B3_20260523_215401_007_p2_fixed_crop_ea_whitening_eps3e4_fbstcnet_m_conn_light,outputs/autofill_B3_20260523_215401_007_p2_fixed_crop_ea_whitening_eps3e4_fbstcnet_m_conn_light/fixed_crop_ea_whitening_eps3e4_fbstcnet_m_conn_light,p2_pseudo_public_holdout,fixed_crop_ea_whitening_eps3e4_fbstcnet_m_conn_light,complete,8,7,0,outputs/autofill_B3_20260523_215401_007_p2_fixed_crop_ea_whitening_eps3e4_fbstcnet_m_conn_light/fixed_crop_ea_whitening_eps3e4_fbstcnet_m_conn_light/protocol2_board.csv,outputs/autofill_B3_20260523_215401_007_p2_fixed_crop_ea_whitening_eps3e4_fbstcnet_m_conn_light/fixed_crop_ea_whitening_eps3e4_fbstcnet_m_conn_light/protocol2_audit.json,outputs/autofill_B3_20260523_215401_007_p2_fixed_crop_ea_whitening_eps3e4_fbstcnet_m_conn_light/fixed_crop_ea_whitening_eps3e4_fbstcnet_m_conn_light/protocol2_jobs.csv,7,0.6517857142857143,0.14886903571904522,0.2916666666666667,0.75
B,remote_protocol_scores_B.tgz,6f897340242462a081c466facc7b4ee8bbc58b4cf5cfede780627603324167ba,2026-05-23T23:51:22+0800,autofill_B3_20260523_220809_008_p3_fixed_crop_ea_whitening_eps3e4_fbstcnet_m_conn_light,outputs/autofill_B3_20260523_220809_008_p3_fixed_crop_ea_whitening_eps3e4_fbstcnet_m_conn_light/fixed_crop_ea_whitening_eps3e4_fbstcnet_m_conn_light,p3_nested_selection,fixed_crop_ea_whitening_eps3e4_fbstcnet_m_conn_light,complete,20,5,0,outputs/autofill_B3_20260523_220809_008_p3_fixed_crop_ea_whitening_eps3e4_fbstcnet_m_conn_light/fixed_crop_ea_whitening_eps3e4_fbstcnet_m_conn_light/protocol3_board.csv,outputs/autofill_B3_20260523_220809_008_p3_fixed_crop_ea_whitening_eps3e4_fbstcnet_m_conn_light/fixed_crop_ea_whitening_eps3e4_fbstcnet_m_conn_light/protocol3_audit.json,outputs/autofill_B3_20260523_220809_008_p3_fixed_crop_ea_whitening_eps3e4_fbstcnet_m_conn_light/fixed_crop_ea_whitening_eps3e4_fbstcnet_m_conn_light/protocol3_jobs.csv,5,0.71160992,0.02384803585812649,0.6881973333333334,0.7544053333333333
B,remote_protocol_scores_B.tgz,6f897340242462a081c466facc7b4ee8bbc58b4cf5cfede780627603324167ba,2026-05-23T23:51:22+0800,autofill_B3_20260523_223559_013_p2_fixed_crop_whitening_eps3e4_fbstcnet_m_conn_light,outputs/autofill_B3_20260523_223559_013_p2_fixed_crop_whitening_eps3e4_fbstcnet_m_conn_light/fixed_crop_whitening_eps3e4_fbstcnet_m_conn_light,p2_pseudo_public_holdout,fixed_crop_whitening_eps3e4_fbstcnet_m_conn_light,complete,8,7,0,outputs/autofill_B3_20260523_223559_013_p2_fixed_crop_whitening_eps3e4_fbstcnet_m_conn_light/fixed_crop_whitening_eps3e4_fbstcnet_m_conn_light/protocol2_board.csv,outputs/autofill_B3_20260523_223559_013_p2_fixed_crop_whitening_eps3e4_fbstcnet_m_conn_light/fixed_crop_whitening_eps3e4_fbstcnet_m_conn_light/protocol2_audit.json,outputs/autofill_B3_20260523_223559_013_p2_fixed_crop_whitening_eps3e4_fbstcnet_m_conn_light/fixed_crop_whitening_eps3e4_fbstcnet_m_conn_light/protocol2_jobs.csv,7,0.6547619047619048,0.15899655225229858,0.2708333333333333,0.7708333333333334
B,remote_protocol_scores_B.tgz,6f897340242462a081c466facc7b4ee8bbc58b4cf5cfede780627603324167ba,2026-05-23T23:51:22+0800,autofill_B3_20260523_230340_016_p2_fixed_crop_ea_whitening_eps3e4_fbstcnet_m_conn_light,outputs/autofill_B3_20260523_230340_016_p2_fixed_crop_ea_whitening_eps3e4_fbstcnet_m_conn_light/fixed_crop_ea_whitening_eps3e4_fbstcnet_m_conn_light,p2_pseudo_public_holdout,fixed_crop_ea_whitening_eps3e4_fbstcnet_m_conn_light,complete,8,7,0,outputs/autofill_B3_20260523_230340_016_p2_fixed_crop_ea_whitening_eps3e4_fbstcnet_m_conn_light/fixed_crop_ea_whitening_eps3e4_fbstcnet_m_conn_light/protocol2_board.csv,outputs/autofill_B3_20260523_230340_016_p2_fixed_crop_ea_whitening_eps3e4_fbstcnet_m_conn_light/fixed_crop_ea_whitening_eps3e4_fbstcnet_m_conn_light/protocol2_audit.json,outputs/autofill_B3_20260523_230340_016_p2_fixed_crop_ea_whitening_eps3e4_fbstcnet_m_conn_light/fixed_crop_ea_whitening_eps3e4_fbstcnet_m_conn_light/protocol2_jobs.csv,7,0.6517857142857143,0.14886903571904522,0.2916666666666667,0.75
B,remote_protocol_scores_B.tgz,6f897340242462a081c466facc7b4ee8bbc58b4cf5cfede780627603324167ba,2026-05-23T23:51:22+0800,autofill_B3_20260523_232720_019_p2_fixed_crop_whitening_eps1e3_fbstcnet,outputs/autofill_B3_20260523_232720_019_p2_fixed_crop_whitening_eps1e3_fbstcnet/fixed_crop_whitening_eps1e3_fbstcnet,p2_pseudo_public_holdout,fixed_crop_whitening_eps1e3_fbstcnet,complete,8,7,0,outputs/autofill_B3_20260523_232720_019_p2_fixed_crop_whitening_eps1e3_fbstcnet/fixed_crop_whitening_eps1e3_fbstcnet/protocol2_board.csv,outputs/autofill_B3_20260523_232720_019_p2_fixed_crop_whitening_eps1e3_fbstcnet/fixed_crop_whitening_eps1e3_fbstcnet/protocol2_audit.json,outputs/autofill_B3_20260523_232720_019_p2_fixed_crop_whitening_eps1e3_fbstcnet/fixed_crop_whitening_eps1e3_fbstcnet/protocol2_jobs.csv,7,0.6577380952380952,0.16919845718514162,0.25,0.7708333333333334
B,remote_protocol_scores_B.tgz,6f897340242462a081c466facc7b4ee8bbc58b4cf5cfede780627603324167ba,2026-05-23T23:51:22+0800,autofill_B_20260522_233115_001_p2_sliding_ea_dgcnn_w6_s1,outputs/autofill_B_20260522_233115_001_p2_sliding_ea_dgcnn_w6_s1/sliding_ea_dgcnn_w6_s1,p2_pseudo_public_holdout,sliding_ea_dgcnn_w6_s1,complete,8,7,0,outputs/autofill_B_20260522_233115_001_p2_sliding_ea_dgcnn_w6_s1/sliding_ea_dgcnn_w6_s1/protocol2_board.csv,outputs/autofill_B_20260522_233115_001_p2_sliding_ea_dgcnn_w6_s1/sliding_ea_dgcnn_w6_s1/protocol2_audit.json,outputs/autofill_B_20260522_233115_001_p2_sliding_ea_dgcnn_w6_s1/sliding_ea_dgcnn_w6_s1/protocol2_jobs.csv,7,0.6875,0.06099375455928334,0.5416666666666666,0.7291666666666666
B,remote_protocol_scores_B.tgz,6f897340242462a081c466facc7b4ee8bbc58b4cf5cfede780627603324167ba,2026-05-23T23:51:22+0800,autofill_B_20260522_233119_002_p3_sliding_ea_dgcnn_w6_s1,outputs/autofill_B_20260522_233119_002_p3_sliding_ea_dgcnn_w6_s1/sliding_ea_dgcnn_w6_s1,p3_nested_selection,sliding_ea_dgcnn_w6_s1,complete,20,5,0,outputs/autofill_B_20260522_233119_002_p3_sliding_ea_dgcnn_w6_s1/sliding_ea_dgcnn_w6_s1/protocol3_board.csv,outputs/autofill_B_20260522_233119_002_p3_sliding_ea_dgcnn_w6_s1/sliding_ea_dgcnn_w6_s1/protocol3_audit.json,outputs/autofill_B_20260522_233119_002_p3_sliding_ea_dgcnn_w6_s1/sliding_ea_dgcnn_w6_s1/protocol3_jobs.csv,5,0.6282152,0.019855123350689882,0.6100293333333333,0.6644333333333333
B,remote_protocol_scores_B.tgz,6f897340242462a081c466facc7b4ee8bbc58b4cf5cfede780627603324167ba,2026-05-23T23:51:22+0800,autofill_B_20260522_233123_003_p2_sliding_ea_dgcnn_coral_cohort_w6_s1,outputs/autofill_B_20260522_233123_003_p2_sliding_ea_dgcnn_coral_cohort_w6_s1/sliding_ea_dgcnn_coral_cohort_w6_s1,p2_pseudo_public_holdout,sliding_ea_dgcnn_coral_cohort_w6_s1,complete,8,7,0,outputs/autofill_B_20260522_233123_003_p2_sliding_ea_dgcnn_coral_cohort_w6_s1/sliding_ea_dgcnn_coral_cohort_w6_s1/protocol2_board.csv,outputs/autofill_B_20260522_233123_003_p2_sliding_ea_dgcnn_coral_cohort_w6_s1/sliding_ea_dgcnn_coral_cohort_w6_s1/protocol2_audit.json,outputs/autofill_B_20260522_233123_003_p2_sliding_ea_dgcnn_coral_cohort_w6_s1/sliding_ea_dgcnn_coral_cohort_w6_s1/protocol2_jobs.csv,7,0.7053571428571429,0.06628290908130978,0.5625,0.7916666666666666
B,remote_protocol_scores_B.tgz,6f897340242462a081c466facc7b4ee8bbc58b4cf5cfede780627603324167ba,2026-05-23T23:51:22+0800,autofill_B_20260522_233127_004_p3_sliding_ea_dgcnn_coral_cohort_w6_s1,outputs/autofill_B_20260522_233127_004_p3_sliding_ea_dgcnn_coral_cohort_w6_s1/sliding_ea_dgcnn_coral_cohort_w6_s1,p3_nested_selection,sliding_ea_dgcnn_coral_cohort_w6_s1,complete,20,5,0,outputs/autofill_B_20260522_233127_004_p3_sliding_ea_dgcnn_coral_cohort_w6_s1/sliding_ea_dgcnn_coral_cohort_w6_s1/protocol3_board.csv,outputs/autofill_B_20260522_233127_004_p3_sliding_ea_dgcnn_coral_cohort_w6_s1/sliding_ea_dgcnn_coral_cohort_w6_s1/protocol3_audit.json,outputs/autofill_B_20260522_233127_004_p3_sliding_ea_dgcnn_coral_cohort_w6_s1/sliding_ea_dgcnn_coral_cohort_w6_s1/protocol3_jobs.csv,5,0.6344719999999999,0.021208953815677854,0.6057173333333333,0.6675666666666668
B,remote_protocol_scores_B.tgz,6f897340242462a081c466facc7b4ee8bbc58b4cf5cfede780627603324167ba,2026-05-23T23:51:22+0800,autofill_B_20260522_233131_005_p2_sliding_ea_dgcnn_dann_cohort_w6_s1,outputs/autofill_B_20260522_233131_005_p2_sliding_ea_dgcnn_dann_cohort_w6_s1/sliding_ea_dgcnn_dann_cohort_w6_s1,p2_pseudo_public_holdout,sliding_ea_dgcnn_dann_cohort_w6_s1,complete,8,7,0,outputs/autofill_B_20260522_233131_005_p2_sliding_ea_dgcnn_dann_cohort_w6_s1/sliding_ea_dgcnn_dann_cohort_w6_s1/protocol2_board.csv,outputs/autofill_B_20260522_233131_005_p2_sliding_ea_dgcnn_dann_cohort_w6_s1/sliding_ea_dgcnn_dann_cohort_w6_s1/protocol2_audit.json,outputs/autofill_B_20260522_233131_005_p2_sliding_ea_dgcnn_dann_cohort_w6_s1/sliding_ea_dgcnn_dann_cohort_w6_s1/protocol2_jobs.csv,7,0.6666666666666666,0.06200198409523708,0.5208333333333334,0.7083333333333334
B,remote_protocol_scores_B.tgz,6f897340242462a081c466facc7b4ee8bbc58b4cf5cfede780627603324167ba,2026-05-23T23:51:22+0800,autofill_B_20260522_233135_006_p3_sliding_ea_dgcnn_dann_cohort_w6_s1,outputs/autofill_B_20260522_233135_006_p3_sliding_ea_dgcnn_dann_cohort_w6_s1/sliding_ea_dgcnn_dann_cohort_w6_s1,p3_nested_selection,sliding_ea_dgcnn_dann_cohort_w6_s1,complete,20,5,0,outputs/autofill_B_20260522_233135_006_p3_sliding_ea_dgcnn_dann_cohort_w6_s1/sliding_ea_dgcnn_dann_cohort_w6_s1/protocol3_board.csv,outputs/autofill_B_20260522_233135_006_p3_sliding_ea_dgcnn_dann_cohort_w6_s1/sliding_ea_dgcnn_dann_cohort_w6_s1/protocol3_audit.json,outputs/autofill_B_20260522_233135_006_p3_sliding_ea_dgcnn_dann_cohort_w6_s1/sliding_ea_dgcnn_dann_cohort_w6_s1/protocol3_jobs.csv,5,0.6474410666666667,0.025347236429156407,0.6141893333333334,0.6887533333333332
B,remote_protocol_scores_B.tgz,6f897340242462a081c466facc7b4ee8bbc58b4cf5cfede780627603324167ba,2026-05-23T23:51:22+0800,autofill_B_20260522_233440_007_p2_sliding_ea_fbstcnet_m_conn_w6_s1,outputs/autofill_B_20260522_233440_007_p2_sliding_ea_fbstcnet_m_conn_w6_s1/sliding_ea_fbstcnet_m_conn_w6_s1,p2_pseudo_public_holdout,sliding_ea_fbstcnet_m_conn_w6_s1,complete,8,7,0,outputs/autofill_B_20260522_233440_007_p2_sliding_ea_fbstcnet_m_conn_w6_s1/sliding_ea_fbstcnet_m_conn_w6_s1/protocol2_board.csv,outputs/autofill_B_20260522_233440_007_p2_sliding_ea_fbstcnet_m_conn_w6_s1/sliding_ea_fbstcnet_m_conn_w6_s1/protocol2_audit.json,outputs/autofill_B_20260522_233440_007_p2_sliding_ea_fbstcnet_m_conn_w6_s1/sliding_ea_fbstcnet_m_conn_w6_s1/protocol2_jobs.csv,7,0.6488095238095237,0.062429098105366156,0.5,0.6875
B,remote_protocol_scores_B.tgz,6f897340242462a081c466facc7b4ee8bbc58b4cf5cfede780627603324167ba,2026-05-23T23:51:22+0800,autofill_B_20260522_233504_008_p3_sliding_ea_fbstcnet_m_conn_w6_s1,outputs/autofill_B_20260522_233504_008_p3_sliding_ea_fbstcnet_m_conn_w6_s1/sliding_ea_fbstcnet_m_conn_w6_s1,p3_nested_selection,sliding_ea_fbstcnet_m_conn_w6_s1,complete,20,5,0,outputs/autofill_B_20260522_233504_008_p3_sliding_ea_fbstcnet_m_conn_w6_s1/sliding_ea_fbstcnet_m_conn_w6_s1/protocol3_board.csv,outputs/autofill_B_20260522_233504_008_p3_sliding_ea_fbstcnet_m_conn_w6_s1/sliding_ea_fbstcnet_m_conn_w6_s1/protocol3_audit.json,outputs/autofill_B_20260522_233504_008_p3_sliding_ea_fbstcnet_m_conn_w6_s1/sliding_ea_fbstcnet_m_conn_w6_s1/protocol3_jobs.csv,5,0.6360728,0.027116566961996578,0.6026933333333334,0.6678120000000001
B,remote_protocol_scores_B.tgz,6f897340242462a081c466facc7b4ee8bbc58b4cf5cfede780627603324167ba,2026-05-23T23:51:22+0800,autofill_B_20260522_233508_009_p1_fixed_crop_ea_whitening_eps3e4_fbstcnet,outputs/autofill_B_20260522_233508_009_p1_fixed_crop_ea_whitening_eps3e4_fbstcnet/fixed_crop_ea_whitening_eps3e4_fbstcnet,p1_repeated_group_kfold,fixed_crop_ea_whitening_eps3e4_fbstcnet,complete,25,25,0,outputs/autofill_B_20260522_233508_009_p1_fixed_crop_ea_whitening_eps3e4_fbstcnet/fixed_crop_ea_whitening_eps3e4_fbstcnet/protocol1_board.csv,outputs/autofill_B_20260522_233508_009_p1_fixed_crop_ea_whitening_eps3e4_fbstcnet/fixed_crop_ea_whitening_eps3e4_fbstcnet/protocol1_audit.json,outputs/autofill_B_20260522_233508_009_p1_fixed_crop_ea_whitening_eps3e4_fbstcnet/fixed_crop_ea_whitening_eps3e4_fbstcnet/protocol1_jobs.csv,25,0.7080468799999999,0.04524262284057761,0.6166077333333334,0.7959304
B,remote_protocol_scores_B.tgz,6f897340242462a081c466facc7b4ee8bbc58b4cf5cfede780627603324167ba,2026-05-23T23:51:22+0800,autofill_B_20260522_233853_010_p1_fixed_crop_ea_whitening_eps1e3_fbstcnet,outputs/autofill_B_20260522_233853_010_p1_fixed_crop_ea_whitening_eps1e3_fbstcnet/fixed_crop_ea_whitening_eps1e3_fbstcnet,p1_repeated_group_kfold,fixed_crop_ea_whitening_eps1e3_fbstcnet,complete,25,25,0,outputs/autofill_B_20260522_233853_010_p1_fixed_crop_ea_whitening_eps1e3_fbstcnet/fixed_crop_ea_whitening_eps1e3_fbstcnet/protocol1_board.csv,outputs/autofill_B_20260522_233853_010_p1_fixed_crop_ea_whitening_eps1e3_fbstcnet/fixed_crop_ea_whitening_eps1e3_fbstcnet/protocol1_audit.json,outputs/autofill_B_20260522_233853_010_p1_fixed_crop_ea_whitening_eps1e3_fbstcnet/fixed_crop_ea_whitening_eps1e3_fbstcnet/protocol1_jobs.csv,25,0.707528672,0.04404058830805327,0.6172954666666667,0.7948653333333334
B,remote_protocol_scores_B.tgz,6f897340242462a081c466facc7b4ee8bbc58b4cf5cfede780627603324167ba,2026-05-23T23:51:22+0800,autofill_B_20260522_235502_011_p2_fixed_crop_ea_whitening_eps3e4_fbstcnet,outputs/autofill_B_20260522_235502_011_p2_fixed_crop_ea_whitening_eps3e4_fbstcnet/fixed_crop_ea_whitening_eps3e4_fbstcnet,p2_pseudo_public_holdout,fixed_crop_ea_whitening_eps3e4_fbstcnet,complete,8,7,0,outputs/autofill_B_20260522_235502_011_p2_fixed_crop_ea_whitening_eps3e4_fbstcnet/fixed_crop_ea_whitening_eps3e4_fbstcnet/protocol2_board.csv,outputs/autofill_B_20260522_235502_011_p2_fixed_crop_ea_whitening_eps3e4_fbstcnet/fixed_crop_ea_whitening_eps3e4_fbstcnet/protocol2_audit.json,outputs/autofill_B_20260522_235502_011_p2_fixed_crop_ea_whitening_eps3e4_fbstcnet/fixed_crop_ea_whitening_eps3e4_fbstcnet/protocol2_jobs.csv,7,0.6517857142857144,0.1492849548093387,0.2916666666666667,0.75
B,remote_protocol_scores_B.tgz,6f897340242462a081c466facc7b4ee8bbc58b4cf5cfede780627603324167ba,2026-05-23T23:51:22+0800,autofill_B_20260523_000108_012_p2_fixed_crop_ea_whitening_eps1e3_fbstcnet,outputs/autofill_B_20260523_000108_012_p2_fixed_crop_ea_whitening_eps1e3_fbstcnet/fixed_crop_ea_whitening_eps1e3_fbstcnet,p2_pseudo_public_holdout,fixed_crop_ea_whitening_eps1e3_fbstcnet,complete,8,7,0,outputs/autofill_B_20260523_000108_012_p2_fixed_crop_ea_whitening_eps1e3_fbstcnet/fixed_crop_ea_whitening_eps1e3_fbstcnet/protocol2_board.csv,outputs/autofill_B_20260523_000108_012_p2_fixed_crop_ea_whitening_eps1e3_fbstcnet/fixed_crop_ea_whitening_eps1e3_fbstcnet/protocol2_audit.json,outputs/autofill_B_20260523_000108_012_p2_fixed_crop_ea_whitening_eps1e3_fbstcnet/fixed_crop_ea_whitening_eps1e3_fbstcnet/protocol2_jobs.csv,7,0.6547619047619048,0.15821468880954775,0.2708333333333333,0.75
B,remote_protocol_scores_B.tgz,6f897340242462a081c466facc7b4ee8bbc58b4cf5cfede780627603324167ba,2026-05-23T23:51:22+0800,autofill_B_20260523_074423_001_p2_fixed_crop_ea_fbstcnet_riem_guided_gate,outputs/autofill_B_20260523_074423_001_p2_fixed_crop_ea_fbstcnet_riem_guided_gate/fixed_crop_ea_fbstcnet_riem_guided_gate,p2_pseudo_public_holdout,fixed_crop_ea_fbstcnet_riem_guided_gate,complete,8,7,0,outputs/autofill_B_20260523_074423_001_p2_fixed_crop_ea_fbstcnet_riem_guided_gate/fixed_crop_ea_fbstcnet_riem_guided_gate/protocol2_board.csv,outputs/autofill_B_20260523_074423_001_p2_fixed_crop_ea_fbstcnet_riem_guided_gate/fixed_crop_ea_fbstcnet_riem_guided_gate/protocol2_audit.json,outputs/autofill_B_20260523_074423_001_p2_fixed_crop_ea_fbstcnet_riem_guided_gate/fixed_crop_ea_fbstcnet_riem_guided_gate/protocol2_jobs.csv,7,0.6785714285714286,0.12542444943872308,0.375,0.75
B,remote_protocol_scores_B.tgz,6f897340242462a081c466facc7b4ee8bbc58b4cf5cfede780627603324167ba,2026-05-23T23:51:22+0800,autofill_B_20260523_074428_002_p3_fixed_crop_ea_fbstcnet_riem_guided_gate,outputs/autofill_B_20260523_074428_002_p3_fixed_crop_ea_fbstcnet_riem_guided_gate/fixed_crop_ea_fbstcnet_riem_guided_gate,p3_nested_selection,fixed_crop_ea_fbstcnet_riem_guided_gate,complete,20,5,0,outputs/autofill_B_20260523_074428_002_p3_fixed_crop_ea_fbstcnet_riem_guided_gate/fixed_crop_ea_fbstcnet_riem_guided_gate/protocol3_board.csv,outputs/autofill_B_20260523_074428_002_p3_fixed_crop_ea_fbstcnet_riem_guided_gate/fixed_crop_ea_fbstcnet_riem_guided_gate/protocol3_audit.json,outputs/autofill_B_20260523_074428_002_p3_fixed_crop_ea_fbstcnet_riem_guided_gate/fixed_crop_ea_fbstcnet_riem_guided_gate/protocol3_jobs.csv,5,0.7042741333333333,0.029800042399373283,0.6727143999999999,0.7576285333333334
B,remote_protocol_scores_B.tgz,6f897340242462a081c466facc7b4ee8bbc58b4cf5cfede780627603324167ba,2026-05-23T23:51:22+0800,autofill_B_20260523_074432_003_p2_sliding_ea_dgcnn_w6_s1,outputs/autofill_B_20260523_074432_003_p2_sliding_ea_dgcnn_w6_s1/sliding_ea_dgcnn_w6_s1,p2_pseudo_public_holdout,sliding_ea_dgcnn_w6_s1,complete,8,7,0,outputs/autofill_B_20260523_074432_003_p2_sliding_ea_dgcnn_w6_s1/sliding_ea_dgcnn_w6_s1/protocol2_board.csv,outputs/autofill_B_20260523_074432_003_p2_sliding_ea_dgcnn_w6_s1/sliding_ea_dgcnn_w6_s1/protocol2_audit.json,outputs/autofill_B_20260523_074432_003_p2_sliding_ea_dgcnn_w6_s1/sliding_ea_dgcnn_w6_s1/protocol2_jobs.csv,7,0.6875,0.06099375455928334,0.5416666666666666,0.7291666666666666
B,remote_protocol_scores_B.tgz,6f897340242462a081c466facc7b4ee8bbc58b4cf5cfede780627603324167ba,2026-05-23T23:51:22+0800,autofill_B_20260523_074436_004_p3_sliding_ea_dgcnn_w6_s1,outputs/autofill_B_20260523_074436_004_p3_sliding_ea_dgcnn_w6_s1/sliding_ea_dgcnn_w6_s1,p3_nested_selection,sliding_ea_dgcnn_w6_s1,complete,20,5,0,outputs/autofill_B_20260523_074436_004_p3_sliding_ea_dgcnn_w6_s1/sliding_ea_dgcnn_w6_s1/protocol3_board.csv,outputs/autofill_B_20260523_074436_004_p3_sliding_ea_dgcnn_w6_s1/sliding_ea_dgcnn_w6_s1/protocol3_audit.json,outputs/autofill_B_20260523_074436_004_p3_sliding_ea_dgcnn_w6_s1/sliding_ea_dgcnn_w6_s1/protocol3_jobs.csv,5,0.6282152,0.019855123350689882,0.6100293333333333,0.6644333333333333
B,remote_protocol_scores_B.tgz,6f897340242462a081c466facc7b4ee8bbc58b4cf5cfede780627603324167ba,2026-05-23T23:51:22+0800,autofill_B_20260523_074440_005_p2_fixed_crop_ea_dgcnn,outputs/autofill_B_20260523_074440_005_p2_fixed_crop_ea_dgcnn/fixed_crop_ea_dgcnn,p2_pseudo_public_holdout,fixed_crop_ea_dgcnn,complete,8,7,0,outputs/autofill_B_20260523_074440_005_p2_fixed_crop_ea_dgcnn/fixed_crop_ea_dgcnn/protocol2_board.csv,outputs/autofill_B_20260523_074440_005_p2_fixed_crop_ea_dgcnn/fixed_crop_ea_dgcnn/protocol2_audit.json,outputs/autofill_B_20260523_074440_005_p2_fixed_crop_ea_dgcnn/fixed_crop_ea_dgcnn/protocol2_jobs.csv,7,0.6845238095238094,0.1300700796631676,0.375,0.7708333333333334
B,remote_protocol_scores_B.tgz,6f897340242462a081c466facc7b4ee8bbc58b4cf5cfede780627603324167ba,2026-05-23T23:51:22+0800,autofill_B_20260523_074444_006_p3_fixed_crop_ea_dgcnn,outputs/autofill_B_20260523_074444_006_p3_fixed_crop_ea_dgcnn/fixed_crop_ea_dgcnn,p3_nested_selection,fixed_crop_ea_dgcnn,complete,20,5,0,outputs/autofill_B_20260523_074444_006_p3_fixed_crop_ea_dgcnn/fixed_crop_ea_dgcnn/protocol3_board.csv,outputs/autofill_B_20260523_074444_006_p3_fixed_crop_ea_dgcnn/fixed_crop_ea_dgcnn/protocol3_audit.json,outputs/autofill_B_20260523_074444_006_p3_fixed_crop_ea_dgcnn/fixed_crop_ea_dgcnn/protocol3_jobs.csv,5,0.7015716266666667,0.037467617611694766,0.6419026666666666,0.7424706666666667
B,remote_protocol_scores_B.tgz,6f897340242462a081c466facc7b4ee8bbc58b4cf5cfede780627603324167ba,2026-05-23T23:51:22+0800,autofill_B_20260523_074829_007_p2_sliding_ea_dgcnn_coral_cohort_w6_s1,outputs/autofill_B_20260523_074829_007_p2_sliding_ea_dgcnn_coral_cohort_w6_s1/sliding_ea_dgcnn_coral_cohort_w6_s1,p2_pseudo_public_holdout,sliding_ea_dgcnn_coral_cohort_w6_s1,complete,8,7,0,outputs/autofill_B_20260523_074829_007_p2_sliding_ea_dgcnn_coral_cohort_w6_s1/sliding_ea_dgcnn_coral_cohort_w6_s1/protocol2_board.csv,outputs/autofill_B_20260523_074829_007_p2_sliding_ea_dgcnn_coral_cohort_w6_s1/sliding_ea_dgcnn_coral_cohort_w6_s1/protocol2_audit.json,outputs/autofill_B_20260523_074829_007_p2_sliding_ea_dgcnn_coral_cohort_w6_s1/sliding_ea_dgcnn_coral_cohort_w6_s1/protocol2_jobs.csv,7,0.7053571428571429,0.06628290908130978,0.5625,0.7916666666666666
B,remote_protocol_scores_B.tgz,6f897340242462a081c466facc7b4ee8bbc58b4cf5cfede780627603324167ba,2026-05-23T23:51:22+0800,autofill_B_20260523_074853_008_p3_sliding_ea_dgcnn_coral_cohort_w6_s1,outputs/autofill_B_20260523_074853_008_p3_sliding_ea_dgcnn_coral_cohort_w6_s1/sliding_ea_dgcnn_coral_cohort_w6_s1,p3_nested_selection,sliding_ea_dgcnn_coral_cohort_w6_s1,complete,20,5,0,outputs/autofill_B_20260523_074853_008_p3_sliding_ea_dgcnn_coral_cohort_w6_s1/sliding_ea_dgcnn_coral_cohort_w6_s1/protocol3_board.csv,outputs/autofill_B_20260523_074853_008_p3_sliding_ea_dgcnn_coral_cohort_w6_s1/sliding_ea_dgcnn_coral_cohort_w6_s1/protocol3_audit.json,outputs/autofill_B_20260523_074853_008_p3_sliding_ea_dgcnn_coral_cohort_w6_s1/sliding_ea_dgcnn_coral_cohort_w6_s1/protocol3_jobs.csv,5,0.6344719999999999,0.021208953815677854,0.6057173333333333,0.6675666666666668
B,remote_protocol_scores_B.tgz,6f897340242462a081c466facc7b4ee8bbc58b4cf5cfede780627603324167ba,2026-05-23T23:51:22+0800,autofill_B_20260523_074957_009_p2_sliding_ea_dgcnn_dann_cohort_w6_s1,outputs/autofill_B_20260523_074957_009_p2_sliding_ea_dgcnn_dann_cohort_w6_s1/sliding_ea_dgcnn_dann_cohort_w6_s1,p2_pseudo_public_holdout,sliding_ea_dgcnn_dann_cohort_w6_s1,complete,8,7,0,outputs/autofill_B_20260523_074957_009_p2_sliding_ea_dgcnn_dann_cohort_w6_s1/sliding_ea_dgcnn_dann_cohort_w6_s1/protocol2_board.csv,outputs/autofill_B_20260523_074957_009_p2_sliding_ea_dgcnn_dann_cohort_w6_s1/sliding_ea_dgcnn_dann_cohort_w6_s1/protocol2_audit.json,outputs/autofill_B_20260523_074957_009_p2_sliding_ea_dgcnn_dann_cohort_w6_s1/sliding_ea_dgcnn_dann_cohort_w6_s1/protocol2_jobs.csv,7,0.6666666666666666,0.06200198409523708,0.5208333333333334,0.7083333333333334
B,remote_protocol_scores_B.tgz,6f897340242462a081c466facc7b4ee8bbc58b4cf5cfede780627603324167ba,2026-05-23T23:51:22+0800,autofill_B_20260523_075242_010_p3_sliding_ea_dgcnn_dann_cohort_w6_s1,outputs/autofill_B_20260523_075242_010_p3_sliding_ea_dgcnn_dann_cohort_w6_s1/sliding_ea_dgcnn_dann_cohort_w6_s1,p3_nested_selection,sliding_ea_dgcnn_dann_cohort_w6_s1,complete,20,5,0,outputs/autofill_B_20260523_075242_010_p3_sliding_ea_dgcnn_dann_cohort_w6_s1/sliding_ea_dgcnn_dann_cohort_w6_s1/protocol3_board.csv,outputs/autofill_B_20260523_075242_010_p3_sliding_ea_dgcnn_dann_cohort_w6_s1/sliding_ea_dgcnn_dann_cohort_w6_s1/protocol3_audit.json,outputs/autofill_B_20260523_075242_010_p3_sliding_ea_dgcnn_dann_cohort_w6_s1/sliding_ea_dgcnn_dann_cohort_w6_s1/protocol3_jobs.csv,5,0.6474410666666667,0.025347236429156407,0.6141893333333334,0.6887533333333332
B,remote_protocol_scores_B.tgz,6f897340242462a081c466facc7b4ee8bbc58b4cf5cfede780627603324167ba,2026-05-23T23:51:22+0800,autofill_B_20260523_075407_011_p2_sliding_ea_dgcnn_masked_consistency_w6_s1,outputs/autofill_B_20260523_075407_011_p2_sliding_ea_dgcnn_masked_consistency_w6_s1/sliding_ea_dgcnn_masked_consistency_w6_s1,p2_pseudo_public_holdout,sliding_ea_dgcnn_masked_consistency_w6_s1,complete,8,7,0,outputs/autofill_B_20260523_075407_011_p2_sliding_ea_dgcnn_masked_consistency_w6_s1/sliding_ea_dgcnn_masked_consistency_w6_s1/protocol2_board.csv,outputs/autofill_B_20260523_075407_011_p2_sliding_ea_dgcnn_masked_consistency_w6_s1/sliding_ea_dgcnn_masked_consistency_w6_s1/protocol2_audit.json,outputs/autofill_B_20260523_075407_011_p2_sliding_ea_dgcnn_masked_consistency_w6_s1/sliding_ea_dgcnn_masked_consistency_w6_s1/protocol2_jobs.csv,7,0.6636904761904762,0.06041006883983463,0.5208333333333334,0.7083333333333334
B,remote_protocol_scores_B.tgz,6f897340242462a081c466facc7b4ee8bbc58b4cf5cfede780627603324167ba,2026-05-23T23:51:22+0800,autofill_B_20260523_075912_012_p3_sliding_ea_dgcnn_masked_consistency_w6_s1,outputs/autofill_B_20260523_075912_012_p3_sliding_ea_dgcnn_masked_consistency_w6_s1/sliding_ea_dgcnn_masked_consistency_w6_s1,p3_nested_selection,sliding_ea_dgcnn_masked_consistency_w6_s1,complete,20,5,0,outputs/autofill_B_20260523_075912_012_p3_sliding_ea_dgcnn_masked_consistency_w6_s1/sliding_ea_dgcnn_masked_consistency_w6_s1/protocol3_board.csv,outputs/autofill_B_20260523_075912_012_p3_sliding_ea_dgcnn_masked_consistency_w6_s1/sliding_ea_dgcnn_masked_consistency_w6_s1/protocol3_audit.json,outputs/autofill_B_20260523_075912_012_p3_sliding_ea_dgcnn_masked_consistency_w6_s1/sliding_ea_dgcnn_masked_consistency_w6_s1/protocol3_jobs.csv,5,0.6327461333333334,0.02889412362063341,0.602164,0.6856666666666668
B,remote_protocol_scores_B.tgz,6f897340242462a081c466facc7b4ee8bbc58b4cf5cfede780627603324167ba,2026-05-23T23:51:22+0800,autofill_B_20260523_080639_013_p2_sliding_ea_dual_graph_conformer_w6_s1,outputs/autofill_B_20260523_080639_013_p2_sliding_ea_dual_graph_conformer_w6_s1/sliding_ea_dual_graph_conformer_w6_s1,p2_pseudo_public_holdout,sliding_ea_dual_graph_conformer_w6_s1,complete,8,7,0,outputs/autofill_B_20260523_080639_013_p2_sliding_ea_dual_graph_conformer_w6_s1/sliding_ea_dual_graph_conformer_w6_s1/protocol2_board.csv,outputs/autofill_B_20260523_080639_013_p2_sliding_ea_dual_graph_conformer_w6_s1/sliding_ea_dual_graph_conformer_w6_s1/protocol2_audit.json,outputs/autofill_B_20260523_080639_013_p2_sliding_ea_dual_graph_conformer_w6_s1/sliding_ea_dual_graph_conformer_w6_s1/protocol2_jobs.csv,7,0.6339285714285714,0.05206207048969017,0.5208333333333334,0.6875
B,remote_protocol_scores_B.tgz,6f897340242462a081c466facc7b4ee8bbc58b4cf5cfede780627603324167ba,2026-05-23T23:51:22+0800,autofill_B_20260523_081125_014_p3_sliding_ea_dual_graph_conformer_w6_s1,outputs/autofill_B_20260523_081125_014_p3_sliding_ea_dual_graph_conformer_w6_s1/sliding_ea_dual_graph_conformer_w6_s1,p3_nested_selection,sliding_ea_dual_graph_conformer_w6_s1,complete,20,5,0,outputs/autofill_B_20260523_081125_014_p3_sliding_ea_dual_graph_conformer_w6_s1/sliding_ea_dual_graph_conformer_w6_s1/protocol3_board.csv,outputs/autofill_B_20260523_081125_014_p3_sliding_ea_dual_graph_conformer_w6_s1/sliding_ea_dual_graph_conformer_w6_s1/protocol3_audit.json,outputs/autofill_B_20260523_081125_014_p3_sliding_ea_dual_graph_conformer_w6_s1/sliding_ea_dual_graph_conformer_w6_s1/protocol3_jobs.csv,5,0.65088016,0.03271671662248113,0.5989866666666668,0.7004600000000001
B,remote_protocol_scores_B.tgz,6f897340242462a081c466facc7b4ee8bbc58b4cf5cfede780627603324167ba,2026-05-23T23:51:22+0800,autofill_B_20260523_081129_015_p2_sliding_window_srf_fbstcnet_gate_whitening_eps3e4_w6_s1,outputs/autofill_B_20260523_081129_015_p2_sliding_window_srf_fbstcnet_gate_whitening_eps3e4_w6_s1/sliding_window_srf_fbstcnet_gate_whitening_eps3e4_w6_s1,p2_pseudo_public_holdout,sliding_window_srf_fbstcnet_gate_whitening_eps3e4_w6_s1,complete,8,7,0,outputs/autofill_B_20260523_081129_015_p2_sliding_window_srf_fbstcnet_gate_whitening_eps3e4_w6_s1/sliding_window_srf_fbstcnet_gate_whitening_eps3e4_w6_s1/protocol2_board.csv,outputs/autofill_B_20260523_081129_015_p2_sliding_window_srf_fbstcnet_gate_whitening_eps3e4_w6_s1/sliding_window_srf_fbstcnet_gate_whitening_eps3e4_w6_s1/protocol2_audit.json,outputs/autofill_B_20260523_081129_015_p2_sliding_window_srf_fbstcnet_gate_whitening_eps3e4_w6_s1/sliding_window_srf_fbstcnet_gate_whitening_eps3e4_w6_s1/protocol2_jobs.csv,7,0.6517857142857142,0.08459922859257081,0.4583333333333333,0.7291666666666666
B,remote_protocol_scores_B.tgz,6f897340242462a081c466facc7b4ee8bbc58b4cf5cfede780627603324167ba,2026-05-23T23:51:22+0800,autofill_B_20260523_081634_016_p3_sliding_window_srf_fbstcnet_gate_whitening_eps3e4_w6_s1,outputs/autofill_B_20260523_081634_016_p3_sliding_window_srf_fbstcnet_gate_whitening_eps3e4_w6_s1/sliding_window_srf_fbstcnet_gate_whitening_eps3e4_w6_s1,p3_nested_selection,sliding_window_srf_fbstcnet_gate_whitening_eps3e4_w6_s1,complete,20,5,0,outputs/autofill_B_20260523_081634_016_p3_sliding_window_srf_fbstcnet_gate_whitening_eps3e4_w6_s1/sliding_window_srf_fbstcnet_gate_whitening_eps3e4_w6_s1/protocol3_board.csv,outputs/autofill_B_20260523_081634_016_p3_sliding_window_srf_fbstcnet_gate_whitening_eps3e4_w6_s1/sliding_window_srf_fbstcnet_gate_whitening_eps3e4_w6_s1/protocol3_audit.json,outputs/autofill_B_20260523_081634_016_p3_sliding_window_srf_fbstcnet_gate_whitening_eps3e4_w6_s1/sliding_window_srf_fbstcnet_gate_whitening_eps3e4_w6_s1/protocol3_jobs.csv,5,0.6497312000000001,0.023563369456849795,0.625172,0.6860080000000001
B,remote_protocol_scores_B.tgz,6f897340242462a081c466facc7b4ee8bbc58b4cf5cfede780627603324167ba,2026-05-23T23:51:22+0800,autofill_B_20260523_082100_017_p1_fixed_crop_ea_fbstcnet_riem_guided_gate,outputs/autofill_B_20260523_082100_017_p1_fixed_crop_ea_fbstcnet_riem_guided_gate/fixed_crop_ea_fbstcnet_riem_guided_gate,p1_repeated_group_kfold,fixed_crop_ea_fbstcnet_riem_guided_gate,complete,25,25,0,outputs/autofill_B_20260523_082100_017_p1_fixed_crop_ea_fbstcnet_riem_guided_gate/fixed_crop_ea_fbstcnet_riem_guided_gate/protocol1_board.csv,outputs/autofill_B_20260523_082100_017_p1_fixed_crop_ea_fbstcnet_riem_guided_gate/fixed_crop_ea_fbstcnet_riem_guided_gate/protocol1_audit.json,outputs/autofill_B_20260523_082100_017_p1_fixed_crop_ea_fbstcnet_riem_guided_gate/fixed_crop_ea_fbstcnet_riem_guided_gate/protocol1_jobs.csv,25,0.6883451306666666,0.04606313161271889,0.591428,0.7764253333333334
B,remote_protocol_scores_B.tgz,6f897340242462a081c466facc7b4ee8bbc58b4cf5cfede780627603324167ba,2026-05-23T23:51:22+0800,autofill_B_20260523_082104_018_p1_sliding_ea_dgcnn_w6_s1,outputs/autofill_B_20260523_082104_018_p1_sliding_ea_dgcnn_w6_s1/sliding_ea_dgcnn_w6_s1,p1_repeated_group_kfold,sliding_ea_dgcnn_w6_s1,complete,25,25,0,outputs/autofill_B_20260523_082104_018_p1_sliding_ea_dgcnn_w6_s1/sliding_ea_dgcnn_w6_s1/protocol1_board.csv,outputs/autofill_B_20260523_082104_018_p1_sliding_ea_dgcnn_w6_s1/sliding_ea_dgcnn_w6_s1/protocol1_audit.json,outputs/autofill_B_20260523_082104_018_p1_sliding_ea_dgcnn_w6_s1/sliding_ea_dgcnn_w6_s1/protocol1_jobs.csv,25,0.6316221866666666,0.056133432953678834,0.523564,0.75904
B,remote_protocol_scores_B.tgz,6f897340242462a081c466facc7b4ee8bbc58b4cf5cfede780627603324167ba,2026-05-23T23:51:22+0800,autofill_B_20260523_082108_019_p2_fixed_crop_ea_riemannian_tangent,outputs/autofill_B_20260523_082108_019_p2_fixed_crop_ea_riemannian_tangent/fixed_crop_ea_riemannian_tangent,p2_pseudo_public_holdout,fixed_crop_ea_riemannian_tangent,complete,8,7,0,outputs/autofill_B_20260523_082108_019_p2_fixed_crop_ea_riemannian_tangent/fixed_crop_ea_riemannian_tangent/protocol2_board.csv,outputs/autofill_B_20260523_082108_019_p2_fixed_crop_ea_riemannian_tangent/fixed_crop_ea_riemannian_tangent/protocol2_audit.json,outputs/autofill_B_20260523_082108_019_p2_fixed_crop_ea_riemannian_tangent/fixed_crop_ea_riemannian_tangent/protocol2_jobs.csv,7,0.45238095238095244,0.17946206466287304,0.020833333333333332,0.5625
B,remote_protocol_scores_B.tgz,6f897340242462a081c466facc7b4ee8bbc58b4cf5cfede780627603324167ba,2026-05-23T23:51:22+0800,autofill_B_20260523_082410_020_p1_sliding_ea_dgcnn_coral_cohort_w6_s1,outputs/autofill_B_20260523_082410_020_p1_sliding_ea_dgcnn_coral_cohort_w6_s1/sliding_ea_dgcnn_coral_cohort_w6_s1,p1_repeated_group_kfold,sliding_ea_dgcnn_coral_cohort_w6_s1,complete,25,25,0,outputs/autofill_B_20260523_082410_020_p1_sliding_ea_dgcnn_coral_cohort_w6_s1/sliding_ea_dgcnn_coral_cohort_w6_s1/protocol1_board.csv,outputs/autofill_B_20260523_082410_020_p1_sliding_ea_dgcnn_coral_cohort_w6_s1/sliding_ea_dgcnn_coral_cohort_w6_s1/protocol1_audit.json,outputs/autofill_B_20260523_082410_020_p1_sliding_ea_dgcnn_coral_cohort_w6_s1/sliding_ea_dgcnn_coral_cohort_w6_s1/protocol1_jobs.csv,25,0.63191088,0.05484836064665562,0.520852,0.7468333333333333
B,remote_protocol_scores_B.tgz,6f897340242462a081c466facc7b4ee8bbc58b4cf5cfede780627603324167ba,2026-05-23T23:51:22+0800,autofill_B_20260523_082615_021_p1_sliding_ea_dgcnn_dann_cohort_w6_s1,outputs/autofill_B_20260523_082615_021_p1_sliding_ea_dgcnn_dann_cohort_w6_s1/sliding_ea_dgcnn_dann_cohort_w6_s1,p1_repeated_group_kfold,sliding_ea_dgcnn_dann_cohort_w6_s1,complete,25,25,0,outputs/autofill_B_20260523_082615_021_p1_sliding_ea_dgcnn_dann_cohort_w6_s1/sliding_ea_dgcnn_dann_cohort_w6_s1/protocol1_board.csv,outputs/autofill_B_20260523_082615_021_p1_sliding_ea_dgcnn_dann_cohort_w6_s1/sliding_ea_dgcnn_dann_cohort_w6_s1/protocol1_audit.json,outputs/autofill_B_20260523_082615_021_p1_sliding_ea_dgcnn_dann_cohort_w6_s1/sliding_ea_dgcnn_dann_cohort_w6_s1/protocol1_jobs.csv,25,0.6406653866666666,0.057806675207601736,0.5390986666666666,0.79164
B,remote_protocol_scores_B.tgz,6f897340242462a081c466facc7b4ee8bbc58b4cf5cfede780627603324167ba,2026-05-23T23:51:22+0800,autofill_B_20260523_082619_022_p1_sliding_ea_dgcnn_masked_consistency_w6_s1,outputs/autofill_B_20260523_082619_022_p1_sliding_ea_dgcnn_masked_consistency_w6_s1/sliding_ea_dgcnn_masked_consistency_w6_s1,p1_repeated_group_kfold,sliding_ea_dgcnn_masked_consistency_w6_s1,complete,25,25,0,outputs/autofill_B_20260523_082619_022_p1_sliding_ea_dgcnn_masked_consistency_w6_s1/sliding_ea_dgcnn_masked_consistency_w6_s1/protocol1_board.csv,outputs/autofill_B_20260523_082619_022_p1_sliding_ea_dgcnn_masked_consistency_w6_s1/sliding_ea_dgcnn_masked_consistency_w6_s1/protocol1_audit.json,outputs/autofill_B_20260523_082619_022_p1_sliding_ea_dgcnn_masked_consistency_w6_s1/sliding_ea_dgcnn_masked_consistency_w6_s1/protocol1_jobs.csv,25,0.6407632853333333,0.05141943345552628,0.55946,0.7371
B,remote_protocol_scores_B.tgz,6f897340242462a081c466facc7b4ee8bbc58b4cf5cfede780627603324167ba,2026-05-23T23:51:22+0800,autofill_B_20260523_085748_023_p1_fixed_crop_ea_dgcnn,outputs/autofill_B_20260523_085748_023_p1_fixed_crop_ea_dgcnn/fixed_crop_ea_dgcnn,p1_repeated_group_kfold,fixed_crop_ea_dgcnn,complete,25,25,0,outputs/autofill_B_20260523_085748_023_p1_fixed_crop_ea_dgcnn/fixed_crop_ea_dgcnn/protocol1_board.csv,outputs/autofill_B_20260523_085748_023_p1_fixed_crop_ea_dgcnn/fixed_crop_ea_dgcnn/protocol1_audit.json,outputs/autofill_B_20260523_085748_023_p1_fixed_crop_ea_dgcnn/fixed_crop_ea_dgcnn/protocol1_jobs.csv,25,0.6931897173333332,0.03907501355637227,0.6233333333333333,0.7426714666666666
B,remote_protocol_scores_B.tgz,6f897340242462a081c466facc7b4ee8bbc58b4cf5cfede780627603324167ba,2026-05-23T23:51:22+0800,autofill_B_20260523_085752_024_p3_fixed_crop_ea_riemannian_tangent,outputs/autofill_B_20260523_085752_024_p3_fixed_crop_ea_riemannian_tangent/fixed_crop_ea_riemannian_tangent,p3_nested_selection,fixed_crop_ea_riemannian_tangent,complete,20,5,0,outputs/autofill_B_20260523_085752_024_p3_fixed_crop_ea_riemannian_tangent/fixed_crop_ea_riemannian_tangent/protocol3_board.csv,outputs/autofill_B_20260523_085752_024_p3_fixed_crop_ea_riemannian_tangent/fixed_crop_ea_riemannian_tangent/protocol3_audit.json,outputs/autofill_B_20260523_085752_024_p3_fixed_crop_ea_riemannian_tangent/fixed_crop_ea_riemannian_tangent/protocol3_jobs.csv,5,0.5877952533333334,0.03787787394241072,0.5184951999999999,0.6226149333333333
B,remote_protocol_scores_B.tgz,6f897340242462a081c466facc7b4ee8bbc58b4cf5cfede780627603324167ba,2026-05-23T23:51:22+0800,autofill_B_20260523_090627_027_p2_sliding_window_srfnet_whitening_eps3e4,outputs/autofill_B_20260523_090627_027_p2_sliding_window_srfnet_whitening_eps3e4/sliding_window_srfnet_whitening_eps3e4,p2_pseudo_public_holdout,sliding_window_srfnet_whitening_eps3e4,complete,8,7,0,outputs/autofill_B_20260523_090627_027_p2_sliding_window_srfnet_whitening_eps3e4/sliding_window_srfnet_whitening_eps3e4/protocol2_board.csv,outputs/autofill_B_20260523_090627_027_p2_sliding_window_srfnet_whitening_eps3e4/sliding_window_srfnet_whitening_eps3e4/protocol2_audit.json,outputs/autofill_B_20260523_090627_027_p2_sliding_window_srfnet_whitening_eps3e4/sliding_window_srfnet_whitening_eps3e4/protocol2_jobs.csv,7,0.6488095238095238,0.06242909810536616,0.5,0.6875
B,remote_protocol_scores_B.tgz,6f897340242462a081c466facc7b4ee8bbc58b4cf5cfede780627603324167ba,2026-05-23T23:51:22+0800,autofill_B_20260523_090756_028_p3_sliding_window_srfnet_whitening_eps3e4,outputs/autofill_B_20260523_090756_028_p3_sliding_window_srfnet_whitening_eps3e4/sliding_window_srfnet_whitening_eps3e4,p3_nested_selection,sliding_window_srfnet_whitening_eps3e4,complete,20,5,0,outputs/autofill_B_20260523_090756_028_p3_sliding_window_srfnet_whitening_eps3e4/sliding_window_srfnet_whitening_eps3e4/protocol3_board.csv,outputs/autofill_B_20260523_090756_028_p3_sliding_window_srfnet_whitening_eps3e4/sliding_window_srfnet_whitening_eps3e4/protocol3_audit.json,outputs/autofill_B_20260523_090756_028_p3_sliding_window_srfnet_whitening_eps3e4/sliding_window_srfnet_whitening_eps3e4/protocol3_jobs.csv,5,0.6294402133333333,0.03587475468515182,0.5737437333333334,0.672012
B,remote_protocol_scores_B.tgz,6f897340242462a081c466facc7b4ee8bbc58b4cf5cfede780627603324167ba,2026-05-23T23:51:22+0800,autofill_B_20260523_090800_029_p2_fixed_crop_whitening_eps3e4_tri_context_gate,outputs/autofill_B_20260523_090800_029_p2_fixed_crop_whitening_eps3e4_tri_context_gate/fixed_crop_whitening_eps3e4_tri_context_gate,p2_pseudo_public_holdout,fixed_crop_whitening_eps3e4_tri_context_gate,complete,8,7,0,outputs/autofill_B_20260523_090800_029_p2_fixed_crop_whitening_eps3e4_tri_context_gate/fixed_crop_whitening_eps3e4_tri_context_gate/protocol2_board.csv,outputs/autofill_B_20260523_090800_029_p2_fixed_crop_whitening_eps3e4_tri_context_gate/fixed_crop_whitening_eps3e4_tri_context_gate/protocol2_audit.json,outputs/autofill_B_20260523_090800_029_p2_fixed_crop_whitening_eps3e4_tri_context_gate/fixed_crop_whitening_eps3e4_tri_context_gate/protocol2_jobs.csv,7,0.681547619047619,0.1608795446635664,0.2916666666666667,0.7916666666666666
B,remote_protocol_scores_B.tgz,6f897340242462a081c466facc7b4ee8bbc58b4cf5cfede780627603324167ba,2026-05-23T23:51:22+0800,autofill_B_20260523_091025_030_p1_fixed_crop_whitening_eps3e4_tri_context_gate,outputs/autofill_B_20260523_091025_030_p1_fixed_crop_whitening_eps3e4_tri_context_gate/fixed_crop_whitening_eps3e4_tri_context_gate,p1_repeated_group_kfold,fixed_crop_whitening_eps3e4_tri_context_gate,complete,25,25,0,outputs/autofill_B_20260523_091025_030_p1_fixed_crop_whitening_eps3e4_tri_context_gate/fixed_crop_whitening_eps3e4_tri_context_gate/protocol1_board.csv,outputs/autofill_B_20260523_091025_030_p1_fixed_crop_whitening_eps3e4_tri_context_gate/fixed_crop_whitening_eps3e4_tri_context_gate/protocol1_audit.json,outputs/autofill_B_20260523_091025_030_p1_fixed_crop_whitening_eps3e4_tri_context_gate/fixed_crop_whitening_eps3e4_tri_context_gate/protocol1_jobs.csv,25,0.7055992746666666,0.04081839581023926,0.6356042666666667,0.7705344
B,remote_protocol_scores_B.tgz,6f897340242462a081c466facc7b4ee8bbc58b4cf5cfede780627603324167ba,2026-05-23T23:51:22+0800,autofill_B_20260523_091851_031_p1_fixed_crop_whitening_eps1e3_fbstcnet,outputs/autofill_B_20260523_091851_031_p1_fixed_crop_whitening_eps1e3_fbstcnet/fixed_crop_whitening_eps1e3_fbstcnet,p1_repeated_group_kfold,fixed_crop_whitening_eps1e3_fbstcnet,complete,25,25,0,outputs/autofill_B_20260523_091851_031_p1_fixed_crop_whitening_eps1e3_fbstcnet/fixed_crop_whitening_eps1e3_fbstcnet/protocol1_board.csv,outputs/autofill_B_20260523_091851_031_p1_fixed_crop_whitening_eps1e3_fbstcnet/fixed_crop_whitening_eps1e3_fbstcnet/protocol1_audit.json,outputs/autofill_B_20260523_091851_031_p1_fixed_crop_whitening_eps1e3_fbstcnet/fixed_crop_whitening_eps1e3_fbstcnet/protocol1_jobs.csv,25,0.7084579733333334,0.04518793546254477,0.6131146666666667,0.7942413333333334
B,remote_protocol_scores_B.tgz,6f897340242462a081c466facc7b4ee8bbc58b4cf5cfede780627603324167ba,2026-05-23T23:51:22+0800,autofill_B_20260523_091855_032_p1_fixed_crop_whitening_eps3e4_fbstcnet,outputs/autofill_B_20260523_091855_032_p1_fixed_crop_whitening_eps3e4_fbstcnet/fixed_crop_whitening_eps3e4_fbstcnet,p1_repeated_group_kfold,fixed_crop_whitening_eps3e4_fbstcnet,complete,25,25,0,outputs/autofill_B_20260523_091855_032_p1_fixed_crop_whitening_eps3e4_fbstcnet/fixed_crop_whitening_eps3e4_fbstcnet/protocol1_board.csv,outputs/autofill_B_20260523_091855_032_p1_fixed_crop_whitening_eps3e4_fbstcnet/fixed_crop_whitening_eps3e4_fbstcnet/protocol1_audit.json,outputs/autofill_B_20260523_091855_032_p1_fixed_crop_whitening_eps3e4_fbstcnet/fixed_crop_whitening_eps3e4_fbstcnet/protocol1_jobs.csv,25,0.7097182506666665,0.04442720992603132,0.6133370666666667,0.7962359999999999
B,remote_protocol_scores_B.tgz,6f897340242462a081c466facc7b4ee8bbc58b4cf5cfede780627603324167ba,2026-05-23T23:51:22+0800,autofill_B_20260523_092120_033_p2_fixed_crop_ea_whitening_eps1e3_fbstcnet_c_only,outputs/autofill_B_20260523_092120_033_p2_fixed_crop_ea_whitening_eps1e3_fbstcnet_c_only/fixed_crop_ea_whitening_eps1e3_fbstcnet_c_only,p2_pseudo_public_holdout,fixed_crop_ea_whitening_eps1e3_fbstcnet_c_only,complete,8,7,0,outputs/autofill_B_20260523_092120_033_p2_fixed_crop_ea_whitening_eps1e3_fbstcnet_c_only/fixed_crop_ea_whitening_eps1e3_fbstcnet_c_only/protocol2_board.csv,outputs/autofill_B_20260523_092120_033_p2_fixed_crop_ea_whitening_eps1e3_fbstcnet_c_only/fixed_crop_ea_whitening_eps1e3_fbstcnet_c_only/protocol2_audit.json,outputs/autofill_B_20260523_092120_033_p2_fixed_crop_ea_whitening_eps1e3_fbstcnet_c_only/fixed_crop_ea_whitening_eps1e3_fbstcnet_c_only/protocol2_jobs.csv,7,0.6488095238095238,0.1560727452634154,0.2708333333333333,0.75
B,remote_protocol_scores_B.tgz,6f897340242462a081c466facc7b4ee8bbc58b4cf5cfede780627603324167ba,2026-05-23T23:51:22+0800,autofill_B_20260523_092726_034_p3_fixed_crop_ea_whitening_eps1e3_fbstcnet_c_only,outputs/autofill_B_20260523_092726_034_p3_fixed_crop_ea_whitening_eps1e3_fbstcnet_c_only/fixed_crop_ea_whitening_eps1e3_fbstcnet_c_only,p3_nested_selection,fixed_crop_ea_whitening_eps1e3_fbstcnet_c_only,complete,20,5,0,outputs/autofill_B_20260523_092726_034_p3_fixed_crop_ea_whitening_eps1e3_fbstcnet_c_only/fixed_crop_ea_whitening_eps1e3_fbstcnet_c_only/protocol3_board.csv,outputs/autofill_B_20260523_092726_034_p3_fixed_crop_ea_whitening_eps1e3_fbstcnet_c_only/fixed_crop_ea_whitening_eps1e3_fbstcnet_c_only/protocol3_audit.json,outputs/autofill_B_20260523_092726_034_p3_fixed_crop_ea_whitening_eps1e3_fbstcnet_c_only/fixed_crop_ea_whitening_eps1e3_fbstcnet_c_only/protocol3_jobs.csv,5,0.7030698666666667,0.03963628221749474,0.6676946666666668,0.7784453333333334
B,remote_protocol_scores_B.tgz,6f897340242462a081c466facc7b4ee8bbc58b4cf5cfede780627603324167ba,2026-05-23T23:51:22+0800,autofill_B_20260523_093152_035_p2_fixed_crop_ea_whitening_eps3e4_fbstcnet_c_only,outputs/autofill_B_20260523_093152_035_p2_fixed_crop_ea_whitening_eps3e4_fbstcnet_c_only/fixed_crop_ea_whitening_eps3e4_fbstcnet_c_only,p2_pseudo_public_holdout,fixed_crop_ea_whitening_eps3e4_fbstcnet_c_only,complete,8,7,0,outputs/autofill_B_20260523_093152_035_p2_fixed_crop_ea_whitening_eps3e4_fbstcnet_c_only/fixed_crop_ea_whitening_eps3e4_fbstcnet_c_only/protocol2_board.csv,outputs/autofill_B_20260523_093152_035_p2_fixed_crop_ea_whitening_eps3e4_fbstcnet_c_only/fixed_crop_ea_whitening_eps3e4_fbstcnet_c_only/protocol2_audit.json,outputs/autofill_B_20260523_093152_035_p2_fixed_crop_ea_whitening_eps3e4_fbstcnet_c_only/fixed_crop_ea_whitening_eps3e4_fbstcnet_c_only/protocol2_jobs.csv,7,0.6428571428571429,0.15326658559028256,0.2708333333333333,0.7291666666666666
B,remote_protocol_scores_B.tgz,6f897340242462a081c466facc7b4ee8bbc58b4cf5cfede780627603324167ba,2026-05-23T23:51:22+0800,autofill_B_20260523_093657_036_p3_fixed_crop_ea_whitening_eps3e4_fbstcnet_c_only,outputs/autofill_B_20260523_093657_036_p3_fixed_crop_ea_whitening_eps3e4_fbstcnet_c_only/fixed_crop_ea_whitening_eps3e4_fbstcnet_c_only,p3_nested_selection,fixed_crop_ea_whitening_eps3e4_fbstcnet_c_only,complete,20,5,0,outputs/autofill_B_20260523_093657_036_p3_fixed_crop_ea_whitening_eps3e4_fbstcnet_c_only/fixed_crop_ea_whitening_eps3e4_fbstcnet_c_only/protocol3_board.csv,outputs/autofill_B_20260523_093657_036_p3_fixed_crop_ea_whitening_eps3e4_fbstcnet_c_only/fixed_crop_ea_whitening_eps3e4_fbstcnet_c_only/protocol3_audit.json,outputs/autofill_B_20260523_093657_036_p3_fixed_crop_ea_whitening_eps3e4_fbstcnet_c_only/fixed_crop_ea_whitening_eps3e4_fbstcnet_c_only/protocol3_jobs.csv,5,0.7018354666666667,0.03999021947342182,0.6633285333333333,0.7770320000000001
B,remote_protocol_scores_B.tgz,6f897340242462a081c466facc7b4ee8bbc58b4cf5cfede780627603324167ba,2026-05-23T23:51:22+0800,autofill_B_20260523_093742_037_p2_fixed_crop_ea_whitening_eps1e3_fbstcnet_m_conn_light,outputs/autofill_B_20260523_093742_037_p2_fixed_crop_ea_whitening_eps1e3_fbstcnet_m_conn_light/fixed_crop_ea_whitening_eps1e3_fbstcnet_m_conn_light,p2_pseudo_public_holdout,fixed_crop_ea_whitening_eps1e3_fbstcnet_m_conn_light,complete,8,7,0,outputs/autofill_B_20260523_093742_037_p2_fixed_crop_ea_whitening_eps1e3_fbstcnet_m_conn_light/fixed_crop_ea_whitening_eps1e3_fbstcnet_m_conn_light/protocol2_board.csv,outputs/autofill_B_20260523_093742_037_p2_fixed_crop_ea_whitening_eps1e3_fbstcnet_m_conn_light/fixed_crop_ea_whitening_eps1e3_fbstcnet_m_conn_light/protocol2_audit.json,outputs/autofill_B_20260523_093742_037_p2_fixed_crop_ea_whitening_eps1e3_fbstcnet_m_conn_light/fixed_crop_ea_whitening_eps1e3_fbstcnet_m_conn_light/protocol2_jobs.csv,7,0.6577380952380952,0.15222276014933836,0.2916666666666667,0.75
B,remote_protocol_scores_B.tgz,6f897340242462a081c466facc7b4ee8bbc58b4cf5cfede780627603324167ba,2026-05-23T23:51:22+0800,autofill_B_20260523_094448_038_p3_fixed_crop_ea_whitening_eps1e3_fbstcnet_m_conn_light,outputs/autofill_B_20260523_094448_038_p3_fixed_crop_ea_whitening_eps1e3_fbstcnet_m_conn_light/fixed_crop_ea_whitening_eps1e3_fbstcnet_m_conn_light,p3_nested_selection,fixed_crop_ea_whitening_eps1e3_fbstcnet_m_conn_light,complete,20,5,0,outputs/autofill_B_20260523_094448_038_p3_fixed_crop_ea_whitening_eps1e3_fbstcnet_m_conn_light/fixed_crop_ea_whitening_eps1e3_fbstcnet_m_conn_light/protocol3_board.csv,outputs/autofill_B_20260523_094448_038_p3_fixed_crop_ea_whitening_eps1e3_fbstcnet_m_conn_light/fixed_crop_ea_whitening_eps1e3_fbstcnet_m_conn_light/protocol3_audit.json,outputs/autofill_B_20260523_094448_038_p3_fixed_crop_ea_whitening_eps1e3_fbstcnet_m_conn_light/fixed_crop_ea_whitening_eps1e3_fbstcnet_m_conn_light/protocol3_jobs.csv,5,0.7149482133333334,0.029623840603237906,0.6881773333333333,0.7698368000000001
B,remote_protocol_scores_B.tgz,6f897340242462a081c466facc7b4ee8bbc58b4cf5cfede780627603324167ba,2026-05-23T23:51:22+0800,autofill_B_20260523_095435_039_p2_fixed_crop_ea_whitening_eps3e4_fbstcnet_m_conn_light,outputs/autofill_B_20260523_095435_039_p2_fixed_crop_ea_whitening_eps3e4_fbstcnet_m_conn_light/fixed_crop_ea_whitening_eps3e4_fbstcnet_m_conn_light,p2_pseudo_public_holdout,fixed_crop_ea_whitening_eps3e4_fbstcnet_m_conn_light,complete,8,7,0,outputs/autofill_B_20260523_095435_039_p2_fixed_crop_ea_whitening_eps3e4_fbstcnet_m_conn_light/fixed_crop_ea_whitening_eps3e4_fbstcnet_m_conn_light/protocol2_board.csv,outputs/autofill_B_20260523_095435_039_p2_fixed_crop_ea_whitening_eps3e4_fbstcnet_m_conn_light/fixed_crop_ea_whitening_eps3e4_fbstcnet_m_conn_light/protocol2_audit.json,outputs/autofill_B_20260523_095435_039_p2_fixed_crop_ea_whitening_eps3e4_fbstcnet_m_conn_light/fixed_crop_ea_whitening_eps3e4_fbstcnet_m_conn_light/protocol2_jobs.csv,7,0.6517857142857143,0.14886903571904522,0.2916666666666667,0.75
B,remote_protocol_scores_B.tgz,6f897340242462a081c466facc7b4ee8bbc58b4cf5cfede780627603324167ba,2026-05-23T23:51:22+0800,autofill_B_20260523_100201_040_p3_fixed_crop_ea_whitening_eps3e4_fbstcnet_m_conn_light,outputs/autofill_B_20260523_100201_040_p3_fixed_crop_ea_whitening_eps3e4_fbstcnet_m_conn_light/fixed_crop_ea_whitening_eps3e4_fbstcnet_m_conn_light,p3_nested_selection,fixed_crop_ea_whitening_eps3e4_fbstcnet_m_conn_light,complete,20,5,0,outputs/autofill_B_20260523_100201_040_p3_fixed_crop_ea_whitening_eps3e4_fbstcnet_m_conn_light/fixed_crop_ea_whitening_eps3e4_fbstcnet_m_conn_light/protocol3_board.csv,outputs/autofill_B_20260523_100201_040_p3_fixed_crop_ea_whitening_eps3e4_fbstcnet_m_conn_light/fixed_crop_ea_whitening_eps3e4_fbstcnet_m_conn_light/protocol3_audit.json,outputs/autofill_B_20260523_100201_040_p3_fixed_crop_ea_whitening_eps3e4_fbstcnet_m_conn_light/fixed_crop_ea_whitening_eps3e4_fbstcnet_m_conn_light/protocol3_jobs.csv,5,0.71160992,0.02384803585812649,0.6881973333333334,0.7544053333333333
B,remote_protocol_scores_B.tgz,6f897340242462a081c466facc7b4ee8bbc58b4cf5cfede780627603324167ba,2026-05-23T23:51:22+0800,autofill_B_20260523_102132_041_p1_fixed_crop_ea_whitening_eps1e3_fbstcnet_c_only,outputs/autofill_B_20260523_102132_041_p1_fixed_crop_ea_whitening_eps1e3_fbstcnet_c_only/fixed_crop_ea_whitening_eps1e3_fbstcnet_c_only,p1_repeated_group_kfold,fixed_crop_ea_whitening_eps1e3_fbstcnet_c_only,complete,25,25,0,outputs/autofill_B_20260523_102132_041_p1_fixed_crop_ea_whitening_eps1e3_fbstcnet_c_only/fixed_crop_ea_whitening_eps1e3_fbstcnet_c_only/protocol1_board.csv,outputs/autofill_B_20260523_102132_041_p1_fixed_crop_ea_whitening_eps1e3_fbstcnet_c_only/fixed_crop_ea_whitening_eps1e3_fbstcnet_c_only/protocol1_audit.json,outputs/autofill_B_20260523_102132_041_p1_fixed_crop_ea_whitening_eps1e3_fbstcnet_c_only/fixed_crop_ea_whitening_eps1e3_fbstcnet_c_only/protocol1_jobs.csv,25,0.7000017813333332,0.03892789204312347,0.6243431999999999,0.7938098666666668
B,remote_protocol_scores_B.tgz,6f897340242462a081c466facc7b4ee8bbc58b4cf5cfede780627603324167ba,2026-05-23T23:51:22+0800,autofill_B_20260523_103119_042_p1_fixed_crop_ea_whitening_eps3e4_fbstcnet_c_only,outputs/autofill_B_20260523_103119_042_p1_fixed_crop_ea_whitening_eps3e4_fbstcnet_c_only/fixed_crop_ea_whitening_eps3e4_fbstcnet_c_only,p1_repeated_group_kfold,fixed_crop_ea_whitening_eps3e4_fbstcnet_c_only,complete,25,25,0,outputs/autofill_B_20260523_103119_042_p1_fixed_crop_ea_whitening_eps3e4_fbstcnet_c_only/fixed_crop_ea_whitening_eps3e4_fbstcnet_c_only/protocol1_board.csv,outputs/autofill_B_20260523_103119_042_p1_fixed_crop_ea_whitening_eps3e4_fbstcnet_c_only/fixed_crop_ea_whitening_eps3e4_fbstcnet_c_only/protocol1_audit.json,outputs/autofill_B_20260523_103119_042_p1_fixed_crop_ea_whitening_eps3e4_fbstcnet_c_only/fixed_crop_ea_whitening_eps3e4_fbstcnet_c_only/protocol1_jobs.csv,25,0.700505792,0.03909545496427633,0.6253208,0.7923285333333333
B,remote_protocol_scores_B.tgz,6f897340242462a081c466facc7b4ee8bbc58b4cf5cfede780627603324167ba,2026-05-23T23:51:22+0800,autofill_B_20260523_104247_043_p1_fixed_crop_ea_whitening_eps1e3_fbstcnet_m_conn_light,outputs/autofill_B_20260523_104247_043_p1_fixed_crop_ea_whitening_eps1e3_fbstcnet_m_conn_light/fixed_crop_ea_whitening_eps1e3_fbstcnet_m_conn_light,p1_repeated_group_kfold,fixed_crop_ea_whitening_eps1e3_fbstcnet_m_conn_light,complete,25,25,0,outputs/autofill_B_20260523_104247_043_p1_fixed_crop_ea_whitening_eps1e3_fbstcnet_m_conn_light/fixed_crop_ea_whitening_eps1e3_fbstcnet_m_conn_light/protocol1_board.csv,outputs/autofill_B_20260523_104247_043_p1_fixed_crop_ea_whitening_eps1e3_fbstcnet_m_conn_light/fixed_crop_ea_whitening_eps1e3_fbstcnet_m_conn_light/protocol1_audit.json,outputs/autofill_B_20260523_104247_043_p1_fixed_crop_ea_whitening_eps1e3_fbstcnet_m_conn_light/fixed_crop_ea_whitening_eps1e3_fbstcnet_m_conn_light/protocol1_jobs.csv,25,0.7086373973333333,0.044155199225505495,0.6144101333333334,0.7914293333333333
B,remote_protocol_scores_B.tgz,6f897340242462a081c466facc7b4ee8bbc58b4cf5cfede780627603324167ba,2026-05-23T23:51:22+0800,autofill_B_20260523_111541_044_p1_fixed_crop_ea_whitening_eps3e4_fbstcnet_m_conn_light,outputs/autofill_B_20260523_111541_044_p1_fixed_crop_ea_whitening_eps3e4_fbstcnet_m_conn_light/fixed_crop_ea_whitening_eps3e4_fbstcnet_m_conn_light,p1_repeated_group_kfold,fixed_crop_ea_whitening_eps3e4_fbstcnet_m_conn_light,complete,25,25,0,outputs/autofill_B_20260523_111541_044_p1_fixed_crop_ea_whitening_eps3e4_fbstcnet_m_conn_light/fixed_crop_ea_whitening_eps3e4_fbstcnet_m_conn_light/protocol1_board.csv,outputs/autofill_B_20260523_111541_044_p1_fixed_crop_ea_whitening_eps3e4_fbstcnet_m_conn_light/fixed_crop_ea_whitening_eps3e4_fbstcnet_m_conn_light/protocol1_audit.json,outputs/autofill_B_20260523_111541_044_p1_fixed_crop_ea_whitening_eps3e4_fbstcnet_m_conn_light/fixed_crop_ea_whitening_eps3e4_fbstcnet_m_conn_light/protocol1_jobs.csv,25,0.7081379733333333,0.04397143900650664,0.614588,0.7905904
B,remote_protocol_scores_B.tgz,6f897340242462a081c466facc7b4ee8bbc58b4cf5cfede780627603324167ba,2026-05-23T23:51:22+0800,autofill_B_20260523_111545_045_p1_fixed_crop_whitening_eps1e3_fbstcnet_m_conn_light,outputs/autofill_B_20260523_111545_045_p1_fixed_crop_whitening_eps1e3_fbstcnet_m_conn_light/fixed_crop_whitening_eps1e3_fbstcnet_m_conn_light,p1_repeated_group_kfold,fixed_crop_whitening_eps1e3_fbstcnet_m_conn_light,complete,25,25,0,outputs/autofill_B_20260523_111545_045_p1_fixed_crop_whitening_eps1e3_fbstcnet_m_conn_light/fixed_crop_whitening_eps1e3_fbstcnet_m_conn_light/protocol1_board.csv,outputs/autofill_B_20260523_111545_045_p1_fixed_crop_whitening_eps1e3_fbstcnet_m_conn_light/fixed_crop_whitening_eps1e3_fbstcnet_m_conn_light/protocol1_audit.json,outputs/autofill_B_20260523_111545_045_p1_fixed_crop_whitening_eps1e3_fbstcnet_m_conn_light/fixed_crop_whitening_eps1e3_fbstcnet_m_conn_light/protocol1_jobs.csv,25,0.7098993920000001,0.04486176720387914,0.6140949333333334,0.8000786666666665
B,remote_protocol_scores_B.tgz,6f897340242462a081c466facc7b4ee8bbc58b4cf5cfede780627603324167ba,2026-05-23T23:51:22+0800,autofill_B_20260523_112753_046_p1_fixed_crop_whitening_eps3e4_fbstcnet_m_conn_light,outputs/autofill_B_20260523_112753_046_p1_fixed_crop_whitening_eps3e4_fbstcnet_m_conn_light/fixed_crop_whitening_eps3e4_fbstcnet_m_conn_light,p1_repeated_group_kfold,fixed_crop_whitening_eps3e4_fbstcnet_m_conn_light,complete,25,25,0,outputs/autofill_B_20260523_112753_046_p1_fixed_crop_whitening_eps3e4_fbstcnet_m_conn_light/fixed_crop_whitening_eps3e4_fbstcnet_m_conn_light/protocol1_board.csv,outputs/autofill_B_20260523_112753_046_p1_fixed_crop_whitening_eps3e4_fbstcnet_m_conn_light/fixed_crop_whitening_eps3e4_fbstcnet_m_conn_light/protocol1_audit.json,outputs/autofill_B_20260523_112753_046_p1_fixed_crop_whitening_eps3e4_fbstcnet_m_conn_light/fixed_crop_whitening_eps3e4_fbstcnet_m_conn_light/protocol1_jobs.csv,25,0.710140256,0.04494870947223954,0.6153402666666666,0.8026346666666665
B,remote_protocol_scores_B.tgz,6f897340242462a081c466facc7b4ee8bbc58b4cf5cfede780627603324167ba,2026-05-23T23:51:22+0800,autofill_B_20260523_114905_047_p3_fixed_crop_whitening_eps1e3_fbstcnet_m_conn_light,outputs/autofill_B_20260523_114905_047_p3_fixed_crop_whitening_eps1e3_fbstcnet_m_conn_light/fixed_crop_whitening_eps1e3_fbstcnet_m_conn_light,p3_nested_selection,fixed_crop_whitening_eps1e3_fbstcnet_m_conn_light,complete,20,5,0,outputs/autofill_B_20260523_114905_047_p3_fixed_crop_whitening_eps1e3_fbstcnet_m_conn_light/fixed_crop_whitening_eps1e3_fbstcnet_m_conn_light/protocol3_board.csv,outputs/autofill_B_20260523_114905_047_p3_fixed_crop_whitening_eps1e3_fbstcnet_m_conn_light/fixed_crop_whitening_eps1e3_fbstcnet_m_conn_light/protocol3_audit.json,outputs/autofill_B_20260523_114905_047_p3_fixed_crop_whitening_eps1e3_fbstcnet_m_conn_light/fixed_crop_whitening_eps1e3_fbstcnet_m_conn_light/protocol3_jobs.csv,5,0.7127458133333333,0.03074552000840733,0.6771496,0.7690946666666666
B,remote_protocol_scores_B.tgz,6f897340242462a081c466facc7b4ee8bbc58b4cf5cfede780627603324167ba,2026-05-23T23:51:22+0800,autofill_B_20260523_120453_048_p3_fixed_crop_whitening_eps3e4_fbstcnet_m_conn_light,outputs/autofill_B_20260523_120453_048_p3_fixed_crop_whitening_eps3e4_fbstcnet_m_conn_light/fixed_crop_whitening_eps3e4_fbstcnet_m_conn_light,p3_nested_selection,fixed_crop_whitening_eps3e4_fbstcnet_m_conn_light,complete,20,5,0,outputs/autofill_B_20260523_120453_048_p3_fixed_crop_whitening_eps3e4_fbstcnet_m_conn_light/fixed_crop_whitening_eps3e4_fbstcnet_m_conn_light/protocol3_board.csv,outputs/autofill_B_20260523_120453_048_p3_fixed_crop_whitening_eps3e4_fbstcnet_m_conn_light/fixed_crop_whitening_eps3e4_fbstcnet_m_conn_light/protocol3_audit.json,outputs/autofill_B_20260523_120453_048_p3_fixed_crop_whitening_eps3e4_fbstcnet_m_conn_light/fixed_crop_whitening_eps3e4_fbstcnet_m_conn_light/protocol3_jobs.csv,5,0.7128165866666667,0.03227263581168424,0.6764175999999998,0.7722346666666667
B,remote_protocol_scores_B.tgz,6f897340242462a081c466facc7b4ee8bbc58b4cf5cfede780627603324167ba,2026-05-23T23:51:22+0800,autofill_B_20260523_121549_051_p1_fixed_crop_ea_fbstcnet_p_only,outputs/autofill_B_20260523_121549_051_p1_fixed_crop_ea_fbstcnet_p_only/fixed_crop_ea_fbstcnet_p_only,p1_repeated_group_kfold,fixed_crop_ea_fbstcnet_p_only,complete,25,25,0,outputs/autofill_B_20260523_121549_051_p1_fixed_crop_ea_fbstcnet_p_only/fixed_crop_ea_fbstcnet_p_only/protocol1_board.csv,outputs/autofill_B_20260523_121549_051_p1_fixed_crop_ea_fbstcnet_p_only/fixed_crop_ea_fbstcnet_p_only/protocol1_audit.json,outputs/autofill_B_20260523_121549_051_p1_fixed_crop_ea_fbstcnet_p_only/fixed_crop_ea_fbstcnet_p_only/protocol1_jobs.csv,25,0.6770019093333333,0.049187736175577125,0.5742637333333332,0.7678336
B,remote_protocol_scores_B.tgz,6f897340242462a081c466facc7b4ee8bbc58b4cf5cfede780627603324167ba,2026-05-23T23:51:22+0800,autofill_B_20260523_131633_052_p1_fixed_crop_ea_fbstcnet_m_power_light,outputs/autofill_B_20260523_131633_052_p1_fixed_crop_ea_fbstcnet_m_power_light/fixed_crop_ea_fbstcnet_m_power_light,p1_repeated_group_kfold,fixed_crop_ea_fbstcnet_m_power_light,complete,25,25,0,outputs/autofill_B_20260523_131633_052_p1_fixed_crop_ea_fbstcnet_m_power_light/fixed_crop_ea_fbstcnet_m_power_light/protocol1_board.csv,outputs/autofill_B_20260523_131633_052_p1_fixed_crop_ea_fbstcnet_m_power_light/fixed_crop_ea_fbstcnet_m_power_light/protocol1_audit.json,outputs/autofill_B_20260523_131633_052_p1_fixed_crop_ea_fbstcnet_m_power_light/fixed_crop_ea_fbstcnet_m_power_light/protocol1_jobs.csv,25,0.6941553813333333,0.04731350372538204,0.6093210666666666,0.7954194666666666
B,remote_protocol_scores_B.tgz,6f897340242462a081c466facc7b4ee8bbc58b4cf5cfede780627603324167ba,2026-05-23T23:51:22+0800,autofill_B_20260523_132729_055_p2_fixed_crop_whitening_eps3e4_fbstcnet,outputs/autofill_B_20260523_132729_055_p2_fixed_crop_whitening_eps3e4_fbstcnet/fixed_crop_whitening_eps3e4_fbstcnet,p2_pseudo_public_holdout,fixed_crop_whitening_eps3e4_fbstcnet,complete,8,7,0,outputs/autofill_B_20260523_132729_055_p2_fixed_crop_whitening_eps3e4_fbstcnet/fixed_crop_whitening_eps3e4_fbstcnet/protocol2_board.csv,outputs/autofill_B_20260523_132729_055_p2_fixed_crop_whitening_eps3e4_fbstcnet/fixed_crop_whitening_eps3e4_fbstcnet/protocol2_audit.json,outputs/autofill_B_20260523_132729_055_p2_fixed_crop_whitening_eps3e4_fbstcnet/fixed_crop_whitening_eps3e4_fbstcnet/protocol2_jobs.csv,7,0.6607142857142857,0.169877657057504,0.25,0.7708333333333334
B,remote_protocol_scores_B.tgz,6f897340242462a081c466facc7b4ee8bbc58b4cf5cfede780627603324167ba,2026-05-23T23:51:22+0800,autofill_B_20260523_132833_056_p3_fixed_crop_whitening_eps3e4_fbstcnet,outputs/autofill_B_20260523_132833_056_p3_fixed_crop_whitening_eps3e4_fbstcnet/fixed_crop_whitening_eps3e4_fbstcnet,p3_nested_selection,fixed_crop_whitening_eps3e4_fbstcnet,complete,20,5,0,outputs/autofill_B_20260523_132833_056_p3_fixed_crop_whitening_eps3e4_fbstcnet/fixed_crop_whitening_eps3e4_fbstcnet/protocol3_board.csv,outputs/autofill_B_20260523_132833_056_p3_fixed_crop_whitening_eps3e4_fbstcnet/fixed_crop_whitening_eps3e4_fbstcnet/protocol3_audit.json,outputs/autofill_B_20260523_132833_056_p3_fixed_crop_whitening_eps3e4_fbstcnet/fixed_crop_whitening_eps3e4_fbstcnet/protocol3_jobs.csv,5,0.7121024533333333,0.033147050032602106,0.6709709333333332,0.7713106666666668
B,remote_protocol_scores_B.tgz,6f897340242462a081c466facc7b4ee8bbc58b4cf5cfede780627603324167ba,2026-05-23T23:51:22+0800,autofill_B_20260523_133359_057_p2_fixed_crop_whitening_eps1e3_fbstcnet,outputs/autofill_B_20260523_133359_057_p2_fixed_crop_whitening_eps1e3_fbstcnet/fixed_crop_whitening_eps1e3_fbstcnet,p2_pseudo_public_holdout,fixed_crop_whitening_eps1e3_fbstcnet,complete,8,7,0,outputs/autofill_B_20260523_133359_057_p2_fixed_crop_whitening_eps1e3_fbstcnet/fixed_crop_whitening_eps1e3_fbstcnet/protocol2_board.csv,outputs/autofill_B_20260523_133359_057_p2_fixed_crop_whitening_eps1e3_fbstcnet/fixed_crop_whitening_eps1e3_fbstcnet/protocol2_audit.json,outputs/autofill_B_20260523_133359_057_p2_fixed_crop_whitening_eps1e3_fbstcnet/fixed_crop_whitening_eps1e3_fbstcnet/protocol2_jobs.csv,7,0.6577380952380952,0.16919845718514162,0.25,0.7708333333333334
B,remote_protocol_scores_B.tgz,6f897340242462a081c466facc7b4ee8bbc58b4cf5cfede780627603324167ba,2026-05-23T23:51:22+0800,autofill_B_20260523_133543_058_p3_fixed_crop_whitening_eps1e3_fbstcnet,outputs/autofill_B_20260523_133543_058_p3_fixed_crop_whitening_eps1e3_fbstcnet/fixed_crop_whitening_eps1e3_fbstcnet,p3_nested_selection,fixed_crop_whitening_eps1e3_fbstcnet,complete,20,5,0,outputs/autofill_B_20260523_133543_058_p3_fixed_crop_whitening_eps1e3_fbstcnet/fixed_crop_whitening_eps1e3_fbstcnet/protocol3_board.csv,outputs/autofill_B_20260523_133543_058_p3_fixed_crop_whitening_eps1e3_fbstcnet/fixed_crop_whitening_eps1e3_fbstcnet/protocol3_audit.json,outputs/autofill_B_20260523_133543_058_p3_fixed_crop_whitening_eps1e3_fbstcnet/fixed_crop_whitening_eps1e3_fbstcnet/protocol3_jobs.csv,5,0.71219136,0.032392929436724706,0.6710735999999998,0.7697906666666667
B,remote_protocol_scores_B.tgz,6f897340242462a081c466facc7b4ee8bbc58b4cf5cfede780627603324167ba,2026-05-23T23:51:22+0800,autofill_B_20260523_134149_059_p2_fixed_crop_whitening_eps3e4_fbstcnet_m_conn_light,outputs/autofill_B_20260523_134149_059_p2_fixed_crop_whitening_eps3e4_fbstcnet_m_conn_light/fixed_crop_whitening_eps3e4_fbstcnet_m_conn_light,p2_pseudo_public_holdout,fixed_crop_whitening_eps3e4_fbstcnet_m_conn_light,complete,8,7,0,outputs/autofill_B_20260523_134149_059_p2_fixed_crop_whitening_eps3e4_fbstcnet_m_conn_light/fixed_crop_whitening_eps3e4_fbstcnet_m_conn_light/protocol2_board.csv,outputs/autofill_B_20260523_134149_059_p2_fixed_crop_whitening_eps3e4_fbstcnet_m_conn_light/fixed_crop_whitening_eps3e4_fbstcnet_m_conn_light/protocol2_audit.json,outputs/autofill_B_20260523_134149_059_p2_fixed_crop_whitening_eps3e4_fbstcnet_m_conn_light/fixed_crop_whitening_eps3e4_fbstcnet_m_conn_light/protocol2_jobs.csv,7,0.6547619047619048,0.15899655225229858,0.2708333333333333,0.7708333333333334
B,remote_protocol_scores_B.tgz,6f897340242462a081c466facc7b4ee8bbc58b4cf5cfede780627603324167ba,2026-05-23T23:51:22+0800,autofill_B_20260523_134233_060_p3_fixed_crop_whitening_eps3e4_fbstcnet_m_conn_light,outputs/autofill_B_20260523_134233_060_p3_fixed_crop_whitening_eps3e4_fbstcnet_m_conn_light/fixed_crop_whitening_eps3e4_fbstcnet_m_conn_light,p3_nested_selection,fixed_crop_whitening_eps3e4_fbstcnet_m_conn_light,complete,20,5,0,outputs/autofill_B_20260523_134233_060_p3_fixed_crop_whitening_eps3e4_fbstcnet_m_conn_light/fixed_crop_whitening_eps3e4_fbstcnet_m_conn_light/protocol3_board.csv,outputs/autofill_B_20260523_134233_060_p3_fixed_crop_whitening_eps3e4_fbstcnet_m_conn_light/fixed_crop_whitening_eps3e4_fbstcnet_m_conn_light/protocol3_audit.json,outputs/autofill_B_20260523_134233_060_p3_fixed_crop_whitening_eps3e4_fbstcnet_m_conn_light/fixed_crop_whitening_eps3e4_fbstcnet_m_conn_light/protocol3_jobs.csv,5,0.7128165866666667,0.03227263581168424,0.6764175999999998,0.7722346666666667
B,remote_protocol_scores_B.tgz,6f897340242462a081c466facc7b4ee8bbc58b4cf5cfede780627603324167ba,2026-05-23T23:51:22+0800,autofill_B_20260523_134638_061_p2_fixed_crop_whitening_eps1e3_fbstcnet_m_conn_light,outputs/autofill_B_20260523_134638_061_p2_fixed_crop_whitening_eps1e3_fbstcnet_m_conn_light/fixed_crop_whitening_eps1e3_fbstcnet_m_conn_light,p2_pseudo_public_holdout,fixed_crop_whitening_eps1e3_fbstcnet_m_conn_light,complete,8,7,0,outputs/autofill_B_20260523_134638_061_p2_fixed_crop_whitening_eps1e3_fbstcnet_m_conn_light/fixed_crop_whitening_eps1e3_fbstcnet_m_conn_light/protocol2_board.csv,outputs/autofill_B_20260523_134638_061_p2_fixed_crop_whitening_eps1e3_fbstcnet_m_conn_light/fixed_crop_whitening_eps1e3_fbstcnet_m_conn_light/protocol2_audit.json,outputs/autofill_B_20260523_134638_061_p2_fixed_crop_whitening_eps1e3_fbstcnet_m_conn_light/fixed_crop_whitening_eps1e3_fbstcnet_m_conn_light/protocol2_jobs.csv,7,0.6517857142857143,0.1517565331426424,0.2916666666666667,0.7708333333333334
B,remote_protocol_scores_B.tgz,6f897340242462a081c466facc7b4ee8bbc58b4cf5cfede780627603324167ba,2026-05-23T23:51:22+0800,autofill_B_20260523_134803_062_p3_fixed_crop_whitening_eps1e3_fbstcnet_m_conn_light,outputs/autofill_B_20260523_134803_062_p3_fixed_crop_whitening_eps1e3_fbstcnet_m_conn_light/fixed_crop_whitening_eps1e3_fbstcnet_m_conn_light,p3_nested_selection,fixed_crop_whitening_eps1e3_fbstcnet_m_conn_light,complete,20,5,0,outputs/autofill_B_20260523_134803_062_p3_fixed_crop_whitening_eps1e3_fbstcnet_m_conn_light/fixed_crop_whitening_eps1e3_fbstcnet_m_conn_light/protocol3_board.csv,outputs/autofill_B_20260523_134803_062_p3_fixed_crop_whitening_eps1e3_fbstcnet_m_conn_light/fixed_crop_whitening_eps1e3_fbstcnet_m_conn_light/protocol3_audit.json,outputs/autofill_B_20260523_134803_062_p3_fixed_crop_whitening_eps1e3_fbstcnet_m_conn_light/fixed_crop_whitening_eps1e3_fbstcnet_m_conn_light/protocol3_jobs.csv,5,0.7127458133333333,0.03074552000840733,0.6771496,0.7690946666666666
B,remote_protocol_scores_B.tgz,6f897340242462a081c466facc7b4ee8bbc58b4cf5cfede780627603324167ba,2026-05-23T23:51:22+0800,autofill_B_20260523_134807_063_p2_sliding_window_srfnet_whitening_eps3e4,outputs/autofill_B_20260523_134807_063_p2_sliding_window_srfnet_whitening_eps3e4/sliding_window_srfnet_whitening_eps3e4,p2_pseudo_public_holdout,sliding_window_srfnet_whitening_eps3e4,complete,8,7,0,outputs/autofill_B_20260523_134807_063_p2_sliding_window_srfnet_whitening_eps3e4/sliding_window_srfnet_whitening_eps3e4/protocol2_board.csv,outputs/autofill_B_20260523_134807_063_p2_sliding_window_srfnet_whitening_eps3e4/sliding_window_srfnet_whitening_eps3e4/protocol2_audit.json,outputs/autofill_B_20260523_134807_063_p2_sliding_window_srfnet_whitening_eps3e4/sliding_window_srfnet_whitening_eps3e4/protocol2_jobs.csv,7,0.6488095238095238,0.06242909810536616,0.5,0.6875
B,remote_protocol_scores_B.tgz,6f897340242462a081c466facc7b4ee8bbc58b4cf5cfede780627603324167ba,2026-05-23T23:51:22+0800,autofill_B_20260523_134951_064_p1_sliding_window_srfnet_whitening_eps3e4,outputs/autofill_B_20260523_134951_064_p1_sliding_window_srfnet_whitening_eps3e4/sliding_window_srfnet_whitening_eps3e4,p1_repeated_group_kfold,sliding_window_srfnet_whitening_eps3e4,complete,25,25,0,outputs/autofill_B_20260523_134951_064_p1_sliding_window_srfnet_whitening_eps3e4/sliding_window_srfnet_whitening_eps3e4/protocol1_board.csv,outputs/autofill_B_20260523_134951_064_p1_sliding_window_srfnet_whitening_eps3e4/sliding_window_srfnet_whitening_eps3e4/protocol1_audit.json,outputs/autofill_B_20260523_134951_064_p1_sliding_window_srfnet_whitening_eps3e4/sliding_window_srfnet_whitening_eps3e4/protocol1_jobs.csv,25,0.602092864,0.05210913051421043,0.4996247999999999,0.6856866666666667
B,remote_protocol_scores_B.tgz,6f897340242462a081c466facc7b4ee8bbc58b4cf5cfede780627603324167ba,2026-05-23T23:51:22+0800,autofill_B_20260523_135216_065_p2_fixed_crop_ea_whitening_eps1e3_fbstcnet_m_conn_light,outputs/autofill_B_20260523_135216_065_p2_fixed_crop_ea_whitening_eps1e3_fbstcnet_m_conn_light/fixed_crop_ea_whitening_eps1e3_fbstcnet_m_conn_light,p2_pseudo_public_holdout,fixed_crop_ea_whitening_eps1e3_fbstcnet_m_conn_light,complete,8,7,0,outputs/autofill_B_20260523_135216_065_p2_fixed_crop_ea_whitening_eps1e3_fbstcnet_m_conn_light/fixed_crop_ea_whitening_eps1e3_fbstcnet_m_conn_light/protocol2_board.csv,outputs/autofill_B_20260523_135216_065_p2_fixed_crop_ea_whitening_eps1e3_fbstcnet_m_conn_light/fixed_crop_ea_whitening_eps1e3_fbstcnet_m_conn_light/protocol2_audit.json,outputs/autofill_B_20260523_135216_065_p2_fixed_crop_ea_whitening_eps1e3_fbstcnet_m_conn_light/fixed_crop_ea_whitening_eps1e3_fbstcnet_m_conn_light/protocol2_jobs.csv,7,0.6577380952380952,0.15222276014933836,0.2916666666666667,0.75
B,remote_protocol_scores_B.tgz,6f897340242462a081c466facc7b4ee8bbc58b4cf5cfede780627603324167ba,2026-05-23T23:51:22+0800,autofill_B_20260523_135401_066_p3_fixed_crop_ea_whitening_eps1e3_fbstcnet_m_conn_light,outputs/autofill_B_20260523_135401_066_p3_fixed_crop_ea_whitening_eps1e3_fbstcnet_m_conn_light/fixed_crop_ea_whitening_eps1e3_fbstcnet_m_conn_light,p3_nested_selection,fixed_crop_ea_whitening_eps1e3_fbstcnet_m_conn_light,complete,20,5,0,outputs/autofill_B_20260523_135401_066_p3_fixed_crop_ea_whitening_eps1e3_fbstcnet_m_conn_light/fixed_crop_ea_whitening_eps1e3_fbstcnet_m_conn_light/protocol3_board.csv,outputs/autofill_B_20260523_135401_066_p3_fixed_crop_ea_whitening_eps1e3_fbstcnet_m_conn_light/fixed_crop_ea_whitening_eps1e3_fbstcnet_m_conn_light/protocol3_audit.json,outputs/autofill_B_20260523_135401_066_p3_fixed_crop_ea_whitening_eps1e3_fbstcnet_m_conn_light/fixed_crop_ea_whitening_eps1e3_fbstcnet_m_conn_light/protocol3_jobs.csv,5,0.7149482133333334,0.029623840603237906,0.6881773333333333,0.7698368000000001
B,remote_protocol_scores_B.tgz,6f897340242462a081c466facc7b4ee8bbc58b4cf5cfede780627603324167ba,2026-05-23T23:51:22+0800,autofill_B_20260523_140006_067_p2_fixed_crop_ea_fbstcnet_c_only,outputs/autofill_B_20260523_140006_067_p2_fixed_crop_ea_fbstcnet_c_only/fixed_crop_ea_fbstcnet_c_only,p2_pseudo_public_holdout,fixed_crop_ea_fbstcnet_c_only,complete,8,7,0,outputs/autofill_B_20260523_140006_067_p2_fixed_crop_ea_fbstcnet_c_only/fixed_crop_ea_fbstcnet_c_only/protocol2_board.csv,outputs/autofill_B_20260523_140006_067_p2_fixed_crop_ea_fbstcnet_c_only/fixed_crop_ea_fbstcnet_c_only/protocol2_audit.json,outputs/autofill_B_20260523_140006_067_p2_fixed_crop_ea_fbstcnet_c_only/fixed_crop_ea_fbstcnet_c_only/protocol2_jobs.csv,7,0.6696428571428573,0.10763774595253049,0.4166666666666667,0.7708333333333334
B,remote_protocol_scores_B.tgz,6f897340242462a081c466facc7b4ee8bbc58b4cf5cfede780627603324167ba,2026-05-23T23:51:22+0800,autofill_B_20260523_140632_068_p3_fixed_crop_ea_fbstcnet_c_only,outputs/autofill_B_20260523_140632_068_p3_fixed_crop_ea_fbstcnet_c_only/fixed_crop_ea_fbstcnet_c_only,p3_nested_selection,fixed_crop_ea_fbstcnet_c_only,complete,20,5,0,outputs/autofill_B_20260523_140632_068_p3_fixed_crop_ea_fbstcnet_c_only/fixed_crop_ea_fbstcnet_c_only/protocol3_board.csv,outputs/autofill_B_20260523_140632_068_p3_fixed_crop_ea_fbstcnet_c_only/fixed_crop_ea_fbstcnet_c_only/protocol3_audit.json,outputs/autofill_B_20260523_140632_068_p3_fixed_crop_ea_fbstcnet_c_only/fixed_crop_ea_fbstcnet_c_only/protocol3_jobs.csv,5,0.71244096,0.031001493207725002,0.6816413333333333,0.7664906666666665
B,remote_protocol_scores_B.tgz,6f897340242462a081c466facc7b4ee8bbc58b4cf5cfede780627603324167ba,2026-05-23T23:51:22+0800,autofill_B_20260523_143104_069_p2_fixed_crop_whitening_eps3e4_fbstcnet,outputs/autofill_B_20260523_143104_069_p2_fixed_crop_whitening_eps3e4_fbstcnet/fixed_crop_whitening_eps3e4_fbstcnet,p2_pseudo_public_holdout,fixed_crop_whitening_eps3e4_fbstcnet,complete,8,7,0,outputs/autofill_B_20260523_143104_069_p2_fixed_crop_whitening_eps3e4_fbstcnet/fixed_crop_whitening_eps3e4_fbstcnet/protocol2_board.csv,outputs/autofill_B_20260523_143104_069_p2_fixed_crop_whitening_eps3e4_fbstcnet/fixed_crop_whitening_eps3e4_fbstcnet/protocol2_audit.json,outputs/autofill_B_20260523_143104_069_p2_fixed_crop_whitening_eps3e4_fbstcnet/fixed_crop_whitening_eps3e4_fbstcnet/protocol2_jobs.csv,7,0.6607142857142857,0.169877657057504,0.25,0.7708333333333334
B,remote_protocol_scores_B.tgz,6f897340242462a081c466facc7b4ee8bbc58b4cf5cfede780627603324167ba,2026-05-23T23:51:22+0800,autofill_B_20260523_143911_070_p3_fixed_crop_whitening_eps3e4_fbstcnet,outputs/autofill_B_20260523_143911_070_p3_fixed_crop_whitening_eps3e4_fbstcnet/fixed_crop_whitening_eps3e4_fbstcnet,p3_nested_selection,fixed_crop_whitening_eps3e4_fbstcnet,complete,20,5,0,outputs/autofill_B_20260523_143911_070_p3_fixed_crop_whitening_eps3e4_fbstcnet/fixed_crop_whitening_eps3e4_fbstcnet/protocol3_board.csv,outputs/autofill_B_20260523_143911_070_p3_fixed_crop_whitening_eps3e4_fbstcnet/fixed_crop_whitening_eps3e4_fbstcnet/protocol3_audit.json,outputs/autofill_B_20260523_143911_070_p3_fixed_crop_whitening_eps3e4_fbstcnet/fixed_crop_whitening_eps3e4_fbstcnet/protocol3_jobs.csv,5,0.7121024533333333,0.033147050032602106,0.6709709333333332,0.7713106666666668
B,remote_protocol_scores_B.tgz,6f897340242462a081c466facc7b4ee8bbc58b4cf5cfede780627603324167ba,2026-05-23T23:51:22+0800,autofill_B_20260523_150001_071_p1_fixed_crop_whitening_eps3e4_fbstcnet,outputs/autofill_B_20260523_150001_071_p1_fixed_crop_whitening_eps3e4_fbstcnet/fixed_crop_whitening_eps3e4_fbstcnet,p1_repeated_group_kfold,fixed_crop_whitening_eps3e4_fbstcnet,complete,25,25,0,outputs/autofill_B_20260523_150001_071_p1_fixed_crop_whitening_eps3e4_fbstcnet/fixed_crop_whitening_eps3e4_fbstcnet/protocol1_board.csv,outputs/autofill_B_20260523_150001_071_p1_fixed_crop_whitening_eps3e4_fbstcnet/fixed_crop_whitening_eps3e4_fbstcnet/protocol1_audit.json,outputs/autofill_B_20260523_150001_071_p1_fixed_crop_whitening_eps3e4_fbstcnet/fixed_crop_whitening_eps3e4_fbstcnet/protocol1_jobs.csv,25,0.7097182506666665,0.04442720992603132,0.6133370666666667,0.7962359999999999
B,remote_protocol_scores_B.tgz,6f897340242462a081c466facc7b4ee8bbc58b4cf5cfede780627603324167ba,2026-05-23T23:51:22+0800,backfill_branch_grid_B_20260522_1921_ea_eps1e3_m_power_p2,outputs/backfill_branch_grid_B_20260522_1921_ea_eps1e3_m_power_p2/fixed_crop_ea_whitening_eps1e3_fbstcnet_m_power_light,p2_pseudo_public_holdout,fixed_crop_ea_whitening_eps1e3_fbstcnet_m_power_light,complete,8,7,0,outputs/backfill_branch_grid_B_20260522_1921_ea_eps1e3_m_power_p2/fixed_crop_ea_whitening_eps1e3_fbstcnet_m_power_light/protocol2_board.csv,outputs/backfill_branch_grid_B_20260522_1921_ea_eps1e3_m_power_p2/fixed_crop_ea_whitening_eps1e3_fbstcnet_m_power_light/protocol2_audit.json,outputs/backfill_branch_grid_B_20260522_1921_ea_eps1e3_m_power_p2/fixed_crop_ea_whitening_eps1e3_fbstcnet_m_power_light/protocol2_jobs.csv,7,0.6547619047619048,0.15782230456622443,0.2708333333333333,0.75
B,remote_protocol_scores_B.tgz,6f897340242462a081c466facc7b4ee8bbc58b4cf5cfede780627603324167ba,2026-05-23T23:51:22+0800,backfill_branch_grid_B_20260522_1927_ea_eps3e4_c_only_p2,outputs/backfill_branch_grid_B_20260522_1927_ea_eps3e4_c_only_p2/fixed_crop_ea_whitening_eps3e4_fbstcnet_c_only,p2_pseudo_public_holdout,fixed_crop_ea_whitening_eps3e4_fbstcnet_c_only,complete,8,7,0,outputs/backfill_branch_grid_B_20260522_1927_ea_eps3e4_c_only_p2/fixed_crop_ea_whitening_eps3e4_fbstcnet_c_only/protocol2_board.csv,outputs/backfill_branch_grid_B_20260522_1927_ea_eps3e4_c_only_p2/fixed_crop_ea_whitening_eps3e4_fbstcnet_c_only/protocol2_audit.json,outputs/backfill_branch_grid_B_20260522_1927_ea_eps3e4_c_only_p2/fixed_crop_ea_whitening_eps3e4_fbstcnet_c_only/protocol2_jobs.csv,7,0.6428571428571429,0.15326658559028256,0.2708333333333333,0.7291666666666666
B,remote_protocol_scores_B.tgz,6f897340242462a081c466facc7b4ee8bbc58b4cf5cfede780627603324167ba,2026-05-23T23:51:22+0800,backfill_branch_grid_B_20260522_1929_ea_eps1e3_m_power_p1_seed42,outputs/backfill_branch_grid_B_20260522_1929_ea_eps1e3_m_power_p1_seed42/fixed_crop_ea_whitening_eps1e3_fbstcnet_m_power_light,p1_repeated_group_kfold,fixed_crop_ea_whitening_eps1e3_fbstcnet_m_power_light,complete,5,5,0,outputs/backfill_branch_grid_B_20260522_1929_ea_eps1e3_m_power_p1_seed42/fixed_crop_ea_whitening_eps1e3_fbstcnet_m_power_light/protocol1_board.csv,outputs/backfill_branch_grid_B_20260522_1929_ea_eps1e3_m_power_p1_seed42/fixed_crop_ea_whitening_eps1e3_fbstcnet_m_power_light/protocol1_audit.json,outputs/backfill_branch_grid_B_20260522_1929_ea_eps1e3_m_power_p1_seed42/fixed_crop_ea_whitening_eps1e3_fbstcnet_m_power_light/protocol1_jobs.csv,5,0.7189643733333333,0.027667986324755308,0.6866287999999999,0.7652146666666667
B,remote_protocol_scores_B.tgz,6f897340242462a081c466facc7b4ee8bbc58b4cf5cfede780627603324167ba,2026-05-23T23:51:22+0800,backfill_branch_grid_B_20260522_1937_ea_eps3e4_base_p1_seed123,outputs/backfill_branch_grid_B_20260522_1937_ea_eps3e4_base_p1_seed123/fixed_crop_ea_whitening_eps3e4_fbstcnet,p1_repeated_group_kfold,fixed_crop_ea_whitening_eps3e4_fbstcnet,complete,5,5,0,outputs/backfill_branch_grid_B_20260522_1937_ea_eps3e4_base_p1_seed123/fixed_crop_ea_whitening_eps3e4_fbstcnet/protocol1_board.csv,outputs/backfill_branch_grid_B_20260522_1937_ea_eps3e4_base_p1_seed123/fixed_crop_ea_whitening_eps3e4_fbstcnet/protocol1_audit.json,outputs/backfill_branch_grid_B_20260522_1937_ea_eps3e4_base_p1_seed123/fixed_crop_ea_whitening_eps3e4_fbstcnet/protocol1_jobs.csv,5,0.7054719466666666,0.03891017664090576,0.6621493333333334,0.7721466666666666
B,remote_protocol_scores_B.tgz,6f897340242462a081c466facc7b4ee8bbc58b4cf5cfede780627603324167ba,2026-05-23T23:51:22+0800,backfill_branch_grid_B_20260522_1956_ea_eps1e3_p_only_p1_seed456,outputs/backfill_branch_grid_B_20260522_1956_ea_eps1e3_p_only_p1_seed456/fixed_crop_ea_whitening_eps1e3_fbstcnet_p_only,p1_repeated_group_kfold,fixed_crop_ea_whitening_eps1e3_fbstcnet_p_only,complete,5,5,0,outputs/backfill_branch_grid_B_20260522_1956_ea_eps1e3_p_only_p1_seed456/fixed_crop_ea_whitening_eps1e3_fbstcnet_p_only/protocol1_board.csv,outputs/backfill_branch_grid_B_20260522_1956_ea_eps1e3_p_only_p1_seed456/fixed_crop_ea_whitening_eps1e3_fbstcnet_p_only/protocol1_audit.json,outputs/backfill_branch_grid_B_20260522_1956_ea_eps1e3_p_only_p1_seed456/fixed_crop_ea_whitening_eps1e3_fbstcnet_p_only/protocol1_jobs.csv,5,0.68452672,0.06622945090179078,0.6021605333333333,0.792744
B,remote_protocol_scores_B.tgz,6f897340242462a081c466facc7b4ee8bbc58b4cf5cfede780627603324167ba,2026-05-23T23:51:22+0800,backfill_branch_grid_B_20260522_1956_ea_eps3e4_c_only_p1_seed456,outputs/backfill_branch_grid_B_20260522_1956_ea_eps3e4_c_only_p1_seed456/fixed_crop_ea_whitening_eps3e4_fbstcnet_c_only,p1_repeated_group_kfold,fixed_crop_ea_whitening_eps3e4_fbstcnet_c_only,complete,5,5,0,outputs/backfill_branch_grid_B_20260522_1956_ea_eps3e4_c_only_p1_seed456/fixed_crop_ea_whitening_eps3e4_fbstcnet_c_only/protocol1_board.csv,outputs/backfill_branch_grid_B_20260522_1956_ea_eps3e4_c_only_p1_seed456/fixed_crop_ea_whitening_eps3e4_fbstcnet_c_only/protocol1_audit.json,outputs/backfill_branch_grid_B_20260522_1956_ea_eps3e4_c_only_p1_seed456/fixed_crop_ea_whitening_eps3e4_fbstcnet_c_only/protocol1_jobs.csv,5,0.7015803199999999,0.05922139691288611,0.6253208,0.7923285333333333
B,remote_protocol_scores_B.tgz,6f897340242462a081c466facc7b4ee8bbc58b4cf5cfede780627603324167ba,2026-05-23T23:51:22+0800,backfill_capacity_B_20260522_153412_fixed_crop_ea_deformer_depth1_emb64_p3_extra,outputs/backfill_capacity_B_20260522_153412_fixed_crop_ea_deformer_depth1_emb64_p3_extra/fixed_crop_ea_deformer_depth1_emb64,p3_nested_selection,fixed_crop_ea_deformer_depth1_emb64,complete,20,5,0,outputs/backfill_capacity_B_20260522_153412_fixed_crop_ea_deformer_depth1_emb64_p3_extra/fixed_crop_ea_deformer_depth1_emb64/protocol3_board.csv,outputs/backfill_capacity_B_20260522_153412_fixed_crop_ea_deformer_depth1_emb64_p3_extra/fixed_crop_ea_deformer_depth1_emb64/protocol3_audit.json,outputs/backfill_capacity_B_20260522_153412_fixed_crop_ea_deformer_depth1_emb64_p3_extra/fixed_crop_ea_deformer_depth1_emb64/protocol3_jobs.csv,5,0.6878409066666668,0.03641664822723195,0.620908,0.7294416
B,remote_protocol_scores_B.tgz,6f897340242462a081c466facc7b4ee8bbc58b4cf5cfede780627603324167ba,2026-05-23T23:51:22+0800,backfill_capacity_B_20260522_155241_fixed_crop_ea_deformer_depth2_emb96_p3_extra,outputs/backfill_capacity_B_20260522_155241_fixed_crop_ea_deformer_depth2_emb96_p3_extra/fixed_crop_ea_deformer_depth2_emb96,p3_nested_selection,fixed_crop_ea_deformer_depth2_emb96,complete,20,5,0,outputs/backfill_capacity_B_20260522_155241_fixed_crop_ea_deformer_depth2_emb96_p3_extra/fixed_crop_ea_deformer_depth2_emb96/protocol3_board.csv,outputs/backfill_capacity_B_20260522_155241_fixed_crop_ea_deformer_depth2_emb96_p3_extra/fixed_crop_ea_deformer_depth2_emb96/protocol3_audit.json,outputs/backfill_capacity_B_20260522_155241_fixed_crop_ea_deformer_depth2_emb96_p3_extra/fixed_crop_ea_deformer_depth2_emb96/protocol3_jobs.csv,5,0.6803950933333333,0.03468739753539961,0.6286037333333333,0.7227306666666667
B,remote_protocol_scores_B.tgz,6f897340242462a081c466facc7b4ee8bbc58b4cf5cfede780627603324167ba,2026-05-23T23:51:22+0800,backfill_capacity_B_20260522_155244_fixed_crop_ea_lggnet_p3_extra,outputs/backfill_capacity_B_20260522_155244_fixed_crop_ea_lggnet_p3_extra/fixed_crop_ea_lggnet,p3_nested_selection,fixed_crop_ea_lggnet,complete,20,5,0,outputs/backfill_capacity_B_20260522_155244_fixed_crop_ea_lggnet_p3_extra/fixed_crop_ea_lggnet/protocol3_board.csv,outputs/backfill_capacity_B_20260522_155244_fixed_crop_ea_lggnet_p3_extra/fixed_crop_ea_lggnet/protocol3_audit.json,outputs/backfill_capacity_B_20260522_155244_fixed_crop_ea_lggnet_p3_extra/fixed_crop_ea_lggnet/protocol3_jobs.csv,5,0.6550615466666667,0.022130295140810458,0.6275490666666667,0.6822754666666667
B,remote_protocol_scores_B.tgz,6f897340242462a081c466facc7b4ee8bbc58b4cf5cfede780627603324167ba,2026-05-23T23:51:22+0800,backfill_component_B_20260522_172030_sliding_window_conformer_lite_p1_seed42,outputs/backfill_component_B_20260522_172030_sliding_window_conformer_lite_p1_seed42/sliding_window_conformer_lite,p1_repeated_group_kfold,sliding_window_conformer_lite,complete,5,5,0,outputs/backfill_component_B_20260522_172030_sliding_window_conformer_lite_p1_seed42/sliding_window_conformer_lite/protocol1_board.csv,outputs/backfill_component_B_20260522_172030_sliding_window_conformer_lite_p1_seed42/sliding_window_conformer_lite/protocol1_audit.json,outputs/backfill_component_B_20260522_172030_sliding_window_conformer_lite_p1_seed42/sliding_window_conformer_lite/protocol1_jobs.csv,5,0.6366346666666667,0.044032262539591985,0.5831733333333334,0.7175693333333334
B,remote_protocol_scores_B.tgz,6f897340242462a081c466facc7b4ee8bbc58b4cf5cfede780627603324167ba,2026-05-23T23:51:22+0800,backfill_diag_B_20260522_160815_srf_fbstcnet_gate_p1_seed42,outputs/backfill_diag_B_20260522_160815_srf_fbstcnet_gate_p1_seed42/sliding_window_srf_fbstcnet_gate_whitening_eps3e4_w6_s1,p1_repeated_group_kfold,sliding_window_srf_fbstcnet_gate_whitening_eps3e4_w6_s1,complete,5,5,0,outputs/backfill_diag_B_20260522_160815_srf_fbstcnet_gate_p1_seed42/sliding_window_srf_fbstcnet_gate_whitening_eps3e4_w6_s1/protocol1_board.csv,outputs/backfill_diag_B_20260522_160815_srf_fbstcnet_gate_p1_seed42/sliding_window_srf_fbstcnet_gate_whitening_eps3e4_w6_s1/protocol1_audit.json,outputs/backfill_diag_B_20260522_160815_srf_fbstcnet_gate_p1_seed42/sliding_window_srf_fbstcnet_gate_whitening_eps3e4_w6_s1/protocol1_jobs.csv,5,0.6590605333333334,0.035703481407342405,0.625172,0.72228
B,remote_protocol_scores_B.tgz,6f897340242462a081c466facc7b4ee8bbc58b4cf5cfede780627603324167ba,2026-05-23T23:51:22+0800,backfill_diverse_B_20260522_2029_fixed_crop_ea_dgcnn_p1_seed42,outputs/backfill_diverse_B_20260522_2029_fixed_crop_ea_dgcnn_p1_seed42/fixed_crop_ea_dgcnn,p1_repeated_group_kfold,fixed_crop_ea_dgcnn,complete,5,5,0,outputs/backfill_diverse_B_20260522_2029_fixed_crop_ea_dgcnn_p1_seed42/fixed_crop_ea_dgcnn/protocol1_board.csv,outputs/backfill_diverse_B_20260522_2029_fixed_crop_ea_dgcnn_p1_seed42/fixed_crop_ea_dgcnn/protocol1_audit.json,outputs/backfill_diverse_B_20260522_2029_fixed_crop_ea_dgcnn_p1_seed42/fixed_crop_ea_dgcnn/protocol1_jobs.csv,5,0.69763568,0.042757070034164964,0.6233333333333333,0.7426714666666666
B,remote_protocol_scores_B.tgz,6f897340242462a081c466facc7b4ee8bbc58b4cf5cfede780627603324167ba,2026-05-23T23:51:22+0800,backfill_diverse_B_20260522_2029_fixed_crop_ea_tsception_train_aug_p1_seed42,outputs/backfill_diverse_B_20260522_2029_fixed_crop_ea_tsception_train_aug_p1_seed42/fixed_crop_ea_tsception_train_aug,p1_repeated_group_kfold,fixed_crop_ea_tsception_train_aug,complete,5,5,0,outputs/backfill_diverse_B_20260522_2029_fixed_crop_ea_tsception_train_aug_p1_seed42/fixed_crop_ea_tsception_train_aug/protocol1_board.csv,outputs/backfill_diverse_B_20260522_2029_fixed_crop_ea_tsception_train_aug_p1_seed42/fixed_crop_ea_tsception_train_aug/protocol1_audit.json,outputs/backfill_diverse_B_20260522_2029_fixed_crop_ea_tsception_train_aug_p1_seed42/fixed_crop_ea_tsception_train_aug/protocol1_jobs.csv,5,0.6396991466666667,0.04115976628441156,0.5763786666666666,0.6785386666666667
B,remote_protocol_scores_B.tgz,6f897340242462a081c466facc7b4ee8bbc58b4cf5cfede780627603324167ba,2026-05-23T23:51:22+0800,backfill_diverse_B_20260522_2030_fixed_crop_ea_lggnet_p1_seed42,outputs/backfill_diverse_B_20260522_2030_fixed_crop_ea_lggnet_p1_seed42/fixed_crop_ea_lggnet,p1_repeated_group_kfold,fixed_crop_ea_lggnet,complete,5,5,0,outputs/backfill_diverse_B_20260522_2030_fixed_crop_ea_lggnet_p1_seed42/fixed_crop_ea_lggnet/protocol1_board.csv,outputs/backfill_diverse_B_20260522_2030_fixed_crop_ea_lggnet_p1_seed42/fixed_crop_ea_lggnet/protocol1_audit.json,outputs/backfill_diverse_B_20260522_2030_fixed_crop_ea_lggnet_p1_seed42/fixed_crop_ea_lggnet/protocol1_jobs.csv,5,0.6618958933333333,0.023057228249248763,0.6384490666666667,0.6962296
B,remote_protocol_scores_B.tgz,6f897340242462a081c466facc7b4ee8bbc58b4cf5cfede780627603324167ba,2026-05-23T23:51:22+0800,backfill_diverse_B_20260522_2042_fixed_crop_ea_tsception_train_aug_p3,outputs/backfill_diverse_B_20260522_2042_fixed_crop_ea_tsception_train_aug_p3/fixed_crop_ea_tsception_train_aug,p3_nested_selection,fixed_crop_ea_tsception_train_aug,complete,20,5,0,outputs/backfill_diverse_B_20260522_2042_fixed_crop_ea_tsception_train_aug_p3/fixed_crop_ea_tsception_train_aug/protocol3_board.csv,outputs/backfill_diverse_B_20260522_2042_fixed_crop_ea_tsception_train_aug_p3/fixed_crop_ea_tsception_train_aug/protocol3_audit.json,outputs/backfill_diverse_B_20260522_2042_fixed_crop_ea_tsception_train_aug_p3/fixed_crop_ea_tsception_train_aug/protocol3_jobs.csv,5,0.6558165333333335,0.04566932597703238,0.5780306666666667,0.7031842666666668
B,remote_protocol_scores_B.tgz,6f897340242462a081c466facc7b4ee8bbc58b4cf5cfede780627603324167ba,2026-05-23T23:51:22+0800,backfill_diverse_B_20260522_2044_fixed_crop_ea_deformer_depth1_emb64_p1_seed456,outputs/backfill_diverse_B_20260522_2044_fixed_crop_ea_deformer_depth1_emb64_p1_seed456/fixed_crop_ea_deformer_depth1_emb64,p1_repeated_group_kfold,fixed_crop_ea_deformer_depth1_emb64,complete,5,5,0,outputs/backfill_diverse_B_20260522_2044_fixed_crop_ea_deformer_depth1_emb64_p1_seed456/fixed_crop_ea_deformer_depth1_emb64/protocol1_board.csv,outputs/backfill_diverse_B_20260522_2044_fixed_crop_ea_deformer_depth1_emb64_p1_seed456/fixed_crop_ea_deformer_depth1_emb64/protocol1_audit.json,outputs/backfill_diverse_B_20260522_2044_fixed_crop_ea_deformer_depth1_emb64_p1_seed456/fixed_crop_ea_deformer_depth1_emb64/protocol1_jobs.csv,5,0.6628736533333333,0.03310320421078831,0.6099602666666667,0.7070186666666666
B,remote_protocol_scores_B.tgz,6f897340242462a081c466facc7b4ee8bbc58b4cf5cfede780627603324167ba,2026-05-23T23:51:22+0800,backfill_diverse_B_20260522_2044_fixed_crop_ea_fbcnet_train_aug_p1_seed456,outputs/backfill_diverse_B_20260522_2044_fixed_crop_ea_fbcnet_train_aug_p1_seed456/fixed_crop_ea_fbcnet_train_aug,p1_repeated_group_kfold,fixed_crop_ea_fbcnet_train_aug,complete,5,5,0,outputs/backfill_diverse_B_20260522_2044_fixed_crop_ea_fbcnet_train_aug_p1_seed456/fixed_crop_ea_fbcnet_train_aug/protocol1_board.csv,outputs/backfill_diverse_B_20260522_2044_fixed_crop_ea_fbcnet_train_aug_p1_seed456/fixed_crop_ea_fbcnet_train_aug/protocol1_audit.json,outputs/backfill_diverse_B_20260522_2044_fixed_crop_ea_fbcnet_train_aug_p1_seed456/fixed_crop_ea_fbcnet_train_aug/protocol1_jobs.csv,5,0.6326184533333333,0.04368389835673553,0.5743578666666667,0.6924365333333333
B,remote_protocol_scores_B.tgz,6f897340242462a081c466facc7b4ee8bbc58b4cf5cfede780627603324167ba,2026-05-23T23:51:22+0800,backfill_ea_ablation_B_20260522_1907_noea_eps3e4_mconn_p1_seed789,outputs/backfill_ea_ablation_B_20260522_1907_noea_eps3e4_mconn_p1_seed789/fixed_crop_whitening_eps3e4_fbstcnet_m_conn_light,p1_repeated_group_kfold,fixed_crop_whitening_eps3e4_fbstcnet_m_conn_light,complete,5,5,0,outputs/backfill_ea_ablation_B_20260522_1907_noea_eps3e4_mconn_p1_seed789/fixed_crop_whitening_eps3e4_fbstcnet_m_conn_light/protocol1_board.csv,outputs/backfill_ea_ablation_B_20260522_1907_noea_eps3e4_mconn_p1_seed789/fixed_crop_whitening_eps3e4_fbstcnet_m_conn_light/protocol1_audit.json,outputs/backfill_ea_ablation_B_20260522_1907_noea_eps3e4_mconn_p1_seed789/fixed_crop_whitening_eps3e4_fbstcnet_m_conn_light/protocol1_jobs.csv,5,0.71012768,0.04910589041693288,0.6291346666666667,0.7700469333333334
B,remote_protocol_scores_B.tgz,6f897340242462a081c466facc7b4ee8bbc58b4cf5cfede780627603324167ba,2026-05-23T23:51:22+0800,backfill_ea_ablation_B_20260522_1919_ea_eps1e3_mconn_p1_seeds789_1024,outputs/backfill_ea_ablation_B_20260522_1919_ea_eps1e3_mconn_p1_seeds789_1024/fixed_crop_ea_whitening_eps1e3_fbstcnet_m_conn_light,p1_repeated_group_kfold,fixed_crop_ea_whitening_eps1e3_fbstcnet_m_conn_light,complete,10,10,0,outputs/backfill_ea_ablation_B_20260522_1919_ea_eps1e3_mconn_p1_seeds789_1024/fixed_crop_ea_whitening_eps1e3_fbstcnet_m_conn_light/protocol1_board.csv,outputs/backfill_ea_ablation_B_20260522_1919_ea_eps1e3_mconn_p1_seeds789_1024/fixed_crop_ea_whitening_eps1e3_fbstcnet_m_conn_light/protocol1_audit.json,outputs/backfill_ea_ablation_B_20260522_1919_ea_eps1e3_mconn_p1_seeds789_1024/fixed_crop_ea_whitening_eps1e3_fbstcnet_m_conn_light/protocol1_jobs.csv,10,0.7093013333333335,0.042091426531069766,0.6341688,0.7703197333333333
B,remote_protocol_scores_B.tgz,6f897340242462a081c466facc7b4ee8bbc58b4cf5cfede780627603324167ba,2026-05-23T23:51:22+0800,backfill_ea_ablation_B_20260522_2013_ea_eps3e4_mconn_p1_seed1024,outputs/backfill_ea_ablation_B_20260522_2013_ea_eps3e4_mconn_p1_seed1024/fixed_crop_ea_whitening_eps3e4_fbstcnet_m_conn_light,p1_repeated_group_kfold,fixed_crop_ea_whitening_eps3e4_fbstcnet_m_conn_light,complete,5,5,0,outputs/backfill_ea_ablation_B_20260522_2013_ea_eps3e4_mconn_p1_seed1024/fixed_crop_ea_whitening_eps3e4_fbstcnet_m_conn_light/protocol1_board.csv,outputs/backfill_ea_ablation_B_20260522_2013_ea_eps3e4_mconn_p1_seed1024/fixed_crop_ea_whitening_eps3e4_fbstcnet_m_conn_light/protocol1_audit.json,outputs/backfill_ea_ablation_B_20260522_2013_ea_eps3e4_mconn_p1_seed1024/fixed_crop_ea_whitening_eps3e4_fbstcnet_m_conn_light/protocol1_jobs.csv,5,0.7073872533333334,0.04207674186774873,0.6335141333333333,0.7553346666666667
B,remote_protocol_scores_B.tgz,6f897340242462a081c466facc7b4ee8bbc58b4cf5cfede780627603324167ba,2026-05-23T23:51:22+0800,backfill_ea_ablation_B_20260522_2013_noea_eps1e3_mconn_p1_seed789,outputs/backfill_ea_ablation_B_20260522_2013_noea_eps1e3_mconn_p1_seed789/fixed_crop_whitening_eps1e3_fbstcnet_m_conn_light,p1_repeated_group_kfold,fixed_crop_whitening_eps1e3_fbstcnet_m_conn_light,complete,5,5,0,outputs/backfill_ea_ablation_B_20260522_2013_noea_eps1e3_mconn_p1_seed789/fixed_crop_whitening_eps1e3_fbstcnet_m_conn_light/protocol1_board.csv,outputs/backfill_ea_ablation_B_20260522_2013_noea_eps1e3_mconn_p1_seed789/fixed_crop_whitening_eps1e3_fbstcnet_m_conn_light/protocol1_audit.json,outputs/backfill_ea_ablation_B_20260522_2013_noea_eps1e3_mconn_p1_seed789/fixed_crop_whitening_eps1e3_fbstcnet_m_conn_light/protocol1_jobs.csv,5,0.7098895466666667,0.048960265269114366,0.6295813333333333,0.7699544
B,remote_protocol_scores_B.tgz,6f897340242462a081c466facc7b4ee8bbc58b4cf5cfede780627603324167ba,2026-05-23T23:51:22+0800,backfill_ea_ablation_B_20260522_2027_ea_eps3e4_base_p1_seed789,outputs/backfill_ea_ablation_B_20260522_2027_ea_eps3e4_base_p1_seed789/fixed_crop_ea_whitening_eps3e4_fbstcnet,p1_repeated_group_kfold,fixed_crop_ea_whitening_eps3e4_fbstcnet,complete,5,5,0,outputs/backfill_ea_ablation_B_20260522_2027_ea_eps3e4_base_p1_seed789/fixed_crop_ea_whitening_eps3e4_fbstcnet/protocol1_board.csv,outputs/backfill_ea_ablation_B_20260522_2027_ea_eps3e4_base_p1_seed789/fixed_crop_ea_whitening_eps3e4_fbstcnet/protocol1_audit.json,outputs/backfill_ea_ablation_B_20260522_2027_ea_eps3e4_base_p1_seed789/fixed_crop_ea_whitening_eps3e4_fbstcnet/protocol1_jobs.csv,5,0.7102931733333333,0.041020857232228154,0.6457253333333334,0.7684232000000001
B,remote_protocol_scores_B.tgz,6f897340242462a081c466facc7b4ee8bbc58b4cf5cfede780627603324167ba,2026-05-23T23:51:22+0800,backfill_graph_B_20260522_1905_sliding_ea_dgcnn_coral_p3,outputs/backfill_graph_B_20260522_1905_sliding_ea_dgcnn_coral_p3/sliding_ea_dgcnn_coral_cohort_w6_s1,p3_nested_selection,sliding_ea_dgcnn_coral_cohort_w6_s1,complete,20,5,0,outputs/backfill_graph_B_20260522_1905_sliding_ea_dgcnn_coral_p3/sliding_ea_dgcnn_coral_cohort_w6_s1/protocol3_board.csv,outputs/backfill_graph_B_20260522_1905_sliding_ea_dgcnn_coral_p3/sliding_ea_dgcnn_coral_cohort_w6_s1/protocol3_audit.json,outputs/backfill_graph_B_20260522_1905_sliding_ea_dgcnn_coral_p3/sliding_ea_dgcnn_coral_cohort_w6_s1/protocol3_jobs.csv,5,0.6344719999999999,0.021208953815677854,0.6057173333333333,0.6675666666666668
B,remote_protocol_scores_B.tgz,6f897340242462a081c466facc7b4ee8bbc58b4cf5cfede780627603324167ba,2026-05-23T23:51:22+0800,backfill_graph_B_20260522_2042_sliding_ea_dgcnn_coral_p3,outputs/backfill_graph_B_20260522_2042_sliding_ea_dgcnn_coral_p3/sliding_ea_dgcnn_coral_cohort_w6_s1,p3_nested_selection,sliding_ea_dgcnn_coral_cohort_w6_s1,complete,20,5,0,outputs/backfill_graph_B_20260522_2042_sliding_ea_dgcnn_coral_p3/sliding_ea_dgcnn_coral_cohort_w6_s1/protocol3_board.csv,outputs/backfill_graph_B_20260522_2042_sliding_ea_dgcnn_coral_p3/sliding_ea_dgcnn_coral_cohort_w6_s1/protocol3_audit.json,outputs/backfill_graph_B_20260522_2042_sliding_ea_dgcnn_coral_p3/sliding_ea_dgcnn_coral_cohort_w6_s1/protocol3_jobs.csv,5,0.6344719999999999,0.021208953815677854,0.6057173333333333,0.6675666666666668
B,remote_protocol_scores_B.tgz,6f897340242462a081c466facc7b4ee8bbc58b4cf5cfede780627603324167ba,2026-05-23T23:51:22+0800,backfill_long_B_20260522_213117_fixed_crop_ea_lggnet_p3,outputs/backfill_long_B_20260522_213117_fixed_crop_ea_lggnet_p3/fixed_crop_ea_lggnet,p3_nested_selection,fixed_crop_ea_lggnet,complete,20,5,0,outputs/backfill_long_B_20260522_213117_fixed_crop_ea_lggnet_p3/fixed_crop_ea_lggnet/protocol3_board.csv,outputs/backfill_long_B_20260522_213117_fixed_crop_ea_lggnet_p3/fixed_crop_ea_lggnet/protocol3_audit.json,outputs/backfill_long_B_20260522_213117_fixed_crop_ea_lggnet_p3/fixed_crop_ea_lggnet/protocol3_jobs.csv,5,0.6550615466666667,0.022130295140810458,0.6275490666666667,0.6822754666666667
B,remote_protocol_scores_B.tgz,6f897340242462a081c466facc7b4ee8bbc58b4cf5cfede780627603324167ba,2026-05-23T23:51:22+0800,backfill_long_B_20260522_213713_fixed_crop_ea_fbcnet_train_aug_p3,outputs/backfill_long_B_20260522_213713_fixed_crop_ea_fbcnet_train_aug_p3/fixed_crop_ea_fbcnet_train_aug,p3_nested_selection,fixed_crop_ea_fbcnet_train_aug,complete,20,5,0,outputs/backfill_long_B_20260522_213713_fixed_crop_ea_fbcnet_train_aug_p3/fixed_crop_ea_fbcnet_train_aug/protocol3_board.csv,outputs/backfill_long_B_20260522_213713_fixed_crop_ea_fbcnet_train_aug_p3/fixed_crop_ea_fbcnet_train_aug/protocol3_audit.json,outputs/backfill_long_B_20260522_213713_fixed_crop_ea_fbcnet_train_aug_p3/fixed_crop_ea_fbcnet_train_aug/protocol3_jobs.csv,5,0.64102704,0.02779428147616305,0.6114816,0.6814962666666667
B,remote_protocol_scores_B.tgz,6f897340242462a081c466facc7b4ee8bbc58b4cf5cfede780627603324167ba,2026-05-23T23:51:22+0800,backfill_long_B_20260522_213713_sliding_ea_dgcnn_w6_s1_p3,outputs/backfill_long_B_20260522_213713_sliding_ea_dgcnn_w6_s1_p3/sliding_ea_dgcnn_w6_s1,p3_nested_selection,sliding_ea_dgcnn_w6_s1,complete,20,5,0,outputs/backfill_long_B_20260522_213713_sliding_ea_dgcnn_w6_s1_p3/sliding_ea_dgcnn_w6_s1/protocol3_board.csv,outputs/backfill_long_B_20260522_213713_sliding_ea_dgcnn_w6_s1_p3/sliding_ea_dgcnn_w6_s1/protocol3_audit.json,outputs/backfill_long_B_20260522_213713_sliding_ea_dgcnn_w6_s1_p3/sliding_ea_dgcnn_w6_s1/protocol3_jobs.csv,5,0.6282152,0.019855123350689882,0.6100293333333333,0.6644333333333333
B,remote_protocol_scores_B.tgz,6f897340242462a081c466facc7b4ee8bbc58b4cf5cfede780627603324167ba,2026-05-23T23:51:22+0800,backfill_long_B_20260522_214012_fixed_crop_ea_tsception_p3,outputs/backfill_long_B_20260522_214012_fixed_crop_ea_tsception_p3/fixed_crop_ea_tsception,p3_nested_selection,fixed_crop_ea_tsception,complete,20,5,0,outputs/backfill_long_B_20260522_214012_fixed_crop_ea_tsception_p3/fixed_crop_ea_tsception/protocol3_board.csv,outputs/backfill_long_B_20260522_214012_fixed_crop_ea_tsception_p3/fixed_crop_ea_tsception/protocol3_audit.json,outputs/backfill_long_B_20260522_214012_fixed_crop_ea_tsception_p3/fixed_crop_ea_tsception/protocol3_jobs.csv,5,0.6434515733333332,0.03996188768121944,0.5765909333333333,0.6890864
B,remote_protocol_scores_B.tgz,6f897340242462a081c466facc7b4ee8bbc58b4cf5cfede780627603324167ba,2026-05-23T23:51:22+0800,backfill_long_B_20260522_214155_fixed_crop_ea_dgcnn_p3,outputs/backfill_long_B_20260522_214155_fixed_crop_ea_dgcnn_p3/fixed_crop_ea_dgcnn,p3_nested_selection,fixed_crop_ea_dgcnn,complete,20,5,0,outputs/backfill_long_B_20260522_214155_fixed_crop_ea_dgcnn_p3/fixed_crop_ea_dgcnn/protocol3_board.csv,outputs/backfill_long_B_20260522_214155_fixed_crop_ea_dgcnn_p3/fixed_crop_ea_dgcnn/protocol3_audit.json,outputs/backfill_long_B_20260522_214155_fixed_crop_ea_dgcnn_p3/fixed_crop_ea_dgcnn/protocol3_jobs.csv,5,0.7015716266666667,0.037467617611694766,0.6419026666666666,0.7424706666666667
B,remote_protocol_scores_B.tgz,6f897340242462a081c466facc7b4ee8bbc58b4cf5cfede780627603324167ba,2026-05-23T23:51:22+0800,backfill_long_B_20260522_214647_fixed_crop_ea_shallow_conv_net_p3,outputs/backfill_long_B_20260522_214647_fixed_crop_ea_shallow_conv_net_p3/fixed_crop_ea_shallow_conv_net,p3_nested_selection,fixed_crop_ea_shallow_conv_net,complete,20,5,0,outputs/backfill_long_B_20260522_214647_fixed_crop_ea_shallow_conv_net_p3/fixed_crop_ea_shallow_conv_net/protocol3_board.csv,outputs/backfill_long_B_20260522_214647_fixed_crop_ea_shallow_conv_net_p3/fixed_crop_ea_shallow_conv_net/protocol3_audit.json,outputs/backfill_long_B_20260522_214647_fixed_crop_ea_shallow_conv_net_p3/fixed_crop_ea_shallow_conv_net/protocol3_jobs.csv,5,0.6123097599999999,0.030403311452204235,0.5808458666666667,0.6528610666666667
B,remote_protocol_scores_B.tgz,6f897340242462a081c466facc7b4ee8bbc58b4cf5cfede780627603324167ba,2026-05-23T23:51:22+0800,backfill_pr35_B_20260522_155758_sliding_srfnet_whitening_eps3e4_p2,outputs/backfill_pr35_B_20260522_155758_sliding_srfnet_whitening_eps3e4_p2/sliding_window_srfnet_whitening_eps3e4,p2_pseudo_public_holdout,sliding_window_srfnet_whitening_eps3e4,complete,8,7,0,outputs/backfill_pr35_B_20260522_155758_sliding_srfnet_whitening_eps3e4_p2/sliding_window_srfnet_whitening_eps3e4/protocol2_board.csv,outputs/backfill_pr35_B_20260522_155758_sliding_srfnet_whitening_eps3e4_p2/sliding_window_srfnet_whitening_eps3e4/protocol2_audit.json,outputs/backfill_pr35_B_20260522_155758_sliding_srfnet_whitening_eps3e4_p2/sliding_window_srfnet_whitening_eps3e4/protocol2_jobs.csv,7,0.6488095238095238,0.06242909810536616,0.5,0.6875
B,remote_protocol_scores_B.tgz,6f897340242462a081c466facc7b4ee8bbc58b4cf5cfede780627603324167ba,2026-05-23T23:51:22+0800,backfill_pr35_B_20260522_155945_sliding_srfnet_whitening_eps3e4_p1_seed42,outputs/backfill_pr35_B_20260522_155945_sliding_srfnet_whitening_eps3e4_p1_seed42/sliding_window_srfnet_whitening_eps3e4,p1_repeated_group_kfold,sliding_window_srfnet_whitening_eps3e4,complete,5,5,0,outputs/backfill_pr35_B_20260522_155945_sliding_srfnet_whitening_eps3e4_p1_seed42/sliding_window_srfnet_whitening_eps3e4/protocol1_board.csv,outputs/backfill_pr35_B_20260522_155945_sliding_srfnet_whitening_eps3e4_p1_seed42/sliding_window_srfnet_whitening_eps3e4/protocol1_audit.json,outputs/backfill_pr35_B_20260522_155945_sliding_srfnet_whitening_eps3e4_p1_seed42/sliding_window_srfnet_whitening_eps3e4/protocol1_jobs.csv,5,0.6328096533333334,0.048912685506598184,0.5589762666666667,0.6836760000000001
B,remote_protocol_scores_B.tgz,6f897340242462a081c466facc7b4ee8bbc58b4cf5cfede780627603324167ba,2026-05-23T23:51:22+0800,backfill_pr35_B_20260522_160815_sliding_srfnet_whitening_eps3e4_p3,outputs/backfill_pr35_B_20260522_160815_sliding_srfnet_whitening_eps3e4_p3/sliding_window_srfnet_whitening_eps3e4,p3_nested_selection,sliding_window_srfnet_whitening_eps3e4,complete,20,5,0,outputs/backfill_pr35_B_20260522_160815_sliding_srfnet_whitening_eps3e4_p3/sliding_window_srfnet_whitening_eps3e4/protocol3_board.csv,outputs/backfill_pr35_B_20260522_160815_sliding_srfnet_whitening_eps3e4_p3/sliding_window_srfnet_whitening_eps3e4/protocol3_audit.json,outputs/backfill_pr35_B_20260522_160815_sliding_srfnet_whitening_eps3e4_p3/sliding_window_srfnet_whitening_eps3e4/protocol3_jobs.csv,5,0.6294402133333333,0.03587475468515182,0.5737437333333334,0.672012
B,remote_protocol_scores_B.tgz,6f897340242462a081c466facc7b4ee8bbc58b4cf5cfede780627603324167ba,2026-05-23T23:51:22+0800,backfill_pr35_B_20260522_1900_sliding_srfnet_whitening_eps3e4_p1_seed789,outputs/backfill_pr35_B_20260522_1900_sliding_srfnet_whitening_eps3e4_p1_seed789/sliding_window_srfnet_whitening_eps3e4,p1_repeated_group_kfold,sliding_window_srfnet_whitening_eps3e4,complete,5,5,0,outputs/backfill_pr35_B_20260522_1900_sliding_srfnet_whitening_eps3e4_p1_seed789/sliding_window_srfnet_whitening_eps3e4/protocol1_board.csv,outputs/backfill_pr35_B_20260522_1900_sliding_srfnet_whitening_eps3e4_p1_seed789/sliding_window_srfnet_whitening_eps3e4/protocol1_audit.json,outputs/backfill_pr35_B_20260522_1900_sliding_srfnet_whitening_eps3e4_p1_seed789/sliding_window_srfnet_whitening_eps3e4/protocol1_jobs.csv,5,0.6088212266666667,0.03936724617114758,0.5358952,0.6528586666666667
B,remote_protocol_scores_B.tgz,6f897340242462a081c466facc7b4ee8bbc58b4cf5cfede780627603324167ba,2026-05-23T23:51:22+0800,backfill_pr35_B_20260522_205856_sliding_srfnet_whitening_eps3e4_p1_seed2026,outputs/backfill_pr35_B_20260522_205856_sliding_srfnet_whitening_eps3e4_p1_seed2026/sliding_window_srfnet_whitening_eps3e4,p1_repeated_group_kfold,sliding_window_srfnet_whitening_eps3e4,complete,5,5,0,outputs/backfill_pr35_B_20260522_205856_sliding_srfnet_whitening_eps3e4_p1_seed2026/sliding_window_srfnet_whitening_eps3e4/protocol1_board.csv,outputs/backfill_pr35_B_20260522_205856_sliding_srfnet_whitening_eps3e4_p1_seed2026/sliding_window_srfnet_whitening_eps3e4/protocol1_audit.json,outputs/backfill_pr35_B_20260522_205856_sliding_srfnet_whitening_eps3e4_p1_seed2026/sliding_window_srfnet_whitening_eps3e4/protocol1_jobs.csv,5,0.65254816,0.04703657200921378,0.5785381333333334,0.7071306666666666
B,remote_protocol_scores_B.tgz,6f897340242462a081c466facc7b4ee8bbc58b4cf5cfede780627603324167ba,2026-05-23T23:51:22+0800,backfill_pr35_B_20260522_205856_sliding_srfnet_whitening_eps3e4_p1_seed3407,outputs/backfill_pr35_B_20260522_205856_sliding_srfnet_whitening_eps3e4_p1_seed3407/sliding_window_srfnet_whitening_eps3e4,p1_repeated_group_kfold,sliding_window_srfnet_whitening_eps3e4,complete,5,5,0,outputs/backfill_pr35_B_20260522_205856_sliding_srfnet_whitening_eps3e4_p1_seed3407/sliding_window_srfnet_whitening_eps3e4/protocol1_board.csv,outputs/backfill_pr35_B_20260522_205856_sliding_srfnet_whitening_eps3e4_p1_seed3407/sliding_window_srfnet_whitening_eps3e4/protocol1_audit.json,outputs/backfill_pr35_B_20260522_205856_sliding_srfnet_whitening_eps3e4_p1_seed3407/sliding_window_srfnet_whitening_eps3e4/protocol1_jobs.csv,5,0.6187877333333333,0.047718266138641524,0.5656706666666667,0.6872893333333333
B,remote_protocol_scores_B.tgz,6f897340242462a081c466facc7b4ee8bbc58b4cf5cfede780627603324167ba,2026-05-23T23:51:22+0800,backfill_pr35_B_20260522_210011_sliding_srf_fbstcnet_gate_w6_s1_p1_seed123,outputs/backfill_pr35_B_20260522_210011_sliding_srf_fbstcnet_gate_w6_s1_p1_seed123/sliding_window_srf_fbstcnet_gate_whitening_eps3e4_w6_s1,p1_repeated_group_kfold,sliding_window_srf_fbstcnet_gate_whitening_eps3e4_w6_s1,complete,5,5,0,outputs/backfill_pr35_B_20260522_210011_sliding_srf_fbstcnet_gate_w6_s1_p1_seed123/sliding_window_srf_fbstcnet_gate_whitening_eps3e4_w6_s1/protocol1_board.csv,outputs/backfill_pr35_B_20260522_210011_sliding_srf_fbstcnet_gate_w6_s1_p1_seed123/sliding_window_srf_fbstcnet_gate_whitening_eps3e4_w6_s1/protocol1_audit.json,outputs/backfill_pr35_B_20260522_210011_sliding_srf_fbstcnet_gate_w6_s1_p1_seed123/sliding_window_srf_fbstcnet_gate_whitening_eps3e4_w6_s1/protocol1_jobs.csv,5,0.6604605333333333,0.06703320667039254,0.5888666666666666,0.771916
B,remote_protocol_scores_B.tgz,6f897340242462a081c466facc7b4ee8bbc58b4cf5cfede780627603324167ba,2026-05-23T23:51:22+0800,backfill_pr35_B_20260522_211003_sliding_srf_fbstcnet_gate_w6_s1_p2,outputs/backfill_pr35_B_20260522_211003_sliding_srf_fbstcnet_gate_w6_s1_p2/sliding_window_srf_fbstcnet_gate_whitening_eps3e4_w6_s1,p2_pseudo_public_holdout,sliding_window_srf_fbstcnet_gate_whitening_eps3e4_w6_s1,complete,8,7,0,outputs/backfill_pr35_B_20260522_211003_sliding_srf_fbstcnet_gate_w6_s1_p2/sliding_window_srf_fbstcnet_gate_whitening_eps3e4_w6_s1/protocol2_board.csv,outputs/backfill_pr35_B_20260522_211003_sliding_srf_fbstcnet_gate_w6_s1_p2/sliding_window_srf_fbstcnet_gate_whitening_eps3e4_w6_s1/protocol2_audit.json,outputs/backfill_pr35_B_20260522_211003_sliding_srf_fbstcnet_gate_w6_s1_p2/sliding_window_srf_fbstcnet_gate_whitening_eps3e4_w6_s1/protocol2_jobs.csv,7,0.6517857142857142,0.08459922859257081,0.4583333333333333,0.7291666666666666
B,remote_protocol_scores_B.tgz,6f897340242462a081c466facc7b4ee8bbc58b4cf5cfede780627603324167ba,2026-05-23T23:51:22+0800,backfill_pr49_B_20260522_2000_noea_eps3e4_mconn_p1_seed123,outputs/backfill_pr49_B_20260522_2000_noea_eps3e4_mconn_p1_seed123/fixed_crop_whitening_eps3e4_fbstcnet_m_conn_light,p1_repeated_group_kfold,fixed_crop_whitening_eps3e4_fbstcnet_m_conn_light,complete,5,5,0,outputs/backfill_pr49_B_20260522_2000_noea_eps3e4_mconn_p1_seed123/fixed_crop_whitening_eps3e4_fbstcnet_m_conn_light/protocol1_board.csv,outputs/backfill_pr49_B_20260522_2000_noea_eps3e4_mconn_p1_seed123/fixed_crop_whitening_eps3e4_fbstcnet_m_conn_light/protocol1_audit.json,outputs/backfill_pr49_B_20260522_2000_noea_eps3e4_mconn_p1_seed123/fixed_crop_whitening_eps3e4_fbstcnet_m_conn_light/protocol1_jobs.csv,5,0.7052500266666668,0.03823860469443237,0.6679746666666667,0.771424
B,remote_protocol_scores_B.tgz,6f897340242462a081c466facc7b4ee8bbc58b4cf5cfede780627603324167ba,2026-05-23T23:51:22+0800,backfill_pr49_B_20260522_2013_fixed_crop_car_fbstcnet_p1_seed123,outputs/backfill_pr49_B_20260522_2013_fixed_crop_car_fbstcnet_p1_seed123/fixed_crop_car_fbstcnet,p1_repeated_group_kfold,fixed_crop_car_fbstcnet,complete,5,5,0,outputs/backfill_pr49_B_20260522_2013_fixed_crop_car_fbstcnet_p1_seed123/fixed_crop_car_fbstcnet/protocol1_board.csv,outputs/backfill_pr49_B_20260522_2013_fixed_crop_car_fbstcnet_p1_seed123/fixed_crop_car_fbstcnet/protocol1_audit.json,outputs/backfill_pr49_B_20260522_2013_fixed_crop_car_fbstcnet_p1_seed123/fixed_crop_car_fbstcnet/protocol1_jobs.csv,5,0.7207353066666667,0.024806261176999477,0.6872053333333333,0.758976
B,remote_protocol_scores_B.tgz,6f897340242462a081c466facc7b4ee8bbc58b4cf5cfede780627603324167ba,2026-05-23T23:51:22+0800,backfill_queue_B_20260522_211741_fixed_crop_ea_dgcnn_p1_seed123,outputs/backfill_queue_B_20260522_211741_fixed_crop_ea_dgcnn_p1_seed123/fixed_crop_ea_dgcnn,p1_repeated_group_kfold,fixed_crop_ea_dgcnn,complete,5,5,0,outputs/backfill_queue_B_20260522_211741_fixed_crop_ea_dgcnn_p1_seed123/fixed_crop_ea_dgcnn/protocol1_board.csv,outputs/backfill_queue_B_20260522_211741_fixed_crop_ea_dgcnn_p1_seed123/fixed_crop_ea_dgcnn/protocol1_audit.json,outputs/backfill_queue_B_20260522_211741_fixed_crop_ea_dgcnn_p1_seed123/fixed_crop_ea_dgcnn/protocol1_jobs.csv,5,0.6930665066666666,0.03150930188470557,0.638012,0.7326248
B,remote_protocol_scores_B.tgz,6f897340242462a081c466facc7b4ee8bbc58b4cf5cfede780627603324167ba,2026-05-23T23:51:22+0800,backfill_queue_B_20260522_211741_fixed_crop_ea_lggnet_p1_seed789_CR_,outputs/backfill_queue_B_20260522_211741_fixed_crop_ea_lggnet_p1_seed789_CR_/fixed_crop_ea_lggnet,p1_repeated_group_kfold,fixed_crop_ea_lggnet,complete,5,5,0,outputs/backfill_queue_B_20260522_211741_fixed_crop_ea_lggnet_p1_seed789_CR_/fixed_crop_ea_lggnet/protocol1_board.csv,outputs/backfill_queue_B_20260522_211741_fixed_crop_ea_lggnet_p1_seed789_CR_/fixed_crop_ea_lggnet/protocol1_audit.json,outputs/backfill_queue_B_20260522_211741_fixed_crop_ea_lggnet_p1_seed789_CR_/fixed_crop_ea_lggnet/protocol1_jobs.csv,5,0.6576021866666666,0.032146035979722286,0.6072269333333333,0.6953325333333332
B,remote_protocol_scores_B.tgz,6f897340242462a081c466facc7b4ee8bbc58b4cf5cfede780627603324167ba,2026-05-23T23:51:22+0800,backfill_queue_B_20260522_211741_sliding_ea_dgcnn_w6_s1_p1_seed456,outputs/backfill_queue_B_20260522_211741_sliding_ea_dgcnn_w6_s1_p1_seed456/sliding_ea_dgcnn_w6_s1,p1_repeated_group_kfold,sliding_ea_dgcnn_w6_s1,complete,5,5,0,outputs/backfill_queue_B_20260522_211741_sliding_ea_dgcnn_w6_s1_p1_seed456/sliding_ea_dgcnn_w6_s1/protocol1_board.csv,outputs/backfill_queue_B_20260522_211741_sliding_ea_dgcnn_w6_s1_p1_seed456/sliding_ea_dgcnn_w6_s1/protocol1_audit.json,outputs/backfill_queue_B_20260522_211741_sliding_ea_dgcnn_w6_s1_p1_seed456/sliding_ea_dgcnn_w6_s1/protocol1_jobs.csv,5,0.6548613333333333,0.07026767359683339,0.5773786666666666,0.75904
B,remote_protocol_scores_B.tgz,6f897340242462a081c466facc7b4ee8bbc58b4cf5cfede780627603324167ba,2026-05-23T23:51:22+0800,backfill_sliding_B_20260522_2013_mconn_w4_s1p5_p1_seed42,outputs/backfill_sliding_B_20260522_2013_mconn_w4_s1p5_p1_seed42/sliding_ea_fbstcnet_m_conn_w4_s1p5,p1_repeated_group_kfold,sliding_ea_fbstcnet_m_conn_w4_s1p5,complete,5,5,0,outputs/backfill_sliding_B_20260522_2013_mconn_w4_s1p5_p1_seed42/sliding_ea_fbstcnet_m_conn_w4_s1p5/protocol1_board.csv,outputs/backfill_sliding_B_20260522_2013_mconn_w4_s1p5_p1_seed42/sliding_ea_fbstcnet_m_conn_w4_s1p5/protocol1_audit.json,outputs/backfill_sliding_B_20260522_2013_mconn_w4_s1p5_p1_seed42/sliding_ea_fbstcnet_m_conn_w4_s1p5/protocol1_jobs.csv,5,0.6339819733333333,0.028682652672663022,0.5959586666666666,0.6846066666666667
B,remote_protocol_scores_B.tgz,6f897340242462a081c466facc7b4ee8bbc58b4cf5cfede780627603324167ba,2026-05-23T23:51:22+0800,backfill_sliding_B_20260522_2027_mconn_w6_s1_p1_seed42,outputs/backfill_sliding_B_20260522_2027_mconn_w6_s1_p1_seed42/sliding_ea_fbstcnet_m_conn_w6_s1,p1_repeated_group_kfold,sliding_ea_fbstcnet_m_conn_w6_s1,complete,5,5,0,outputs/backfill_sliding_B_20260522_2027_mconn_w6_s1_p1_seed42/sliding_ea_fbstcnet_m_conn_w6_s1/protocol1_board.csv,outputs/backfill_sliding_B_20260522_2027_mconn_w6_s1_p1_seed42/sliding_ea_fbstcnet_m_conn_w6_s1/protocol1_audit.json,outputs/backfill_sliding_B_20260522_2027_mconn_w6_s1_p1_seed42/sliding_ea_fbstcnet_m_conn_w6_s1/protocol1_jobs.csv,5,0.6406453333333334,0.027550238477693334,0.6026933333333334,0.678144
B,remote_protocol_scores_B.tgz,6f897340242462a081c466facc7b4ee8bbc58b4cf5cfede780627603324167ba,2026-05-23T23:51:22+0800,backfill_util_B_20260522_210828_fixed_crop_ea_fbcnet_train_aug_p1_seed789,outputs/backfill_util_B_20260522_210828_fixed_crop_ea_fbcnet_train_aug_p1_seed789/fixed_crop_ea_fbcnet_train_aug,p1_repeated_group_kfold,fixed_crop_ea_fbcnet_train_aug,complete,5,5,0,outputs/backfill_util_B_20260522_210828_fixed_crop_ea_fbcnet_train_aug_p1_seed789/fixed_crop_ea_fbcnet_train_aug/protocol1_board.csv,outputs/backfill_util_B_20260522_210828_fixed_crop_ea_fbcnet_train_aug_p1_seed789/fixed_crop_ea_fbcnet_train_aug/protocol1_audit.json,outputs/backfill_util_B_20260522_210828_fixed_crop_ea_fbcnet_train_aug_p1_seed789/fixed_crop_ea_fbcnet_train_aug/protocol1_jobs.csv,5,0.6349882133333333,0.025027144789835247,0.6129365333333333,0.6827784
B,remote_protocol_scores_B.tgz,6f897340242462a081c466facc7b4ee8bbc58b4cf5cfede780627603324167ba,2026-05-23T23:51:22+0800,backfill_util_B_20260522_211402_fixed_crop_ea_deformer_depth1_emb64_p1_seed1024,outputs/backfill_util_B_20260522_211402_fixed_crop_ea_deformer_depth1_emb64_p1_seed1024/fixed_crop_ea_deformer_depth1_emb64,p1_repeated_group_kfold,fixed_crop_ea_deformer_depth1_emb64,complete,5,5,0,outputs/backfill_util_B_20260522_211402_fixed_crop_ea_deformer_depth1_emb64_p1_seed1024/fixed_crop_ea_deformer_depth1_emb64/protocol1_board.csv,outputs/backfill_util_B_20260522_211402_fixed_crop_ea_deformer_depth1_emb64_p1_seed1024/fixed_crop_ea_deformer_depth1_emb64/protocol1_audit.json,outputs/backfill_util_B_20260522_211402_fixed_crop_ea_deformer_depth1_emb64_p1_seed1024/fixed_crop_ea_deformer_depth1_emb64/protocol1_jobs.csv,5,0.6695633066666666,0.03975598209024875,0.6096845333333333,0.7318586666666667
B,remote_protocol_scores_B.tgz,6f897340242462a081c466facc7b4ee8bbc58b4cf5cfede780627603324167ba,2026-05-23T23:51:22+0800,backfill_util_B_20260522_212109_fixed_crop_ea_tsception_train_aug_p1_seed1024,outputs/backfill_util_B_20260522_212109_fixed_crop_ea_tsception_train_aug_p1_seed1024/fixed_crop_ea_tsception_train_aug,p1_repeated_group_kfold,fixed_crop_ea_tsception_train_aug,complete,5,5,0,outputs/backfill_util_B_20260522_212109_fixed_crop_ea_tsception_train_aug_p1_seed1024/fixed_crop_ea_tsception_train_aug/protocol1_board.csv,outputs/backfill_util_B_20260522_212109_fixed_crop_ea_tsception_train_aug_p1_seed1024/fixed_crop_ea_tsception_train_aug/protocol1_audit.json,outputs/backfill_util_B_20260522_212109_fixed_crop_ea_tsception_train_aug_p1_seed1024/fixed_crop_ea_tsception_train_aug/protocol1_jobs.csv,5,0.6351699733333334,0.034560398003716464,0.5879088,0.6953314666666667
B,remote_protocol_scores_B.tgz,6f897340242462a081c466facc7b4ee8bbc58b4cf5cfede780627603324167ba,2026-05-23T23:51:22+0800,backfill_util_B_20260522_212251_fixed_crop_ea_deformer_depth1_emb64_p3,outputs/backfill_util_B_20260522_212251_fixed_crop_ea_deformer_depth1_emb64_p3/fixed_crop_ea_deformer_depth1_emb64,p3_nested_selection,fixed_crop_ea_deformer_depth1_emb64,complete,20,5,0,outputs/backfill_util_B_20260522_212251_fixed_crop_ea_deformer_depth1_emb64_p3/fixed_crop_ea_deformer_depth1_emb64/protocol3_board.csv,outputs/backfill_util_B_20260522_212251_fixed_crop_ea_deformer_depth1_emb64_p3/fixed_crop_ea_deformer_depth1_emb64/protocol3_audit.json,outputs/backfill_util_B_20260522_212251_fixed_crop_ea_deformer_depth1_emb64_p3/fixed_crop_ea_deformer_depth1_emb64/protocol3_jobs.csv,5,0.6878409066666668,0.03641664822723195,0.620908,0.7294416
B,remote_protocol_scores_B.tgz,6f897340242462a081c466facc7b4ee8bbc58b4cf5cfede780627603324167ba,2026-05-23T23:51:22+0800,backfill_util_B_20260522_222544_fixed_crop_ea_whitening_eps3e4_fbstcnet_p3_abs,outputs/backfill_util_B_20260522_222544_fixed_crop_ea_whitening_eps3e4_fbstcnet_p3_abs/fixed_crop_ea_whitening_eps3e4_fbstcnet,p3_nested_selection,fixed_crop_ea_whitening_eps3e4_fbstcnet,complete,20,5,0,outputs/backfill_util_B_20260522_222544_fixed_crop_ea_whitening_eps3e4_fbstcnet_p3_abs/fixed_crop_ea_whitening_eps3e4_fbstcnet/protocol3_board.csv,outputs/backfill_util_B_20260522_222544_fixed_crop_ea_whitening_eps3e4_fbstcnet_p3_abs/fixed_crop_ea_whitening_eps3e4_fbstcnet/protocol3_audit.json,outputs/backfill_util_B_20260522_222544_fixed_crop_ea_whitening_eps3e4_fbstcnet_p3_abs/fixed_crop_ea_whitening_eps3e4_fbstcnet/protocol3_jobs.csv,5,0.7084661866666667,0.02367586844702246,0.683704,0.7488640000000001
B,remote_protocol_scores_B.tgz,6f897340242462a081c466facc7b4ee8bbc58b4cf5cfede780627603324167ba,2026-05-23T23:51:22+0800,backfill_util_B_20260522_222546_fixed_crop_ea_whitening_eps1e3_fbstcnet_p3_abs,outputs/backfill_util_B_20260522_222546_fixed_crop_ea_whitening_eps1e3_fbstcnet_p3_abs/fixed_crop_ea_whitening_eps1e3_fbstcnet,p3_nested_selection,fixed_crop_ea_whitening_eps1e3_fbstcnet,complete,20,5,0,outputs/backfill_util_B_20260522_222546_fixed_crop_ea_whitening_eps1e3_fbstcnet_p3_abs/fixed_crop_ea_whitening_eps1e3_fbstcnet/protocol3_board.csv,outputs/backfill_util_B_20260522_222546_fixed_crop_ea_whitening_eps1e3_fbstcnet_p3_abs/fixed_crop_ea_whitening_eps1e3_fbstcnet/protocol3_audit.json,outputs/backfill_util_B_20260522_222546_fixed_crop_ea_whitening_eps1e3_fbstcnet_p3_abs/fixed_crop_ea_whitening_eps1e3_fbstcnet/protocol3_jobs.csv,5,0.7082009066666667,0.02292837189965886,0.6829133333333334,0.7465354666666667
B,remote_protocol_scores_B.tgz,6f897340242462a081c466facc7b4ee8bbc58b4cf5cfede780627603324167ba,2026-05-23T23:51:22+0800,backfill_util_B_20260522_222548_fixed_crop_ea_fbstcnet_m_conn_light_p3_abs,outputs/backfill_util_B_20260522_222548_fixed_crop_ea_fbstcnet_m_conn_light_p3_abs/fixed_crop_ea_fbstcnet_m_conn_light,p3_nested_selection,fixed_crop_ea_fbstcnet_m_conn_light,complete,20,5,0,outputs/backfill_util_B_20260522_222548_fixed_crop_ea_fbstcnet_m_conn_light_p3_abs/fixed_crop_ea_fbstcnet_m_conn_light/protocol3_board.csv,outputs/backfill_util_B_20260522_222548_fixed_crop_ea_fbstcnet_m_conn_light_p3_abs/fixed_crop_ea_fbstcnet_m_conn_light/protocol3_audit.json,outputs/backfill_util_B_20260522_222548_fixed_crop_ea_fbstcnet_m_conn_light_p3_abs/fixed_crop_ea_fbstcnet_m_conn_light/protocol3_jobs.csv,5,0.7104354133333334,0.030167210304829686,0.6782546666666667,0.7657226666666667
B,remote_protocol_scores_B.tgz,6f897340242462a081c466facc7b4ee8bbc58b4cf5cfede780627603324167ba,2026-05-23T23:51:22+0800,backfill_util_B_20260522_222551_fixed_crop_ea_fbstcnet_c_only_p3_abs,outputs/backfill_util_B_20260522_222551_fixed_crop_ea_fbstcnet_c_only_p3_abs/fixed_crop_ea_fbstcnet_c_only,p3_nested_selection,fixed_crop_ea_fbstcnet_c_only,complete,20,5,0,outputs/backfill_util_B_20260522_222551_fixed_crop_ea_fbstcnet_c_only_p3_abs/fixed_crop_ea_fbstcnet_c_only/protocol3_board.csv,outputs/backfill_util_B_20260522_222551_fixed_crop_ea_fbstcnet_c_only_p3_abs/fixed_crop_ea_fbstcnet_c_only/protocol3_audit.json,outputs/backfill_util_B_20260522_222551_fixed_crop_ea_fbstcnet_c_only_p3_abs/fixed_crop_ea_fbstcnet_c_only/protocol3_jobs.csv,5,0.71244096,0.031001493207725002,0.6816413333333333,0.7664906666666665
B,remote_protocol_scores_B.tgz,6f897340242462a081c466facc7b4ee8bbc58b4cf5cfede780627603324167ba,2026-05-23T23:51:22+0800,backfill_value_B_20260522_160815_riem_guided_gate_p2,outputs/backfill_value_B_20260522_160815_riem_guided_gate_p2/fixed_crop_ea_fbstcnet_riem_guided_gate,p2_pseudo_public_holdout,fixed_crop_ea_fbstcnet_riem_guided_gate,complete,8,7,0,outputs/backfill_value_B_20260522_160815_riem_guided_gate_p2/fixed_crop_ea_fbstcnet_riem_guided_gate/protocol2_board.csv,outputs/backfill_value_B_20260522_160815_riem_guided_gate_p2/fixed_crop_ea_fbstcnet_riem_guided_gate/protocol2_audit.json,outputs/backfill_value_B_20260522_160815_riem_guided_gate_p2/fixed_crop_ea_fbstcnet_riem_guided_gate/protocol2_jobs.csv,7,0.6785714285714286,0.12542444943872308,0.375,0.75
B,remote_protocol_scores_B.tgz,6f897340242462a081c466facc7b4ee8bbc58b4cf5cfede780627603324167ba,2026-05-23T23:51:22+0800,backfill_value_B_20260522_161455_deformer_depth3_emb64_p3,outputs/backfill_value_B_20260522_161455_deformer_depth3_emb64_p3/fixed_crop_ea_deformer_depth3_emb64,p3_nested_selection,fixed_crop_ea_deformer_depth3_emb64,complete,20,5,0,outputs/backfill_value_B_20260522_161455_deformer_depth3_emb64_p3/fixed_crop_ea_deformer_depth3_emb64/protocol3_board.csv,outputs/backfill_value_B_20260522_161455_deformer_depth3_emb64_p3/fixed_crop_ea_deformer_depth3_emb64/protocol3_audit.json,outputs/backfill_value_B_20260522_161455_deformer_depth3_emb64_p3/fixed_crop_ea_deformer_depth3_emb64/protocol3_jobs.csv,5,0.6772304533333334,0.03524459379936857,0.6206522666666666,0.7211181333333333
B,remote_protocol_scores_B.tgz,6f897340242462a081c466facc7b4ee8bbc58b4cf5cfede780627603324167ba,2026-05-23T23:51:22+0800,backfill_value_B_20260522_161455_fixed_crop_ea_dgcnn_p3,outputs/backfill_value_B_20260522_161455_fixed_crop_ea_dgcnn_p3/fixed_crop_ea_dgcnn,p3_nested_selection,fixed_crop_ea_dgcnn,complete,20,5,0,outputs/backfill_value_B_20260522_161455_fixed_crop_ea_dgcnn_p3/fixed_crop_ea_dgcnn/protocol3_board.csv,outputs/backfill_value_B_20260522_161455_fixed_crop_ea_dgcnn_p3/fixed_crop_ea_dgcnn/protocol3_audit.json,outputs/backfill_value_B_20260522_161455_fixed_crop_ea_dgcnn_p3/fixed_crop_ea_dgcnn/protocol3_jobs.csv,5,0.7015716266666667,0.037467617611694766,0.6419026666666666,0.7424706666666667
B,remote_protocol_scores_B.tgz,6f897340242462a081c466facc7b4ee8bbc58b4cf5cfede780627603324167ba,2026-05-23T23:51:22+0800,backfill_value_B_20260522_161455_fixed_crop_ea_tsception_p3,outputs/backfill_value_B_20260522_161455_fixed_crop_ea_tsception_p3/fixed_crop_ea_tsception,p3_nested_selection,fixed_crop_ea_tsception,complete,20,5,0,outputs/backfill_value_B_20260522_161455_fixed_crop_ea_tsception_p3/fixed_crop_ea_tsception/protocol3_board.csv,outputs/backfill_value_B_20260522_161455_fixed_crop_ea_tsception_p3/fixed_crop_ea_tsception/protocol3_audit.json,outputs/backfill_value_B_20260522_161455_fixed_crop_ea_tsception_p3/fixed_crop_ea_tsception/protocol3_jobs.csv,5,0.6434515733333332,0.03996188768121944,0.5765909333333333,0.6890864
B,remote_protocol_scores_B.tgz,6f897340242462a081c466facc7b4ee8bbc58b4cf5cfede780627603324167ba,2026-05-23T23:51:22+0800,backfill_value_B_20260522_162710_riem_guided_gate_p3,outputs/backfill_value_B_20260522_162710_riem_guided_gate_p3/fixed_crop_ea_fbstcnet_riem_guided_gate,p3_nested_selection,fixed_crop_ea_fbstcnet_riem_guided_gate,complete,20,5,0,outputs/backfill_value_B_20260522_162710_riem_guided_gate_p3/fixed_crop_ea_fbstcnet_riem_guided_gate/protocol3_board.csv,outputs/backfill_value_B_20260522_162710_riem_guided_gate_p3/fixed_crop_ea_fbstcnet_riem_guided_gate/protocol3_audit.json,outputs/backfill_value_B_20260522_162710_riem_guided_gate_p3/fixed_crop_ea_fbstcnet_riem_guided_gate/protocol3_jobs.csv,5,0.7042741333333333,0.029800042399373283,0.6727143999999999,0.7576285333333334
B,remote_protocol_scores_B.tgz,6f897340242462a081c466facc7b4ee8bbc58b4cf5cfede780627603324167ba,2026-05-23T23:51:22+0800,backfill_value_B_20260522_165405_fixed_crop_ea_fbcnet_p3,outputs/backfill_value_B_20260522_165405_fixed_crop_ea_fbcnet_p3/fixed_crop_ea_fbcnet,p3_nested_selection,fixed_crop_ea_fbcnet,complete,20,5,0,outputs/backfill_value_B_20260522_165405_fixed_crop_ea_fbcnet_p3/fixed_crop_ea_fbcnet/protocol3_board.csv,outputs/backfill_value_B_20260522_165405_fixed_crop_ea_fbcnet_p3/fixed_crop_ea_fbcnet/protocol3_audit.json,outputs/backfill_value_B_20260522_165405_fixed_crop_ea_fbcnet_p3/fixed_crop_ea_fbcnet/protocol3_jobs.csv,5,0.6444006933333334,0.028083825203513726,0.6120194666666666,0.6806144
B,remote_protocol_scores_B.tgz,6f897340242462a081c466facc7b4ee8bbc58b4cf5cfede780627603324167ba,2026-05-23T23:51:22+0800,backfill_value_B_20260522_165405_fixed_crop_ea_fbcnet_train_aug_p3,outputs/backfill_value_B_20260522_165405_fixed_crop_ea_fbcnet_train_aug_p3/fixed_crop_ea_fbcnet_train_aug,p3_nested_selection,fixed_crop_ea_fbcnet_train_aug,complete,20,5,0,outputs/backfill_value_B_20260522_165405_fixed_crop_ea_fbcnet_train_aug_p3/fixed_crop_ea_fbcnet_train_aug/protocol3_board.csv,outputs/backfill_value_B_20260522_165405_fixed_crop_ea_fbcnet_train_aug_p3/fixed_crop_ea_fbcnet_train_aug/protocol3_audit.json,outputs/backfill_value_B_20260522_165405_fixed_crop_ea_fbcnet_train_aug_p3/fixed_crop_ea_fbcnet_train_aug/protocol3_jobs.csv,5,0.64102704,0.02779428147616305,0.6114816,0.6814962666666667
B,remote_protocol_scores_B.tgz,6f897340242462a081c466facc7b4ee8bbc58b4cf5cfede780627603324167ba,2026-05-23T23:51:22+0800,backfill_value_B_20260522_170745_fixed_crop_ea_tsception_train_aug_p3,outputs/backfill_value_B_20260522_170745_fixed_crop_ea_tsception_train_aug_p3/fixed_crop_ea_tsception_train_aug,p3_nested_selection,fixed_crop_ea_tsception_train_aug,complete,20,5,0,outputs/backfill_value_B_20260522_170745_fixed_crop_ea_tsception_train_aug_p3/fixed_crop_ea_tsception_train_aug/protocol3_board.csv,outputs/backfill_value_B_20260522_170745_fixed_crop_ea_tsception_train_aug_p3/fixed_crop_ea_tsception_train_aug/protocol3_audit.json,outputs/backfill_value_B_20260522_170745_fixed_crop_ea_tsception_train_aug_p3/fixed_crop_ea_tsception_train_aug/protocol3_jobs.csv,5,0.6558165333333335,0.04566932597703238,0.5780306666666667,0.7031842666666668
B,remote_protocol_scores_B.tgz,6f897340242462a081c466facc7b4ee8bbc58b4cf5cfede780627603324167ba,2026-05-23T23:51:22+0800,backfill_value_B_20260522_172635_deformer_depth2_emb96_p3,outputs/backfill_value_B_20260522_172635_deformer_depth2_emb96_p3/fixed_crop_ea_deformer_depth2_emb96,p3_nested_selection,fixed_crop_ea_deformer_depth2_emb96,complete,20,5,0,outputs/backfill_value_B_20260522_172635_deformer_depth2_emb96_p3/fixed_crop_ea_deformer_depth2_emb96/protocol3_board.csv,outputs/backfill_value_B_20260522_172635_deformer_depth2_emb96_p3/fixed_crop_ea_deformer_depth2_emb96/protocol3_audit.json,outputs/backfill_value_B_20260522_172635_deformer_depth2_emb96_p3/fixed_crop_ea_deformer_depth2_emb96/protocol3_jobs.csv,5,0.6803950933333333,0.03468739753539961,0.6286037333333333,0.7227306666666667
B,remote_protocol_scores_B.tgz,6f897340242462a081c466facc7b4ee8bbc58b4cf5cfede780627603324167ba,2026-05-23T23:51:22+0800,backfill_value_B_20260522_172825_deformer_depth3_emb64_p3,outputs/backfill_value_B_20260522_172825_deformer_depth3_emb64_p3/fixed_crop_ea_deformer_depth3_emb64,p3_nested_selection,fixed_crop_ea_deformer_depth3_emb64,complete,20,5,0,outputs/backfill_value_B_20260522_172825_deformer_depth3_emb64_p3/fixed_crop_ea_deformer_depth3_emb64/protocol3_board.csv,outputs/backfill_value_B_20260522_172825_deformer_depth3_emb64_p3/fixed_crop_ea_deformer_depth3_emb64/protocol3_audit.json,outputs/backfill_value_B_20260522_172825_deformer_depth3_emb64_p3/fixed_crop_ea_deformer_depth3_emb64/protocol3_jobs.csv,5,0.6772304533333334,0.03524459379936857,0.6206522666666666,0.7211181333333333
B,remote_protocol_scores_B.tgz,6f897340242462a081c466facc7b4ee8bbc58b4cf5cfede780627603324167ba,2026-05-23T23:51:22+0800,backfill_value_B_20260522_173215_fixed_crop_ea_tsception_p3,outputs/backfill_value_B_20260522_173215_fixed_crop_ea_tsception_p3/fixed_crop_ea_tsception,p3_nested_selection,fixed_crop_ea_tsception,complete,20,5,0,outputs/backfill_value_B_20260522_173215_fixed_crop_ea_tsception_p3/fixed_crop_ea_tsception/protocol3_board.csv,outputs/backfill_value_B_20260522_173215_fixed_crop_ea_tsception_p3/fixed_crop_ea_tsception/protocol3_audit.json,outputs/backfill_value_B_20260522_173215_fixed_crop_ea_tsception_p3/fixed_crop_ea_tsception/protocol3_jobs.csv,5,0.6434515733333332,0.03996188768121944,0.5765909333333333,0.6890864
B,remote_protocol_scores_B.tgz,6f897340242462a081c466facc7b4ee8bbc58b4cf5cfede780627603324167ba,2026-05-23T23:51:22+0800,backfill_value_B_20260522_1812_fixed_crop_ea_dgcnn_p3,outputs/backfill_value_B_20260522_1812_fixed_crop_ea_dgcnn_p3/fixed_crop_ea_dgcnn,p3_nested_selection,fixed_crop_ea_dgcnn,complete,20,5,0,outputs/backfill_value_B_20260522_1812_fixed_crop_ea_dgcnn_p3/fixed_crop_ea_dgcnn/protocol3_board.csv,outputs/backfill_value_B_20260522_1812_fixed_crop_ea_dgcnn_p3/fixed_crop_ea_dgcnn/protocol3_audit.json,outputs/backfill_value_B_20260522_1812_fixed_crop_ea_dgcnn_p3/fixed_crop_ea_dgcnn/protocol3_jobs.csv,5,0.7015716266666667,0.037467617611694766,0.6419026666666666,0.7424706666666667
B,remote_protocol_scores_B.tgz,6f897340242462a081c466facc7b4ee8bbc58b4cf5cfede780627603324167ba,2026-05-23T23:51:22+0800,backfill_value_B_20260522_1814_fixed_crop_ea_fbcnet_train_aug_p3,outputs/backfill_value_B_20260522_1814_fixed_crop_ea_fbcnet_train_aug_p3/fixed_crop_ea_fbcnet_train_aug,p3_nested_selection,fixed_crop_ea_fbcnet_train_aug,complete,20,5,0,outputs/backfill_value_B_20260522_1814_fixed_crop_ea_fbcnet_train_aug_p3/fixed_crop_ea_fbcnet_train_aug/protocol3_board.csv,outputs/backfill_value_B_20260522_1814_fixed_crop_ea_fbcnet_train_aug_p3/fixed_crop_ea_fbcnet_train_aug/protocol3_audit.json,outputs/backfill_value_B_20260522_1814_fixed_crop_ea_fbcnet_train_aug_p3/fixed_crop_ea_fbcnet_train_aug/protocol3_jobs.csv,5,0.64102704,0.02779428147616305,0.6114816,0.6814962666666667
B,remote_protocol_scores_B.tgz,6f897340242462a081c466facc7b4ee8bbc58b4cf5cfede780627603324167ba,2026-05-23T23:51:22+0800,backfill_value_B_20260522_1814_sliding_ea_dgcnn_dann_p2,outputs/backfill_value_B_20260522_1814_sliding_ea_dgcnn_dann_p2/sliding_ea_dgcnn_dann_cohort_w6_s1,p2_pseudo_public_holdout,sliding_ea_dgcnn_dann_cohort_w6_s1,complete,8,7,0,outputs/backfill_value_B_20260522_1814_sliding_ea_dgcnn_dann_p2/sliding_ea_dgcnn_dann_cohort_w6_s1/protocol2_board.csv,outputs/backfill_value_B_20260522_1814_sliding_ea_dgcnn_dann_p2/sliding_ea_dgcnn_dann_cohort_w6_s1/protocol2_audit.json,outputs/backfill_value_B_20260522_1814_sliding_ea_dgcnn_dann_p2/sliding_ea_dgcnn_dann_cohort_w6_s1/protocol2_jobs.csv,7,0.6666666666666666,0.06200198409523708,0.5208333333333334,0.7083333333333334
B,remote_protocol_scores_B.tgz,6f897340242462a081c466facc7b4ee8bbc58b4cf5cfede780627603324167ba,2026-05-23T23:51:22+0800,backfill_value_B_20260522_1816_deformer_depth3_emb64_p3,outputs/backfill_value_B_20260522_1816_deformer_depth3_emb64_p3/fixed_crop_ea_deformer_depth3_emb64,p3_nested_selection,fixed_crop_ea_deformer_depth3_emb64,complete,20,5,0,outputs/backfill_value_B_20260522_1816_deformer_depth3_emb64_p3/fixed_crop_ea_deformer_depth3_emb64/protocol3_board.csv,outputs/backfill_value_B_20260522_1816_deformer_depth3_emb64_p3/fixed_crop_ea_deformer_depth3_emb64/protocol3_audit.json,outputs/backfill_value_B_20260522_1816_deformer_depth3_emb64_p3/fixed_crop_ea_deformer_depth3_emb64/protocol3_jobs.csv,5,0.6772304533333334,0.03524459379936857,0.6206522666666666,0.7211181333333333
B,remote_protocol_scores_B.tgz,6f897340242462a081c466facc7b4ee8bbc58b4cf5cfede780627603324167ba,2026-05-23T23:51:22+0800,backfill_value_B_20260522_1818_fixed_crop_ea_lggnet_p3,outputs/backfill_value_B_20260522_1818_fixed_crop_ea_lggnet_p3/fixed_crop_ea_lggnet,p3_nested_selection,fixed_crop_ea_lggnet,complete,20,5,0,outputs/backfill_value_B_20260522_1818_fixed_crop_ea_lggnet_p3/fixed_crop_ea_lggnet/protocol3_board.csv,outputs/backfill_value_B_20260522_1818_fixed_crop_ea_lggnet_p3/fixed_crop_ea_lggnet/protocol3_audit.json,outputs/backfill_value_B_20260522_1818_fixed_crop_ea_lggnet_p3/fixed_crop_ea_lggnet/protocol3_jobs.csv,5,0.6550615466666667,0.022130295140810458,0.6275490666666667,0.6822754666666667
B,remote_protocol_scores_B.tgz,6f897340242462a081c466facc7b4ee8bbc58b4cf5cfede780627603324167ba,2026-05-23T23:51:22+0800,backfill_value_B_20260522_1818_fixed_crop_ea_tsception_train_aug_p3,outputs/backfill_value_B_20260522_1818_fixed_crop_ea_tsception_train_aug_p3/fixed_crop_ea_tsception_train_aug,p3_nested_selection,fixed_crop_ea_tsception_train_aug,complete,20,5,0,outputs/backfill_value_B_20260522_1818_fixed_crop_ea_tsception_train_aug_p3/fixed_crop_ea_tsception_train_aug/protocol3_board.csv,outputs/backfill_value_B_20260522_1818_fixed_crop_ea_tsception_train_aug_p3/fixed_crop_ea_tsception_train_aug/protocol3_audit.json,outputs/backfill_value_B_20260522_1818_fixed_crop_ea_tsception_train_aug_p3/fixed_crop_ea_tsception_train_aug/protocol3_jobs.csv,5,0.6558165333333335,0.04566932597703238,0.5780306666666667,0.7031842666666668
B,remote_protocol_scores_B.tgz,6f897340242462a081c466facc7b4ee8bbc58b4cf5cfede780627603324167ba,2026-05-23T23:51:22+0800,backfill_value_B_20260522_1827_fixed_crop_ea_fbcnet_p3,outputs/backfill_value_B_20260522_1827_fixed_crop_ea_fbcnet_p3/fixed_crop_ea_fbcnet,p3_nested_selection,fixed_crop_ea_fbcnet,complete,20,5,0,outputs/backfill_value_B_20260522_1827_fixed_crop_ea_fbcnet_p3/fixed_crop_ea_fbcnet/protocol3_board.csv,outputs/backfill_value_B_20260522_1827_fixed_crop_ea_fbcnet_p3/fixed_crop_ea_fbcnet/protocol3_audit.json,outputs/backfill_value_B_20260522_1827_fixed_crop_ea_fbcnet_p3/fixed_crop_ea_fbcnet/protocol3_jobs.csv,5,0.6444006933333334,0.028083825203513726,0.6120194666666666,0.6806144
B,remote_protocol_scores_B.tgz,6f897340242462a081c466facc7b4ee8bbc58b4cf5cfede780627603324167ba,2026-05-23T23:51:22+0800,backfill_value_B_20260522_1848_fixed_crop_ea_tsception_p3,outputs/backfill_value_B_20260522_1848_fixed_crop_ea_tsception_p3/fixed_crop_ea_tsception,p3_nested_selection,fixed_crop_ea_tsception,complete,20,5,0,outputs/backfill_value_B_20260522_1848_fixed_crop_ea_tsception_p3/fixed_crop_ea_tsception/protocol3_board.csv,outputs/backfill_value_B_20260522_1848_fixed_crop_ea_tsception_p3/fixed_crop_ea_tsception/protocol3_audit.json,outputs/backfill_value_B_20260522_1848_fixed_crop_ea_tsception_p3/fixed_crop_ea_tsception/protocol3_jobs.csv,5,0.6434515733333332,0.03996188768121944,0.5765909333333333,0.6890864
B,remote_protocol_scores_B.tgz,6f897340242462a081c466facc7b4ee8bbc58b4cf5cfede780627603324167ba,2026-05-23T23:51:22+0800,pr44_B_20260522_145228_fixed_crop_ea_whitening_eps3e4_fbstcnet_m_conn_light_p1,outputs/pr44_B_20260522_145228_fixed_crop_ea_whitening_eps3e4_fbstcnet_m_conn_light_p1/fixed_crop_ea_whitening_eps3e4_fbstcnet_m_conn_light,p1_repeated_group_kfold,fixed_crop_ea_whitening_eps3e4_fbstcnet_m_conn_light,complete,5,5,0,outputs/pr44_B_20260522_145228_fixed_crop_ea_whitening_eps3e4_fbstcnet_m_conn_light_p1/fixed_crop_ea_whitening_eps3e4_fbstcnet_m_conn_light/protocol1_board.csv,outputs/pr44_B_20260522_145228_fixed_crop_ea_whitening_eps3e4_fbstcnet_m_conn_light_p1/fixed_crop_ea_whitening_eps3e4_fbstcnet_m_conn_light/protocol1_audit.json,outputs/pr44_B_20260522_145228_fixed_crop_ea_whitening_eps3e4_fbstcnet_m_conn_light_p1/fixed_crop_ea_whitening_eps3e4_fbstcnet_m_conn_light/protocol1_jobs.csv,5,0.7198748266666666,0.02701612795789782,0.6935738666666666,0.7645373333333332
B,remote_protocol_scores_B.tgz,6f897340242462a081c466facc7b4ee8bbc58b4cf5cfede780627603324167ba,2026-05-23T23:51:22+0800,pr44_B_20260522_145231_fixed_crop_ea_whitening_eps3e4_fbstcnet_c_only_p2,outputs/pr44_B_20260522_145231_fixed_crop_ea_whitening_eps3e4_fbstcnet_c_only_p2/fixed_crop_ea_whitening_eps3e4_fbstcnet_c_only,p2_pseudo_public_holdout,fixed_crop_ea_whitening_eps3e4_fbstcnet_c_only,complete,8,7,0,outputs/pr44_B_20260522_145231_fixed_crop_ea_whitening_eps3e4_fbstcnet_c_only_p2/fixed_crop_ea_whitening_eps3e4_fbstcnet_c_only/protocol2_board.csv,outputs/pr44_B_20260522_145231_fixed_crop_ea_whitening_eps3e4_fbstcnet_c_only_p2/fixed_crop_ea_whitening_eps3e4_fbstcnet_c_only/protocol2_audit.json,outputs/pr44_B_20260522_145231_fixed_crop_ea_whitening_eps3e4_fbstcnet_c_only_p2/fixed_crop_ea_whitening_eps3e4_fbstcnet_c_only/protocol2_jobs.csv,7,0.6428571428571429,0.15326658559028256,0.2708333333333333,0.7291666666666666
B,remote_protocol_scores_B.tgz,6f897340242462a081c466facc7b4ee8bbc58b4cf5cfede780627603324167ba,2026-05-23T23:51:22+0800,pr44_promote_B_20260522_152345_ea_eps3e4_mconn_p3,outputs/pr44_promote_B_20260522_152345_ea_eps3e4_mconn_p3/fixed_crop_ea_whitening_eps3e4_fbstcnet_m_conn_light,p3_nested_selection,fixed_crop_ea_whitening_eps3e4_fbstcnet_m_conn_light,complete,20,5,0,outputs/pr44_promote_B_20260522_152345_ea_eps3e4_mconn_p3/fixed_crop_ea_whitening_eps3e4_fbstcnet_m_conn_light/protocol3_board.csv,outputs/pr44_promote_B_20260522_152345_ea_eps3e4_mconn_p3/fixed_crop_ea_whitening_eps3e4_fbstcnet_m_conn_light/protocol3_audit.json,outputs/pr44_promote_B_20260522_152345_ea_eps3e4_mconn_p3/fixed_crop_ea_whitening_eps3e4_fbstcnet_m_conn_light/protocol3_jobs.csv,5,0.71160992,0.02384803585812649,0.6881973333333334,0.7544053333333333
B,remote_protocol_scores_B.tgz,6f897340242462a081c466facc7b4ee8bbc58b4cf5cfede780627603324167ba,2026-05-23T23:51:22+0800,pr44_promote_B_20260522_152348_noea_eps3e4_mconn_extra_seeds_p1,outputs/pr44_promote_B_20260522_152348_noea_eps3e4_mconn_extra_seeds_p1/fixed_crop_whitening_eps3e4_fbstcnet_m_conn_light,p1_repeated_group_kfold,fixed_crop_whitening_eps3e4_fbstcnet_m_conn_light,complete,10,10,0,outputs/pr44_promote_B_20260522_152348_noea_eps3e4_mconn_extra_seeds_p1/fixed_crop_whitening_eps3e4_fbstcnet_m_conn_light/protocol1_board.csv,outputs/pr44_promote_B_20260522_152348_noea_eps3e4_mconn_extra_seeds_p1/fixed_crop_whitening_eps3e4_fbstcnet_m_conn_light/protocol1_audit.json,outputs/pr44_promote_B_20260522_152348_noea_eps3e4_mconn_extra_seeds_p1/fixed_crop_whitening_eps3e4_fbstcnet_m_conn_light/protocol1_jobs.csv,10,0.7063308533333333,0.05048257435169132,0.6153402666666666,0.8026346666666665
B,remote_protocol_scores_B.tgz,6f897340242462a081c466facc7b4ee8bbc58b4cf5cfede780627603324167ba,2026-05-23T23:51:22+0800,pr44_promote_B_20260522_152351_noea_eps1e3_mconn_extra_seeds_p1,outputs/pr44_promote_B_20260522_152351_noea_eps1e3_mconn_extra_seeds_p1/fixed_crop_whitening_eps1e3_fbstcnet_m_conn_light,p1_repeated_group_kfold,fixed_crop_whitening_eps1e3_fbstcnet_m_conn_light,complete,10,10,0,outputs/pr44_promote_B_20260522_152351_noea_eps1e3_mconn_extra_seeds_p1/fixed_crop_whitening_eps1e3_fbstcnet_m_conn_light/protocol1_board.csv,outputs/pr44_promote_B_20260522_152351_noea_eps1e3_mconn_extra_seeds_p1/fixed_crop_whitening_eps1e3_fbstcnet_m_conn_light/protocol1_audit.json,outputs/pr44_promote_B_20260522_152351_noea_eps1e3_mconn_extra_seeds_p1/fixed_crop_whitening_eps1e3_fbstcnet_m_conn_light/protocol1_jobs.csv,10,0.70598936,0.050146434899182524,0.6140949333333334,0.8000786666666665
C,remote_protocol_scores_C.tgz,18dd01bbe5419107626747efd6ca05564ef48be5441007948df37ab433868b59,2026-05-23T23:51:21+0800,autofill_C2_20260523_140155_048_p2_sliding_window_srfnet_whitening_eps3e4,outputs/autofill_C2_20260523_140155_048_p2_sliding_window_srfnet_whitening_eps3e4/sliding_window_srfnet_whitening_eps3e4,p2_pseudo_public_holdout,sliding_window_srfnet_whitening_eps3e4,complete,8,7,0,outputs/autofill_C2_20260523_140155_048_p2_sliding_window_srfnet_whitening_eps3e4/sliding_window_srfnet_whitening_eps3e4/protocol2_board.csv,outputs/autofill_C2_20260523_140155_048_p2_sliding_window_srfnet_whitening_eps3e4/sliding_window_srfnet_whitening_eps3e4/protocol2_audit.json,outputs/autofill_C2_20260523_140155_048_p2_sliding_window_srfnet_whitening_eps3e4/sliding_window_srfnet_whitening_eps3e4/protocol2_jobs.csv,7,0.6488095238095238,0.06242909810536616,0.5,0.6875
C,remote_protocol_scores_C.tgz,18dd01bbe5419107626747efd6ca05564ef48be5441007948df37ab433868b59,2026-05-23T23:51:21+0800,autofill_C2_20260523_140159_049_p1_sliding_window_srfnet_whitening_eps3e4,outputs/autofill_C2_20260523_140159_049_p1_sliding_window_srfnet_whitening_eps3e4/sliding_window_srfnet_whitening_eps3e4,p1_repeated_group_kfold,sliding_window_srfnet_whitening_eps3e4,complete,25,25,0,outputs/autofill_C2_20260523_140159_049_p1_sliding_window_srfnet_whitening_eps3e4/sliding_window_srfnet_whitening_eps3e4/protocol1_board.csv,outputs/autofill_C2_20260523_140159_049_p1_sliding_window_srfnet_whitening_eps3e4/sliding_window_srfnet_whitening_eps3e4/protocol1_audit.json,outputs/autofill_C2_20260523_140159_049_p1_sliding_window_srfnet_whitening_eps3e4/sliding_window_srfnet_whitening_eps3e4/protocol1_jobs.csv,25,0.602092864,0.05210913051421043,0.4996247999999999,0.6856866666666667
C,remote_protocol_scores_C.tgz,18dd01bbe5419107626747efd6ca05564ef48be5441007948df37ab433868b59,2026-05-23T23:51:21+0800,autofill_C2_20260523_140926_050_p2_fixed_crop_ea_whitening_eps1e3_fbstcnet_m_conn_light,outputs/autofill_C2_20260523_140926_050_p2_fixed_crop_ea_whitening_eps1e3_fbstcnet_m_conn_light/fixed_crop_ea_whitening_eps1e3_fbstcnet_m_conn_light,p2_pseudo_public_holdout,fixed_crop_ea_whitening_eps1e3_fbstcnet_m_conn_light,complete,8,7,0,outputs/autofill_C2_20260523_140926_050_p2_fixed_crop_ea_whitening_eps1e3_fbstcnet_m_conn_light/fixed_crop_ea_whitening_eps1e3_fbstcnet_m_conn_light/protocol2_board.csv,outputs/autofill_C2_20260523_140926_050_p2_fixed_crop_ea_whitening_eps1e3_fbstcnet_m_conn_light/fixed_crop_ea_whitening_eps1e3_fbstcnet_m_conn_light/protocol2_audit.json,outputs/autofill_C2_20260523_140926_050_p2_fixed_crop_ea_whitening_eps1e3_fbstcnet_m_conn_light/fixed_crop_ea_whitening_eps1e3_fbstcnet_m_conn_light/protocol2_jobs.csv,7,0.6577380952380952,0.15222276014933836,0.2916666666666667,0.75
C,remote_protocol_scores_C.tgz,18dd01bbe5419107626747efd6ca05564ef48be5441007948df37ab433868b59,2026-05-23T23:51:21+0800,autofill_C2_20260523_140930_051_p3_fixed_crop_ea_whitening_eps1e3_fbstcnet_m_conn_light,outputs/autofill_C2_20260523_140930_051_p3_fixed_crop_ea_whitening_eps1e3_fbstcnet_m_conn_light/fixed_crop_ea_whitening_eps1e3_fbstcnet_m_conn_light,p3_nested_selection,fixed_crop_ea_whitening_eps1e3_fbstcnet_m_conn_light,complete,20,5,0,outputs/autofill_C2_20260523_140930_051_p3_fixed_crop_ea_whitening_eps1e3_fbstcnet_m_conn_light/fixed_crop_ea_whitening_eps1e3_fbstcnet_m_conn_light/protocol3_board.csv,outputs/autofill_C2_20260523_140930_051_p3_fixed_crop_ea_whitening_eps1e3_fbstcnet_m_conn_light/fixed_crop_ea_whitening_eps1e3_fbstcnet_m_conn_light/protocol3_audit.json,outputs/autofill_C2_20260523_140930_051_p3_fixed_crop_ea_whitening_eps1e3_fbstcnet_m_conn_light/fixed_crop_ea_whitening_eps1e3_fbstcnet_m_conn_light/protocol3_jobs.csv,5,0.7149482133333334,0.029623840603237906,0.6881773333333333,0.7698368000000001
C,remote_protocol_scores_C.tgz,18dd01bbe5419107626747efd6ca05564ef48be5441007948df37ab433868b59,2026-05-23T23:51:21+0800,autofill_C2_20260523_141315_052_p2_fixed_crop_ea_fbstcnet_c_only,outputs/autofill_C2_20260523_141315_052_p2_fixed_crop_ea_fbstcnet_c_only/fixed_crop_ea_fbstcnet_c_only,p2_pseudo_public_holdout,fixed_crop_ea_fbstcnet_c_only,complete,8,7,0,outputs/autofill_C2_20260523_141315_052_p2_fixed_crop_ea_fbstcnet_c_only/fixed_crop_ea_fbstcnet_c_only/protocol2_board.csv,outputs/autofill_C2_20260523_141315_052_p2_fixed_crop_ea_fbstcnet_c_only/fixed_crop_ea_fbstcnet_c_only/protocol2_audit.json,outputs/autofill_C2_20260523_141315_052_p2_fixed_crop_ea_fbstcnet_c_only/fixed_crop_ea_fbstcnet_c_only/protocol2_jobs.csv,7,0.6696428571428573,0.10763774595253049,0.4166666666666667,0.7708333333333334
C,remote_protocol_scores_C.tgz,18dd01bbe5419107626747efd6ca05564ef48be5441007948df37ab433868b59,2026-05-23T23:51:21+0800,autofill_C2_20260523_141640_053_p3_fixed_crop_ea_fbstcnet_c_only,outputs/autofill_C2_20260523_141640_053_p3_fixed_crop_ea_fbstcnet_c_only/fixed_crop_ea_fbstcnet_c_only,p3_nested_selection,fixed_crop_ea_fbstcnet_c_only,complete,20,5,0,outputs/autofill_C2_20260523_141640_053_p3_fixed_crop_ea_fbstcnet_c_only/fixed_crop_ea_fbstcnet_c_only/protocol3_board.csv,outputs/autofill_C2_20260523_141640_053_p3_fixed_crop_ea_fbstcnet_c_only/fixed_crop_ea_fbstcnet_c_only/protocol3_audit.json,outputs/autofill_C2_20260523_141640_053_p3_fixed_crop_ea_fbstcnet_c_only/fixed_crop_ea_fbstcnet_c_only/protocol3_jobs.csv,5,0.71244096,0.031001493207725002,0.6816413333333333,0.7664906666666665
C,remote_protocol_scores_C.tgz,18dd01bbe5419107626747efd6ca05564ef48be5441007948df37ab433868b59,2026-05-23T23:51:21+0800,autofill_C2_20260523_142025_054_p2_fixed_crop_whitening_eps3e4_fbstcnet,outputs/autofill_C2_20260523_142025_054_p2_fixed_crop_whitening_eps3e4_fbstcnet/fixed_crop_whitening_eps3e4_fbstcnet,p2_pseudo_public_holdout,fixed_crop_whitening_eps3e4_fbstcnet,complete,8,7,0,outputs/autofill_C2_20260523_142025_054_p2_fixed_crop_whitening_eps3e4_fbstcnet/fixed_crop_whitening_eps3e4_fbstcnet/protocol2_board.csv,outputs/autofill_C2_20260523_142025_054_p2_fixed_crop_whitening_eps3e4_fbstcnet/fixed_crop_whitening_eps3e4_fbstcnet/protocol2_audit.json,outputs/autofill_C2_20260523_142025_054_p2_fixed_crop_whitening_eps3e4_fbstcnet/fixed_crop_whitening_eps3e4_fbstcnet/protocol2_jobs.csv,7,0.6607142857142857,0.169877657057504,0.25,0.7708333333333334
C,remote_protocol_scores_C.tgz,18dd01bbe5419107626747efd6ca05564ef48be5441007948df37ab433868b59,2026-05-23T23:51:21+0800,autofill_C2_20260523_142029_055_p3_fixed_crop_whitening_eps3e4_fbstcnet,outputs/autofill_C2_20260523_142029_055_p3_fixed_crop_whitening_eps3e4_fbstcnet/fixed_crop_whitening_eps3e4_fbstcnet,p3_nested_selection,fixed_crop_whitening_eps3e4_fbstcnet,complete,20,5,0,outputs/autofill_C2_20260523_142029_055_p3_fixed_crop_whitening_eps3e4_fbstcnet/fixed_crop_whitening_eps3e4_fbstcnet/protocol3_board.csv,outputs/autofill_C2_20260523_142029_055_p3_fixed_crop_whitening_eps3e4_fbstcnet/fixed_crop_whitening_eps3e4_fbstcnet/protocol3_audit.json,outputs/autofill_C2_20260523_142029_055_p3_fixed_crop_whitening_eps3e4_fbstcnet/fixed_crop_whitening_eps3e4_fbstcnet/protocol3_jobs.csv,5,0.7121024533333333,0.033147050032602106,0.6709709333333332,0.7713106666666668
C,remote_protocol_scores_C.tgz,18dd01bbe5419107626747efd6ca05564ef48be5441007948df37ab433868b59,2026-05-23T23:51:21+0800,autofill_C2_20260523_143016_056_p1_fixed_crop_whitening_eps3e4_fbstcnet,outputs/autofill_C2_20260523_143016_056_p1_fixed_crop_whitening_eps3e4_fbstcnet/fixed_crop_whitening_eps3e4_fbstcnet,p1_repeated_group_kfold,fixed_crop_whitening_eps3e4_fbstcnet,complete,25,25,0,outputs/autofill_C2_20260523_143016_056_p1_fixed_crop_whitening_eps3e4_fbstcnet/fixed_crop_whitening_eps3e4_fbstcnet/protocol1_board.csv,outputs/autofill_C2_20260523_143016_056_p1_fixed_crop_whitening_eps3e4_fbstcnet/fixed_crop_whitening_eps3e4_fbstcnet/protocol1_audit.json,outputs/autofill_C2_20260523_143016_056_p1_fixed_crop_whitening_eps3e4_fbstcnet/fixed_crop_whitening_eps3e4_fbstcnet/protocol1_jobs.csv,25,0.7097182506666665,0.04442720992603132,0.6133370666666667,0.7962359999999999
C,remote_protocol_scores_C.tgz,18dd01bbe5419107626747efd6ca05564ef48be5441007948df37ab433868b59,2026-05-23T23:51:21+0800,autofill_C2_20260523_143622_057_p2_fixed_crop_whitening_eps1e3_fbstcnet,outputs/autofill_C2_20260523_143622_057_p2_fixed_crop_whitening_eps1e3_fbstcnet/fixed_crop_whitening_eps1e3_fbstcnet,p2_pseudo_public_holdout,fixed_crop_whitening_eps1e3_fbstcnet,complete,8,7,0,outputs/autofill_C2_20260523_143622_057_p2_fixed_crop_whitening_eps1e3_fbstcnet/fixed_crop_whitening_eps1e3_fbstcnet/protocol2_board.csv,outputs/autofill_C2_20260523_143622_057_p2_fixed_crop_whitening_eps1e3_fbstcnet/fixed_crop_whitening_eps1e3_fbstcnet/protocol2_audit.json,outputs/autofill_C2_20260523_143622_057_p2_fixed_crop_whitening_eps1e3_fbstcnet/fixed_crop_whitening_eps1e3_fbstcnet/protocol2_jobs.csv,7,0.6577380952380952,0.16919845718514162,0.25,0.7708333333333334
C,remote_protocol_scores_C.tgz,18dd01bbe5419107626747efd6ca05564ef48be5441007948df37ab433868b59,2026-05-23T23:51:21+0800,autofill_C2_20260523_144428_058_p3_fixed_crop_whitening_eps1e3_fbstcnet,outputs/autofill_C2_20260523_144428_058_p3_fixed_crop_whitening_eps1e3_fbstcnet/fixed_crop_whitening_eps1e3_fbstcnet,p3_nested_selection,fixed_crop_whitening_eps1e3_fbstcnet,complete,20,5,0,outputs/autofill_C2_20260523_144428_058_p3_fixed_crop_whitening_eps1e3_fbstcnet/fixed_crop_whitening_eps1e3_fbstcnet/protocol3_board.csv,outputs/autofill_C2_20260523_144428_058_p3_fixed_crop_whitening_eps1e3_fbstcnet/fixed_crop_whitening_eps1e3_fbstcnet/protocol3_audit.json,outputs/autofill_C2_20260523_144428_058_p3_fixed_crop_whitening_eps1e3_fbstcnet/fixed_crop_whitening_eps1e3_fbstcnet/protocol3_jobs.csv,5,0.71219136,0.032392929436724706,0.6710735999999998,0.7697906666666667
C,remote_protocol_scores_C.tgz,18dd01bbe5419107626747efd6ca05564ef48be5441007948df37ab433868b59,2026-05-23T23:51:21+0800,autofill_C2_20260523_144733_059_p1_fixed_crop_whitening_eps1e3_fbstcnet,outputs/autofill_C2_20260523_144733_059_p1_fixed_crop_whitening_eps1e3_fbstcnet/fixed_crop_whitening_eps1e3_fbstcnet,p1_repeated_group_kfold,fixed_crop_whitening_eps1e3_fbstcnet,complete,25,25,0,outputs/autofill_C2_20260523_144733_059_p1_fixed_crop_whitening_eps1e3_fbstcnet/fixed_crop_whitening_eps1e3_fbstcnet/protocol1_board.csv,outputs/autofill_C2_20260523_144733_059_p1_fixed_crop_whitening_eps1e3_fbstcnet/fixed_crop_whitening_eps1e3_fbstcnet/protocol1_audit.json,outputs/autofill_C2_20260523_144733_059_p1_fixed_crop_whitening_eps1e3_fbstcnet/fixed_crop_whitening_eps1e3_fbstcnet/protocol1_jobs.csv,25,0.7084579733333334,0.04518793546254477,0.6131146666666667,0.7942413333333334
C,remote_protocol_scores_C.tgz,18dd01bbe5419107626747efd6ca05564ef48be5441007948df37ab433868b59,2026-05-23T23:51:21+0800,autofill_C2_20260523_151425_060_p2_fixed_crop_whitening_eps3e4_fbstcnet_m_conn_light,outputs/autofill_C2_20260523_151425_060_p2_fixed_crop_whitening_eps3e4_fbstcnet_m_conn_light/fixed_crop_whitening_eps3e4_fbstcnet_m_conn_light,p2_pseudo_public_holdout,fixed_crop_whitening_eps3e4_fbstcnet_m_conn_light,complete,8,7,0,outputs/autofill_C2_20260523_151425_060_p2_fixed_crop_whitening_eps3e4_fbstcnet_m_conn_light/fixed_crop_whitening_eps3e4_fbstcnet_m_conn_light/protocol2_board.csv,outputs/autofill_C2_20260523_151425_060_p2_fixed_crop_whitening_eps3e4_fbstcnet_m_conn_light/fixed_crop_whitening_eps3e4_fbstcnet_m_conn_light/protocol2_audit.json,outputs/autofill_C2_20260523_151425_060_p2_fixed_crop_whitening_eps3e4_fbstcnet_m_conn_light/fixed_crop_whitening_eps3e4_fbstcnet_m_conn_light/protocol2_jobs.csv,7,0.6547619047619048,0.15899655225229858,0.2708333333333333,0.7708333333333334
C,remote_protocol_scores_C.tgz,18dd01bbe5419107626747efd6ca05564ef48be5441007948df37ab433868b59,2026-05-23T23:51:21+0800,autofill_C2_20260523_152212_061_p3_fixed_crop_whitening_eps3e4_fbstcnet_m_conn_light,outputs/autofill_C2_20260523_152212_061_p3_fixed_crop_whitening_eps3e4_fbstcnet_m_conn_light/fixed_crop_whitening_eps3e4_fbstcnet_m_conn_light,p3_nested_selection,fixed_crop_whitening_eps3e4_fbstcnet_m_conn_light,complete,20,5,0,outputs/autofill_C2_20260523_152212_061_p3_fixed_crop_whitening_eps3e4_fbstcnet_m_conn_light/fixed_crop_whitening_eps3e4_fbstcnet_m_conn_light/protocol3_board.csv,outputs/autofill_C2_20260523_152212_061_p3_fixed_crop_whitening_eps3e4_fbstcnet_m_conn_light/fixed_crop_whitening_eps3e4_fbstcnet_m_conn_light/protocol3_audit.json,outputs/autofill_C2_20260523_152212_061_p3_fixed_crop_whitening_eps3e4_fbstcnet_m_conn_light/fixed_crop_whitening_eps3e4_fbstcnet_m_conn_light/protocol3_jobs.csv,5,0.7128165866666667,0.03227263581168424,0.6764175999999998,0.7722346666666667
C,remote_protocol_scores_C.tgz,18dd01bbe5419107626747efd6ca05564ef48be5441007948df37ab433868b59,2026-05-23T23:51:21+0800,autofill_C2_20260523_152216_062_p1_fixed_crop_whitening_eps3e4_fbstcnet_m_conn_light,outputs/autofill_C2_20260523_152216_062_p1_fixed_crop_whitening_eps3e4_fbstcnet_m_conn_light/fixed_crop_whitening_eps3e4_fbstcnet_m_conn_light,p1_repeated_group_kfold,fixed_crop_whitening_eps3e4_fbstcnet_m_conn_light,complete,25,25,0,outputs/autofill_C2_20260523_152216_062_p1_fixed_crop_whitening_eps3e4_fbstcnet_m_conn_light/fixed_crop_whitening_eps3e4_fbstcnet_m_conn_light/protocol1_board.csv,outputs/autofill_C2_20260523_152216_062_p1_fixed_crop_whitening_eps3e4_fbstcnet_m_conn_light/fixed_crop_whitening_eps3e4_fbstcnet_m_conn_light/protocol1_audit.json,outputs/autofill_C2_20260523_152216_062_p1_fixed_crop_whitening_eps3e4_fbstcnet_m_conn_light/fixed_crop_whitening_eps3e4_fbstcnet_m_conn_light/protocol1_jobs.csv,25,0.710140256,0.04494870947223954,0.6153402666666666,0.8026346666666665
C,remote_protocol_scores_C.tgz,18dd01bbe5419107626747efd6ca05564ef48be5441007948df37ab433868b59,2026-05-23T23:51:21+0800,autofill_C2_20260523_152641_063_p2_fixed_crop_whitening_eps1e3_fbstcnet_m_conn_light,outputs/autofill_C2_20260523_152641_063_p2_fixed_crop_whitening_eps1e3_fbstcnet_m_conn_light/fixed_crop_whitening_eps1e3_fbstcnet_m_conn_light,p2_pseudo_public_holdout,fixed_crop_whitening_eps1e3_fbstcnet_m_conn_light,complete,8,7,0,outputs/autofill_C2_20260523_152641_063_p2_fixed_crop_whitening_eps1e3_fbstcnet_m_conn_light/fixed_crop_whitening_eps1e3_fbstcnet_m_conn_light/protocol2_board.csv,outputs/autofill_C2_20260523_152641_063_p2_fixed_crop_whitening_eps1e3_fbstcnet_m_conn_light/fixed_crop_whitening_eps1e3_fbstcnet_m_conn_light/protocol2_audit.json,outputs/autofill_C2_20260523_152641_063_p2_fixed_crop_whitening_eps1e3_fbstcnet_m_conn_light/fixed_crop_whitening_eps1e3_fbstcnet_m_conn_light/protocol2_jobs.csv,7,0.6517857142857143,0.1517565331426424,0.2916666666666667,0.7708333333333334
C,remote_protocol_scores_C.tgz,18dd01bbe5419107626747efd6ca05564ef48be5441007948df37ab433868b59,2026-05-23T23:51:21+0800,autofill_C2_20260523_153427_064_p3_fixed_crop_whitening_eps1e3_fbstcnet_m_conn_light,outputs/autofill_C2_20260523_153427_064_p3_fixed_crop_whitening_eps1e3_fbstcnet_m_conn_light/fixed_crop_whitening_eps1e3_fbstcnet_m_conn_light,p3_nested_selection,fixed_crop_whitening_eps1e3_fbstcnet_m_conn_light,complete,20,5,0,outputs/autofill_C2_20260523_153427_064_p3_fixed_crop_whitening_eps1e3_fbstcnet_m_conn_light/fixed_crop_whitening_eps1e3_fbstcnet_m_conn_light/protocol3_board.csv,outputs/autofill_C2_20260523_153427_064_p3_fixed_crop_whitening_eps1e3_fbstcnet_m_conn_light/fixed_crop_whitening_eps1e3_fbstcnet_m_conn_light/protocol3_audit.json,outputs/autofill_C2_20260523_153427_064_p3_fixed_crop_whitening_eps1e3_fbstcnet_m_conn_light/fixed_crop_whitening_eps1e3_fbstcnet_m_conn_light/protocol3_jobs.csv,5,0.7127458133333333,0.03074552000840733,0.6771496,0.7690946666666666
C,remote_protocol_scores_C.tgz,18dd01bbe5419107626747efd6ca05564ef48be5441007948df37ab433868b59,2026-05-23T23:51:21+0800,autofill_C2_20260523_160300_065_p1_fixed_crop_whitening_eps1e3_fbstcnet_m_conn_light,outputs/autofill_C2_20260523_160300_065_p1_fixed_crop_whitening_eps1e3_fbstcnet_m_conn_light/fixed_crop_whitening_eps1e3_fbstcnet_m_conn_light,p1_repeated_group_kfold,fixed_crop_whitening_eps1e3_fbstcnet_m_conn_light,complete,25,25,0,outputs/autofill_C2_20260523_160300_065_p1_fixed_crop_whitening_eps1e3_fbstcnet_m_conn_light/fixed_crop_whitening_eps1e3_fbstcnet_m_conn_light/protocol1_board.csv,outputs/autofill_C2_20260523_160300_065_p1_fixed_crop_whitening_eps1e3_fbstcnet_m_conn_light/fixed_crop_whitening_eps1e3_fbstcnet_m_conn_light/protocol1_audit.json,outputs/autofill_C2_20260523_160300_065_p1_fixed_crop_whitening_eps1e3_fbstcnet_m_conn_light/fixed_crop_whitening_eps1e3_fbstcnet_m_conn_light/protocol1_jobs.csv,25,0.7098993920000001,0.04486176720387914,0.6140949333333334,0.8000786666666665
C,remote_protocol_scores_C.tgz,18dd01bbe5419107626747efd6ca05564ef48be5441007948df37ab433868b59,2026-05-23T23:51:21+0800,autofill_C2_20260523_160304_066_p2_fixed_crop_ea_fbstcnet_c_only,outputs/autofill_C2_20260523_160304_066_p2_fixed_crop_ea_fbstcnet_c_only/fixed_crop_ea_fbstcnet_c_only,p2_pseudo_public_holdout,fixed_crop_ea_fbstcnet_c_only,complete,8,7,0,outputs/autofill_C2_20260523_160304_066_p2_fixed_crop_ea_fbstcnet_c_only/fixed_crop_ea_fbstcnet_c_only/protocol2_board.csv,outputs/autofill_C2_20260523_160304_066_p2_fixed_crop_ea_fbstcnet_c_only/fixed_crop_ea_fbstcnet_c_only/protocol2_audit.json,outputs/autofill_C2_20260523_160304_066_p2_fixed_crop_ea_fbstcnet_c_only/fixed_crop_ea_fbstcnet_c_only/protocol2_jobs.csv,7,0.6696428571428573,0.10763774595253049,0.4166666666666667,0.7708333333333334
C,remote_protocol_scores_C.tgz,18dd01bbe5419107626747efd6ca05564ef48be5441007948df37ab433868b59,2026-05-23T23:51:21+0800,autofill_C2_20260523_161011_067_p3_fixed_crop_ea_fbstcnet_c_only,outputs/autofill_C2_20260523_161011_067_p3_fixed_crop_ea_fbstcnet_c_only/fixed_crop_ea_fbstcnet_c_only,p3_nested_selection,fixed_crop_ea_fbstcnet_c_only,complete,20,5,0,outputs/autofill_C2_20260523_161011_067_p3_fixed_crop_ea_fbstcnet_c_only/fixed_crop_ea_fbstcnet_c_only/protocol3_board.csv,outputs/autofill_C2_20260523_161011_067_p3_fixed_crop_ea_fbstcnet_c_only/fixed_crop_ea_fbstcnet_c_only/protocol3_audit.json,outputs/autofill_C2_20260523_161011_067_p3_fixed_crop_ea_fbstcnet_c_only/fixed_crop_ea_fbstcnet_c_only/protocol3_jobs.csv,5,0.71244096,0.031001493207725002,0.6816413333333333,0.7664906666666665
C,remote_protocol_scores_C.tgz,18dd01bbe5419107626747efd6ca05564ef48be5441007948df37ab433868b59,2026-05-23T23:51:21+0800,autofill_C2_20260523_162439_068_p1_fixed_crop_ea_fbstcnet_c_only,outputs/autofill_C2_20260523_162439_068_p1_fixed_crop_ea_fbstcnet_c_only/fixed_crop_ea_fbstcnet_c_only,p1_repeated_group_kfold,fixed_crop_ea_fbstcnet_c_only,complete,25,25,0,outputs/autofill_C2_20260523_162439_068_p1_fixed_crop_ea_fbstcnet_c_only/fixed_crop_ea_fbstcnet_c_only/protocol1_board.csv,outputs/autofill_C2_20260523_162439_068_p1_fixed_crop_ea_fbstcnet_c_only/fixed_crop_ea_fbstcnet_c_only/protocol1_audit.json,outputs/autofill_C2_20260523_162439_068_p1_fixed_crop_ea_fbstcnet_c_only/fixed_crop_ea_fbstcnet_c_only/protocol1_jobs.csv,25,0.70137472,0.04188232894020634,0.6075637333333334,0.7915061333333333
C,remote_protocol_scores_C.tgz,18dd01bbe5419107626747efd6ca05564ef48be5441007948df37ab433868b59,2026-05-23T23:51:21+0800,autofill_C2_20260523_164028_069_p2_fixed_crop_ea_fbstcnet_m_conn_light,outputs/autofill_C2_20260523_164028_069_p2_fixed_crop_ea_fbstcnet_m_conn_light/fixed_crop_ea_fbstcnet_m_conn_light,p2_pseudo_public_holdout,fixed_crop_ea_fbstcnet_m_conn_light,complete,8,7,0,outputs/autofill_C2_20260523_164028_069_p2_fixed_crop_ea_fbstcnet_m_conn_light/fixed_crop_ea_fbstcnet_m_conn_light/protocol2_board.csv,outputs/autofill_C2_20260523_164028_069_p2_fixed_crop_ea_fbstcnet_m_conn_light/fixed_crop_ea_fbstcnet_m_conn_light/protocol2_audit.json,outputs/autofill_C2_20260523_164028_069_p2_fixed_crop_ea_fbstcnet_m_conn_light/fixed_crop_ea_fbstcnet_m_conn_light/protocol2_jobs.csv,7,0.6845238095238094,0.12118614923513295,0.3958333333333333,0.7708333333333334
C,remote_protocol_scores_C.tgz,18dd01bbe5419107626747efd6ca05564ef48be5441007948df37ab433868b59,2026-05-23T23:51:21+0800,autofill_C2_20260523_164032_070_p3_fixed_crop_ea_fbstcnet_m_conn_light,outputs/autofill_C2_20260523_164032_070_p3_fixed_crop_ea_fbstcnet_m_conn_light/fixed_crop_ea_fbstcnet_m_conn_light,p3_nested_selection,fixed_crop_ea_fbstcnet_m_conn_light,complete,20,5,0,outputs/autofill_C2_20260523_164032_070_p3_fixed_crop_ea_fbstcnet_m_conn_light/fixed_crop_ea_fbstcnet_m_conn_light/protocol3_board.csv,outputs/autofill_C2_20260523_164032_070_p3_fixed_crop_ea_fbstcnet_m_conn_light/fixed_crop_ea_fbstcnet_m_conn_light/protocol3_audit.json,outputs/autofill_C2_20260523_164032_070_p3_fixed_crop_ea_fbstcnet_m_conn_light/fixed_crop_ea_fbstcnet_m_conn_light/protocol3_jobs.csv,5,0.7104354133333334,0.030167210304829686,0.6782546666666667,0.7657226666666667
C,remote_protocol_scores_C.tgz,18dd01bbe5419107626747efd6ca05564ef48be5441007948df37ab433868b59,2026-05-23T23:51:21+0800,autofill_C2_20260523_164739_071_p1_fixed_crop_ea_fbstcnet_m_conn_light,outputs/autofill_C2_20260523_164739_071_p1_fixed_crop_ea_fbstcnet_m_conn_light/fixed_crop_ea_fbstcnet_m_conn_light,p1_repeated_group_kfold,fixed_crop_ea_fbstcnet_m_conn_light,complete,25,25,0,outputs/autofill_C2_20260523_164739_071_p1_fixed_crop_ea_fbstcnet_m_conn_light/fixed_crop_ea_fbstcnet_m_conn_light/protocol1_board.csv,outputs/autofill_C2_20260523_164739_071_p1_fixed_crop_ea_fbstcnet_m_conn_light/fixed_crop_ea_fbstcnet_m_conn_light/protocol1_audit.json,outputs/autofill_C2_20260523_164739_071_p1_fixed_crop_ea_fbstcnet_m_conn_light/fixed_crop_ea_fbstcnet_m_conn_light/protocol1_jobs.csv,25,0.6992008853333335,0.05115432367709134,0.6104176,0.8017178666666666
C,remote_protocol_scores_C.tgz,18dd01bbe5419107626747efd6ca05564ef48be5441007948df37ab433868b59,2026-05-23T23:51:21+0800,autofill_C2_20260523_170007_072_p2_sliding_window_srfnet_whitening_eps3e4,outputs/autofill_C2_20260523_170007_072_p2_sliding_window_srfnet_whitening_eps3e4/sliding_window_srfnet_whitening_eps3e4,p2_pseudo_public_holdout,sliding_window_srfnet_whitening_eps3e4,complete,8,7,0,outputs/autofill_C2_20260523_170007_072_p2_sliding_window_srfnet_whitening_eps3e4/sliding_window_srfnet_whitening_eps3e4/protocol2_board.csv,outputs/autofill_C2_20260523_170007_072_p2_sliding_window_srfnet_whitening_eps3e4/sliding_window_srfnet_whitening_eps3e4/protocol2_audit.json,outputs/autofill_C2_20260523_170007_072_p2_sliding_window_srfnet_whitening_eps3e4/sliding_window_srfnet_whitening_eps3e4/protocol2_jobs.csv,7,0.6488095238095238,0.06242909810536616,0.5,0.6875
C,remote_protocol_scores_C.tgz,18dd01bbe5419107626747efd6ca05564ef48be5441007948df37ab433868b59,2026-05-23T23:51:21+0800,autofill_C2_20260523_170011_073_p3_sliding_window_srfnet_whitening_eps3e4,outputs/autofill_C2_20260523_170011_073_p3_sliding_window_srfnet_whitening_eps3e4/sliding_window_srfnet_whitening_eps3e4,p3_nested_selection,sliding_window_srfnet_whitening_eps3e4,complete,20,5,0,outputs/autofill_C2_20260523_170011_073_p3_sliding_window_srfnet_whitening_eps3e4/sliding_window_srfnet_whitening_eps3e4/protocol3_board.csv,outputs/autofill_C2_20260523_170011_073_p3_sliding_window_srfnet_whitening_eps3e4/sliding_window_srfnet_whitening_eps3e4/protocol3_audit.json,outputs/autofill_C2_20260523_170011_073_p3_sliding_window_srfnet_whitening_eps3e4/sliding_window_srfnet_whitening_eps3e4/protocol3_jobs.csv,5,0.6294402133333333,0.03587475468515182,0.5737437333333334,0.672012
C,remote_protocol_scores_C.tgz,18dd01bbe5419107626747efd6ca05564ef48be5441007948df37ab433868b59,2026-05-23T23:51:21+0800,autofill_C2_20260523_170938_074_p1_sliding_window_srfnet_whitening_eps3e4,outputs/autofill_C2_20260523_170938_074_p1_sliding_window_srfnet_whitening_eps3e4/sliding_window_srfnet_whitening_eps3e4,p1_repeated_group_kfold,sliding_window_srfnet_whitening_eps3e4,complete,25,25,0,outputs/autofill_C2_20260523_170938_074_p1_sliding_window_srfnet_whitening_eps3e4/sliding_window_srfnet_whitening_eps3e4/protocol1_board.csv,outputs/autofill_C2_20260523_170938_074_p1_sliding_window_srfnet_whitening_eps3e4/sliding_window_srfnet_whitening_eps3e4/protocol1_audit.json,outputs/autofill_C2_20260523_170938_074_p1_sliding_window_srfnet_whitening_eps3e4/sliding_window_srfnet_whitening_eps3e4/protocol1_jobs.csv,25,0.602092864,0.05210913051421043,0.4996247999999999,0.6856866666666667
C,remote_protocol_scores_C.tgz,18dd01bbe5419107626747efd6ca05564ef48be5441007948df37ab433868b59,2026-05-23T23:51:21+0800,autofill_C2_20260523_173244_078_p2_fixed_crop_ea_whitening_eps3e4_fbstcnet,outputs/autofill_C2_20260523_173244_078_p2_fixed_crop_ea_whitening_eps3e4_fbstcnet/fixed_crop_ea_whitening_eps3e4_fbstcnet,p2_pseudo_public_holdout,fixed_crop_ea_whitening_eps3e4_fbstcnet,complete,8,7,0,outputs/autofill_C2_20260523_173244_078_p2_fixed_crop_ea_whitening_eps3e4_fbstcnet/fixed_crop_ea_whitening_eps3e4_fbstcnet/protocol2_board.csv,outputs/autofill_C2_20260523_173244_078_p2_fixed_crop_ea_whitening_eps3e4_fbstcnet/fixed_crop_ea_whitening_eps3e4_fbstcnet/protocol2_audit.json,outputs/autofill_C2_20260523_173244_078_p2_fixed_crop_ea_whitening_eps3e4_fbstcnet/fixed_crop_ea_whitening_eps3e4_fbstcnet/protocol2_jobs.csv,7,0.6517857142857144,0.1492849548093387,0.2916666666666667,0.75
C,remote_protocol_scores_C.tgz,18dd01bbe5419107626747efd6ca05564ef48be5441007948df37ab433868b59,2026-05-23T23:51:21+0800,autofill_C2_20260523_173510_079_p3_fixed_crop_ea_whitening_eps3e4_fbstcnet,outputs/autofill_C2_20260523_173510_079_p3_fixed_crop_ea_whitening_eps3e4_fbstcnet/fixed_crop_ea_whitening_eps3e4_fbstcnet,p3_nested_selection,fixed_crop_ea_whitening_eps3e4_fbstcnet,complete,20,5,0,outputs/autofill_C2_20260523_173510_079_p3_fixed_crop_ea_whitening_eps3e4_fbstcnet/fixed_crop_ea_whitening_eps3e4_fbstcnet/protocol3_board.csv,outputs/autofill_C2_20260523_173510_079_p3_fixed_crop_ea_whitening_eps3e4_fbstcnet/fixed_crop_ea_whitening_eps3e4_fbstcnet/protocol3_audit.json,outputs/autofill_C2_20260523_173510_079_p3_fixed_crop_ea_whitening_eps3e4_fbstcnet/fixed_crop_ea_whitening_eps3e4_fbstcnet/protocol3_jobs.csv,5,0.7084661866666667,0.02367586844702246,0.683704,0.7488640000000001
C,remote_protocol_scores_C.tgz,18dd01bbe5419107626747efd6ca05564ef48be5441007948df37ab433868b59,2026-05-23T23:51:21+0800,autofill_C2_20260523_173514_080_p1_fixed_crop_ea_whitening_eps3e4_fbstcnet,outputs/autofill_C2_20260523_173514_080_p1_fixed_crop_ea_whitening_eps3e4_fbstcnet/fixed_crop_ea_whitening_eps3e4_fbstcnet,p1_repeated_group_kfold,fixed_crop_ea_whitening_eps3e4_fbstcnet,complete,25,25,0,outputs/autofill_C2_20260523_173514_080_p1_fixed_crop_ea_whitening_eps3e4_fbstcnet/fixed_crop_ea_whitening_eps3e4_fbstcnet/protocol1_board.csv,outputs/autofill_C2_20260523_173514_080_p1_fixed_crop_ea_whitening_eps3e4_fbstcnet/fixed_crop_ea_whitening_eps3e4_fbstcnet/protocol1_audit.json,outputs/autofill_C2_20260523_173514_080_p1_fixed_crop_ea_whitening_eps3e4_fbstcnet/fixed_crop_ea_whitening_eps3e4_fbstcnet/protocol1_jobs.csv,25,0.7080468799999999,0.04524262284057761,0.6166077333333334,0.7959304
C,remote_protocol_scores_C.tgz,18dd01bbe5419107626747efd6ca05564ef48be5441007948df37ab433868b59,2026-05-23T23:51:21+0800,autofill_C2_20260523_174019_081_p2_fixed_crop_ea_whitening_eps1e3_fbstcnet,outputs/autofill_C2_20260523_174019_081_p2_fixed_crop_ea_whitening_eps1e3_fbstcnet/fixed_crop_ea_whitening_eps1e3_fbstcnet,p2_pseudo_public_holdout,fixed_crop_ea_whitening_eps1e3_fbstcnet,complete,8,7,0,outputs/autofill_C2_20260523_174019_081_p2_fixed_crop_ea_whitening_eps1e3_fbstcnet/fixed_crop_ea_whitening_eps1e3_fbstcnet/protocol2_board.csv,outputs/autofill_C2_20260523_174019_081_p2_fixed_crop_ea_whitening_eps1e3_fbstcnet/fixed_crop_ea_whitening_eps1e3_fbstcnet/protocol2_audit.json,outputs/autofill_C2_20260523_174019_081_p2_fixed_crop_ea_whitening_eps1e3_fbstcnet/fixed_crop_ea_whitening_eps1e3_fbstcnet/protocol2_jobs.csv,7,0.6547619047619048,0.15821468880954775,0.2708333333333333,0.75
C,remote_protocol_scores_C.tgz,18dd01bbe5419107626747efd6ca05564ef48be5441007948df37ab433868b59,2026-05-23T23:51:21+0800,autofill_C2_20260523_174745_082_p3_fixed_crop_ea_whitening_eps1e3_fbstcnet,outputs/autofill_C2_20260523_174745_082_p3_fixed_crop_ea_whitening_eps1e3_fbstcnet/fixed_crop_ea_whitening_eps1e3_fbstcnet,p3_nested_selection,fixed_crop_ea_whitening_eps1e3_fbstcnet,complete,20,5,0,outputs/autofill_C2_20260523_174745_082_p3_fixed_crop_ea_whitening_eps1e3_fbstcnet/fixed_crop_ea_whitening_eps1e3_fbstcnet/protocol3_board.csv,outputs/autofill_C2_20260523_174745_082_p3_fixed_crop_ea_whitening_eps1e3_fbstcnet/fixed_crop_ea_whitening_eps1e3_fbstcnet/protocol3_audit.json,outputs/autofill_C2_20260523_174745_082_p3_fixed_crop_ea_whitening_eps1e3_fbstcnet/fixed_crop_ea_whitening_eps1e3_fbstcnet/protocol3_jobs.csv,5,0.7082009066666667,0.02292837189965886,0.6829133333333334,0.7465354666666667
C,remote_protocol_scores_C.tgz,18dd01bbe5419107626747efd6ca05564ef48be5441007948df37ab433868b59,2026-05-23T23:51:21+0800,autofill_C2_20260523_174749_083_p1_fixed_crop_ea_whitening_eps1e3_fbstcnet,outputs/autofill_C2_20260523_174749_083_p1_fixed_crop_ea_whitening_eps1e3_fbstcnet/fixed_crop_ea_whitening_eps1e3_fbstcnet,p1_repeated_group_kfold,fixed_crop_ea_whitening_eps1e3_fbstcnet,complete,25,25,0,outputs/autofill_C2_20260523_174749_083_p1_fixed_crop_ea_whitening_eps1e3_fbstcnet/fixed_crop_ea_whitening_eps1e3_fbstcnet/protocol1_board.csv,outputs/autofill_C2_20260523_174749_083_p1_fixed_crop_ea_whitening_eps1e3_fbstcnet/fixed_crop_ea_whitening_eps1e3_fbstcnet/protocol1_audit.json,outputs/autofill_C2_20260523_174749_083_p1_fixed_crop_ea_whitening_eps1e3_fbstcnet/fixed_crop_ea_whitening_eps1e3_fbstcnet/protocol1_jobs.csv,25,0.707528672,0.04404058830805327,0.6172954666666667,0.7948653333333334
C,remote_protocol_scores_C.tgz,18dd01bbe5419107626747efd6ca05564ef48be5441007948df37ab433868b59,2026-05-23T23:51:21+0800,autofill_C2_20260523_183327_093_p2_fixed_crop_ea_fbstcnet_m_conn_light,outputs/autofill_C2_20260523_183327_093_p2_fixed_crop_ea_fbstcnet_m_conn_light/fixed_crop_ea_fbstcnet_m_conn_light,p2_pseudo_public_holdout,fixed_crop_ea_fbstcnet_m_conn_light,complete,8,7,0,outputs/autofill_C2_20260523_183327_093_p2_fixed_crop_ea_fbstcnet_m_conn_light/fixed_crop_ea_fbstcnet_m_conn_light/protocol2_board.csv,outputs/autofill_C2_20260523_183327_093_p2_fixed_crop_ea_fbstcnet_m_conn_light/fixed_crop_ea_fbstcnet_m_conn_light/protocol2_audit.json,outputs/autofill_C2_20260523_183327_093_p2_fixed_crop_ea_fbstcnet_m_conn_light/fixed_crop_ea_fbstcnet_m_conn_light/protocol2_jobs.csv,7,0.6845238095238094,0.12118614923513295,0.3958333333333333,0.7708333333333334
C,remote_protocol_scores_C.tgz,18dd01bbe5419107626747efd6ca05564ef48be5441007948df37ab433868b59,2026-05-23T23:51:21+0800,autofill_C2_20260523_183913_094_p3_fixed_crop_ea_fbstcnet_m_conn_light,outputs/autofill_C2_20260523_183913_094_p3_fixed_crop_ea_fbstcnet_m_conn_light/fixed_crop_ea_fbstcnet_m_conn_light,p3_nested_selection,fixed_crop_ea_fbstcnet_m_conn_light,complete,20,5,0,outputs/autofill_C2_20260523_183913_094_p3_fixed_crop_ea_fbstcnet_m_conn_light/fixed_crop_ea_fbstcnet_m_conn_light/protocol3_board.csv,outputs/autofill_C2_20260523_183913_094_p3_fixed_crop_ea_fbstcnet_m_conn_light/fixed_crop_ea_fbstcnet_m_conn_light/protocol3_audit.json,outputs/autofill_C2_20260523_183913_094_p3_fixed_crop_ea_fbstcnet_m_conn_light/fixed_crop_ea_fbstcnet_m_conn_light/protocol3_jobs.csv,5,0.7104354133333334,0.030167210304829686,0.6782546666666667,0.7657226666666667
C,remote_protocol_scores_C.tgz,18dd01bbe5419107626747efd6ca05564ef48be5441007948df37ab433868b59,2026-05-23T23:51:21+0800,autofill_C2_20260523_183917_095_p1_fixed_crop_ea_fbstcnet_m_conn_light,outputs/autofill_C2_20260523_183917_095_p1_fixed_crop_ea_fbstcnet_m_conn_light/fixed_crop_ea_fbstcnet_m_conn_light,p1_repeated_group_kfold,fixed_crop_ea_fbstcnet_m_conn_light,complete,25,25,0,outputs/autofill_C2_20260523_183917_095_p1_fixed_crop_ea_fbstcnet_m_conn_light/fixed_crop_ea_fbstcnet_m_conn_light/protocol1_board.csv,outputs/autofill_C2_20260523_183917_095_p1_fixed_crop_ea_fbstcnet_m_conn_light/fixed_crop_ea_fbstcnet_m_conn_light/protocol1_audit.json,outputs/autofill_C2_20260523_183917_095_p1_fixed_crop_ea_fbstcnet_m_conn_light/fixed_crop_ea_fbstcnet_m_conn_light/protocol1_jobs.csv,25,0.6992008853333335,0.05115432367709134,0.6104176,0.8017178666666666
C,remote_protocol_scores_C.tgz,18dd01bbe5419107626747efd6ca05564ef48be5441007948df37ab433868b59,2026-05-23T23:51:21+0800,autofill_C2_20260523_190008_096_p2_sliding_window_srfnet_whitening_eps3e4,outputs/autofill_C2_20260523_190008_096_p2_sliding_window_srfnet_whitening_eps3e4/sliding_window_srfnet_whitening_eps3e4,p2_pseudo_public_holdout,sliding_window_srfnet_whitening_eps3e4,complete,8,7,0,outputs/autofill_C2_20260523_190008_096_p2_sliding_window_srfnet_whitening_eps3e4/sliding_window_srfnet_whitening_eps3e4/protocol2_board.csv,outputs/autofill_C2_20260523_190008_096_p2_sliding_window_srfnet_whitening_eps3e4/sliding_window_srfnet_whitening_eps3e4/protocol2_audit.json,outputs/autofill_C2_20260523_190008_096_p2_sliding_window_srfnet_whitening_eps3e4/sliding_window_srfnet_whitening_eps3e4/protocol2_jobs.csv,7,0.6488095238095238,0.06242909810536616,0.5,0.6875
C,remote_protocol_scores_C.tgz,18dd01bbe5419107626747efd6ca05564ef48be5441007948df37ab433868b59,2026-05-23T23:51:21+0800,autofill_C2_20260523_190012_097_p3_sliding_window_srfnet_whitening_eps3e4,outputs/autofill_C2_20260523_190012_097_p3_sliding_window_srfnet_whitening_eps3e4/sliding_window_srfnet_whitening_eps3e4,p3_nested_selection,sliding_window_srfnet_whitening_eps3e4,complete,20,5,0,outputs/autofill_C2_20260523_190012_097_p3_sliding_window_srfnet_whitening_eps3e4/sliding_window_srfnet_whitening_eps3e4/protocol3_board.csv,outputs/autofill_C2_20260523_190012_097_p3_sliding_window_srfnet_whitening_eps3e4/sliding_window_srfnet_whitening_eps3e4/protocol3_audit.json,outputs/autofill_C2_20260523_190012_097_p3_sliding_window_srfnet_whitening_eps3e4/sliding_window_srfnet_whitening_eps3e4/protocol3_jobs.csv,5,0.6294402133333333,0.03587475468515182,0.5737437333333334,0.672012
C,remote_protocol_scores_C.tgz,18dd01bbe5419107626747efd6ca05564ef48be5441007948df37ab433868b59,2026-05-23T23:51:21+0800,autofill_C2_20260523_191100_098_p1_sliding_window_srfnet_whitening_eps3e4,outputs/autofill_C2_20260523_191100_098_p1_sliding_window_srfnet_whitening_eps3e4/sliding_window_srfnet_whitening_eps3e4,p1_repeated_group_kfold,sliding_window_srfnet_whitening_eps3e4,complete,25,25,0,outputs/autofill_C2_20260523_191100_098_p1_sliding_window_srfnet_whitening_eps3e4/sliding_window_srfnet_whitening_eps3e4/protocol1_board.csv,outputs/autofill_C2_20260523_191100_098_p1_sliding_window_srfnet_whitening_eps3e4/sliding_window_srfnet_whitening_eps3e4/protocol1_audit.json,outputs/autofill_C2_20260523_191100_098_p1_sliding_window_srfnet_whitening_eps3e4/sliding_window_srfnet_whitening_eps3e4/protocol1_jobs.csv,25,0.602092864,0.05210913051421043,0.4996247999999999,0.6856866666666667
C,remote_protocol_scores_C.tgz,18dd01bbe5419107626747efd6ca05564ef48be5441007948df37ab433868b59,2026-05-23T23:51:21+0800,autofill_C2_20260523_192408_099_p2_fixed_crop_whitening_eps3e4_fbstcnet_m_conn_light,outputs/autofill_C2_20260523_192408_099_p2_fixed_crop_whitening_eps3e4_fbstcnet_m_conn_light/fixed_crop_whitening_eps3e4_fbstcnet_m_conn_light,p2_pseudo_public_holdout,fixed_crop_whitening_eps3e4_fbstcnet_m_conn_light,complete,8,7,0,outputs/autofill_C2_20260523_192408_099_p2_fixed_crop_whitening_eps3e4_fbstcnet_m_conn_light/fixed_crop_whitening_eps3e4_fbstcnet_m_conn_light/protocol2_board.csv,outputs/autofill_C2_20260523_192408_099_p2_fixed_crop_whitening_eps3e4_fbstcnet_m_conn_light/fixed_crop_whitening_eps3e4_fbstcnet_m_conn_light/protocol2_audit.json,outputs/autofill_C2_20260523_192408_099_p2_fixed_crop_whitening_eps3e4_fbstcnet_m_conn_light/fixed_crop_whitening_eps3e4_fbstcnet_m_conn_light/protocol2_jobs.csv,7,0.6547619047619048,0.15899655225229858,0.2708333333333333,0.7708333333333334
C,remote_protocol_scores_C.tgz,18dd01bbe5419107626747efd6ca05564ef48be5441007948df37ab433868b59,2026-05-23T23:51:21+0800,autofill_C2_20260523_192412_100_p3_fixed_crop_whitening_eps3e4_fbstcnet_m_conn_light,outputs/autofill_C2_20260523_192412_100_p3_fixed_crop_whitening_eps3e4_fbstcnet_m_conn_light/fixed_crop_whitening_eps3e4_fbstcnet_m_conn_light,p3_nested_selection,fixed_crop_whitening_eps3e4_fbstcnet_m_conn_light,complete,20,5,0,outputs/autofill_C2_20260523_192412_100_p3_fixed_crop_whitening_eps3e4_fbstcnet_m_conn_light/fixed_crop_whitening_eps3e4_fbstcnet_m_conn_light/protocol3_board.csv,outputs/autofill_C2_20260523_192412_100_p3_fixed_crop_whitening_eps3e4_fbstcnet_m_conn_light/fixed_crop_whitening_eps3e4_fbstcnet_m_conn_light/protocol3_audit.json,outputs/autofill_C2_20260523_192412_100_p3_fixed_crop_whitening_eps3e4_fbstcnet_m_conn_light/fixed_crop_whitening_eps3e4_fbstcnet_m_conn_light/protocol3_jobs.csv,5,0.7128165866666667,0.03227263581168424,0.6764175999999998,0.7722346666666667
C,remote_protocol_scores_C.tgz,18dd01bbe5419107626747efd6ca05564ef48be5441007948df37ab433868b59,2026-05-23T23:51:21+0800,autofill_C2_20260523_193420_101_p1_fixed_crop_whitening_eps3e4_fbstcnet_m_conn_light,outputs/autofill_C2_20260523_193420_101_p1_fixed_crop_whitening_eps3e4_fbstcnet_m_conn_light/fixed_crop_whitening_eps3e4_fbstcnet_m_conn_light,p1_repeated_group_kfold,fixed_crop_whitening_eps3e4_fbstcnet_m_conn_light,complete,25,25,0,outputs/autofill_C2_20260523_193420_101_p1_fixed_crop_whitening_eps3e4_fbstcnet_m_conn_light/fixed_crop_whitening_eps3e4_fbstcnet_m_conn_light/protocol1_board.csv,outputs/autofill_C2_20260523_193420_101_p1_fixed_crop_whitening_eps3e4_fbstcnet_m_conn_light/fixed_crop_whitening_eps3e4_fbstcnet_m_conn_light/protocol1_audit.json,outputs/autofill_C2_20260523_193420_101_p1_fixed_crop_whitening_eps3e4_fbstcnet_m_conn_light/fixed_crop_whitening_eps3e4_fbstcnet_m_conn_light/protocol1_jobs.csv,25,0.710140256,0.04494870947223954,0.6153402666666666,0.8026346666666665
C,remote_protocol_scores_C.tgz,18dd01bbe5419107626747efd6ca05564ef48be5441007948df37ab433868b59,2026-05-23T23:51:21+0800,autofill_C2_20260523_193424_102_p2_fixed_crop_ea_whitening_eps3e4_fbstcnet_m_conn_light,outputs/autofill_C2_20260523_193424_102_p2_fixed_crop_ea_whitening_eps3e4_fbstcnet_m_conn_light/fixed_crop_ea_whitening_eps3e4_fbstcnet_m_conn_light,p2_pseudo_public_holdout,fixed_crop_ea_whitening_eps3e4_fbstcnet_m_conn_light,complete,8,7,0,outputs/autofill_C2_20260523_193424_102_p2_fixed_crop_ea_whitening_eps3e4_fbstcnet_m_conn_light/fixed_crop_ea_whitening_eps3e4_fbstcnet_m_conn_light/protocol2_board.csv,outputs/autofill_C2_20260523_193424_102_p2_fixed_crop_ea_whitening_eps3e4_fbstcnet_m_conn_light/fixed_crop_ea_whitening_eps3e4_fbstcnet_m_conn_light/protocol2_audit.json,outputs/autofill_C2_20260523_193424_102_p2_fixed_crop_ea_whitening_eps3e4_fbstcnet_m_conn_light/fixed_crop_ea_whitening_eps3e4_fbstcnet_m_conn_light/protocol2_jobs.csv,7,0.6517857142857143,0.14886903571904522,0.2916666666666667,0.75
C,remote_protocol_scores_C.tgz,18dd01bbe5419107626747efd6ca05564ef48be5441007948df37ab433868b59,2026-05-23T23:51:21+0800,autofill_C2_20260523_194250_103_p3_fixed_crop_ea_whitening_eps3e4_fbstcnet_m_conn_light,outputs/autofill_C2_20260523_194250_103_p3_fixed_crop_ea_whitening_eps3e4_fbstcnet_m_conn_light/fixed_crop_ea_whitening_eps3e4_fbstcnet_m_conn_light,p3_nested_selection,fixed_crop_ea_whitening_eps3e4_fbstcnet_m_conn_light,complete,20,5,0,outputs/autofill_C2_20260523_194250_103_p3_fixed_crop_ea_whitening_eps3e4_fbstcnet_m_conn_light/fixed_crop_ea_whitening_eps3e4_fbstcnet_m_conn_light/protocol3_board.csv,outputs/autofill_C2_20260523_194250_103_p3_fixed_crop_ea_whitening_eps3e4_fbstcnet_m_conn_light/fixed_crop_ea_whitening_eps3e4_fbstcnet_m_conn_light/protocol3_audit.json,outputs/autofill_C2_20260523_194250_103_p3_fixed_crop_ea_whitening_eps3e4_fbstcnet_m_conn_light/fixed_crop_ea_whitening_eps3e4_fbstcnet_m_conn_light/protocol3_jobs.csv,5,0.71160992,0.02384803585812649,0.6881973333333334,0.7544053333333333
C,remote_protocol_scores_C.tgz,18dd01bbe5419107626747efd6ca05564ef48be5441007948df37ab433868b59,2026-05-23T23:51:21+0800,autofill_C2_20260523_194836_104_p1_fixed_crop_ea_whitening_eps3e4_fbstcnet_m_conn_light,outputs/autofill_C2_20260523_194836_104_p1_fixed_crop_ea_whitening_eps3e4_fbstcnet_m_conn_light/fixed_crop_ea_whitening_eps3e4_fbstcnet_m_conn_light,p1_repeated_group_kfold,fixed_crop_ea_whitening_eps3e4_fbstcnet_m_conn_light,complete,25,25,0,outputs/autofill_C2_20260523_194836_104_p1_fixed_crop_ea_whitening_eps3e4_fbstcnet_m_conn_light/fixed_crop_ea_whitening_eps3e4_fbstcnet_m_conn_light/protocol1_board.csv,outputs/autofill_C2_20260523_194836_104_p1_fixed_crop_ea_whitening_eps3e4_fbstcnet_m_conn_light/fixed_crop_ea_whitening_eps3e4_fbstcnet_m_conn_light/protocol1_audit.json,outputs/autofill_C2_20260523_194836_104_p1_fixed_crop_ea_whitening_eps3e4_fbstcnet_m_conn_light/fixed_crop_ea_whitening_eps3e4_fbstcnet_m_conn_light/protocol1_jobs.csv,25,0.7081379733333333,0.04397143900650664,0.614588,0.7905904
C,remote_protocol_scores_C.tgz,18dd01bbe5419107626747efd6ca05564ef48be5441007948df37ab433868b59,2026-05-23T23:51:21+0800,autofill_C2_20260523_194840_105_p2_fixed_crop_whitening_eps1e3_fbstcnet,outputs/autofill_C2_20260523_194840_105_p2_fixed_crop_whitening_eps1e3_fbstcnet/fixed_crop_whitening_eps1e3_fbstcnet,p2_pseudo_public_holdout,fixed_crop_whitening_eps1e3_fbstcnet,complete,8,7,0,outputs/autofill_C2_20260523_194840_105_p2_fixed_crop_whitening_eps1e3_fbstcnet/fixed_crop_whitening_eps1e3_fbstcnet/protocol2_board.csv,outputs/autofill_C2_20260523_194840_105_p2_fixed_crop_whitening_eps1e3_fbstcnet/fixed_crop_whitening_eps1e3_fbstcnet/protocol2_audit.json,outputs/autofill_C2_20260523_194840_105_p2_fixed_crop_whitening_eps1e3_fbstcnet/fixed_crop_whitening_eps1e3_fbstcnet/protocol2_jobs.csv,7,0.6577380952380952,0.16919845718514162,0.25,0.7708333333333334
C,remote_protocol_scores_C.tgz,18dd01bbe5419107626747efd6ca05564ef48be5441007948df37ab433868b59,2026-05-23T23:51:21+0800,autofill_C3_20260523_200730_001_p3_fixed_crop_whitening_eps1e3_fbstcnet,outputs/autofill_C3_20260523_200730_001_p3_fixed_crop_whitening_eps1e3_fbstcnet/fixed_crop_whitening_eps1e3_fbstcnet,p3_nested_selection,fixed_crop_whitening_eps1e3_fbstcnet,complete,20,5,0,outputs/autofill_C3_20260523_200730_001_p3_fixed_crop_whitening_eps1e3_fbstcnet/fixed_crop_whitening_eps1e3_fbstcnet/protocol3_board.csv,outputs/autofill_C3_20260523_200730_001_p3_fixed_crop_whitening_eps1e3_fbstcnet/fixed_crop_whitening_eps1e3_fbstcnet/protocol3_audit.json,outputs/autofill_C3_20260523_200730_001_p3_fixed_crop_whitening_eps1e3_fbstcnet/fixed_crop_whitening_eps1e3_fbstcnet/protocol3_jobs.csv,5,0.71219136,0.032392929436724706,0.6710735999999998,0.7697906666666667
C,remote_protocol_scores_C.tgz,18dd01bbe5419107626747efd6ca05564ef48be5441007948df37ab433868b59,2026-05-23T23:51:21+0800,autofill_C3_20260523_202741_002_p1_fixed_crop_whitening_eps1e3_fbstcnet,outputs/autofill_C3_20260523_202741_002_p1_fixed_crop_whitening_eps1e3_fbstcnet/fixed_crop_whitening_eps1e3_fbstcnet,p1_repeated_group_kfold,fixed_crop_whitening_eps1e3_fbstcnet,complete,25,25,0,outputs/autofill_C3_20260523_202741_002_p1_fixed_crop_whitening_eps1e3_fbstcnet/fixed_crop_whitening_eps1e3_fbstcnet/protocol1_board.csv,outputs/autofill_C3_20260523_202741_002_p1_fixed_crop_whitening_eps1e3_fbstcnet/fixed_crop_whitening_eps1e3_fbstcnet/protocol1_audit.json,outputs/autofill_C3_20260523_202741_002_p1_fixed_crop_whitening_eps1e3_fbstcnet/fixed_crop_whitening_eps1e3_fbstcnet/protocol1_jobs.csv,25,0.7084579733333334,0.04518793546254477,0.6131146666666667,0.7942413333333334
C,remote_protocol_scores_C.tgz,18dd01bbe5419107626747efd6ca05564ef48be5441007948df37ab433868b59,2026-05-23T23:51:21+0800,autofill_C3_20260523_204410_003_p2_sliding_window_srfnet_whitening_eps3e4,outputs/autofill_C3_20260523_204410_003_p2_sliding_window_srfnet_whitening_eps3e4/sliding_window_srfnet_whitening_eps3e4,p2_pseudo_public_holdout,sliding_window_srfnet_whitening_eps3e4,complete,8,7,0,outputs/autofill_C3_20260523_204410_003_p2_sliding_window_srfnet_whitening_eps3e4/sliding_window_srfnet_whitening_eps3e4/protocol2_board.csv,outputs/autofill_C3_20260523_204410_003_p2_sliding_window_srfnet_whitening_eps3e4/sliding_window_srfnet_whitening_eps3e4/protocol2_audit.json,outputs/autofill_C3_20260523_204410_003_p2_sliding_window_srfnet_whitening_eps3e4/sliding_window_srfnet_whitening_eps3e4/protocol2_jobs.csv,7,0.6488095238095238,0.06242909810536616,0.5,0.6875
C,remote_protocol_scores_C.tgz,18dd01bbe5419107626747efd6ca05564ef48be5441007948df37ab433868b59,2026-05-23T23:51:21+0800,autofill_C3_20260523_205819_004_p3_sliding_window_srfnet_whitening_eps3e4,outputs/autofill_C3_20260523_205819_004_p3_sliding_window_srfnet_whitening_eps3e4/sliding_window_srfnet_whitening_eps3e4,p3_nested_selection,sliding_window_srfnet_whitening_eps3e4,complete,20,5,0,outputs/autofill_C3_20260523_205819_004_p3_sliding_window_srfnet_whitening_eps3e4/sliding_window_srfnet_whitening_eps3e4/protocol3_board.csv,outputs/autofill_C3_20260523_205819_004_p3_sliding_window_srfnet_whitening_eps3e4/sliding_window_srfnet_whitening_eps3e4/protocol3_audit.json,outputs/autofill_C3_20260523_205819_004_p3_sliding_window_srfnet_whitening_eps3e4/sliding_window_srfnet_whitening_eps3e4/protocol3_jobs.csv,5,0.6294402133333333,0.03587475468515182,0.5737437333333334,0.672012
C,remote_protocol_scores_C.tgz,18dd01bbe5419107626747efd6ca05564ef48be5441007948df37ab433868b59,2026-05-23T23:51:21+0800,autofill_C3_20260523_205823_005_p1_sliding_window_srfnet_whitening_eps3e4,outputs/autofill_C3_20260523_205823_005_p1_sliding_window_srfnet_whitening_eps3e4/sliding_window_srfnet_whitening_eps3e4,p1_repeated_group_kfold,sliding_window_srfnet_whitening_eps3e4,complete,25,25,0,outputs/autofill_C3_20260523_205823_005_p1_sliding_window_srfnet_whitening_eps3e4/sliding_window_srfnet_whitening_eps3e4/protocol1_board.csv,outputs/autofill_C3_20260523_205823_005_p1_sliding_window_srfnet_whitening_eps3e4/sliding_window_srfnet_whitening_eps3e4/protocol1_audit.json,outputs/autofill_C3_20260523_205823_005_p1_sliding_window_srfnet_whitening_eps3e4/sliding_window_srfnet_whitening_eps3e4/protocol1_jobs.csv,25,0.602092864,0.05210913051421043,0.4996247999999999,0.6856866666666667
C,remote_protocol_scores_C.tgz,18dd01bbe5419107626747efd6ca05564ef48be5441007948df37ab433868b59,2026-05-23T23:51:21+0800,autofill_C3_20260523_212046_009_p2_fixed_crop_whitening_eps3e4_fbstcnet_m_conn_light,outputs/autofill_C3_20260523_212046_009_p2_fixed_crop_whitening_eps3e4_fbstcnet_m_conn_light/fixed_crop_whitening_eps3e4_fbstcnet_m_conn_light,p2_pseudo_public_holdout,fixed_crop_whitening_eps3e4_fbstcnet_m_conn_light,complete,8,7,0,outputs/autofill_C3_20260523_212046_009_p2_fixed_crop_whitening_eps3e4_fbstcnet_m_conn_light/fixed_crop_whitening_eps3e4_fbstcnet_m_conn_light/protocol2_board.csv,outputs/autofill_C3_20260523_212046_009_p2_fixed_crop_whitening_eps3e4_fbstcnet_m_conn_light/fixed_crop_whitening_eps3e4_fbstcnet_m_conn_light/protocol2_audit.json,outputs/autofill_C3_20260523_212046_009_p2_fixed_crop_whitening_eps3e4_fbstcnet_m_conn_light/fixed_crop_whitening_eps3e4_fbstcnet_m_conn_light/protocol2_jobs.csv,7,0.6547619047619048,0.15899655225229858,0.2708333333333333,0.7708333333333334
C,remote_protocol_scores_C.tgz,18dd01bbe5419107626747efd6ca05564ef48be5441007948df37ab433868b59,2026-05-23T23:51:21+0800,autofill_C3_20260523_212150_010_p3_fixed_crop_whitening_eps3e4_fbstcnet_m_conn_light,outputs/autofill_C3_20260523_212150_010_p3_fixed_crop_whitening_eps3e4_fbstcnet_m_conn_light/fixed_crop_whitening_eps3e4_fbstcnet_m_conn_light,p3_nested_selection,fixed_crop_whitening_eps3e4_fbstcnet_m_conn_light,complete,20,5,0,outputs/autofill_C3_20260523_212150_010_p3_fixed_crop_whitening_eps3e4_fbstcnet_m_conn_light/fixed_crop_whitening_eps3e4_fbstcnet_m_conn_light/protocol3_board.csv,outputs/autofill_C3_20260523_212150_010_p3_fixed_crop_whitening_eps3e4_fbstcnet_m_conn_light/fixed_crop_whitening_eps3e4_fbstcnet_m_conn_light/protocol3_audit.json,outputs/autofill_C3_20260523_212150_010_p3_fixed_crop_whitening_eps3e4_fbstcnet_m_conn_light/fixed_crop_whitening_eps3e4_fbstcnet_m_conn_light/protocol3_jobs.csv,5,0.7128165866666667,0.03227263581168424,0.6764175999999998,0.7722346666666667
C,remote_protocol_scores_C.tgz,18dd01bbe5419107626747efd6ca05564ef48be5441007948df37ab433868b59,2026-05-23T23:51:21+0800,autofill_C3_20260523_212636_011_p1_fixed_crop_whitening_eps3e4_fbstcnet_m_conn_light,outputs/autofill_C3_20260523_212636_011_p1_fixed_crop_whitening_eps3e4_fbstcnet_m_conn_light/fixed_crop_whitening_eps3e4_fbstcnet_m_conn_light,p1_repeated_group_kfold,fixed_crop_whitening_eps3e4_fbstcnet_m_conn_light,complete,25,25,0,outputs/autofill_C3_20260523_212636_011_p1_fixed_crop_whitening_eps3e4_fbstcnet_m_conn_light/fixed_crop_whitening_eps3e4_fbstcnet_m_conn_light/protocol1_board.csv,outputs/autofill_C3_20260523_212636_011_p1_fixed_crop_whitening_eps3e4_fbstcnet_m_conn_light/fixed_crop_whitening_eps3e4_fbstcnet_m_conn_light/protocol1_audit.json,outputs/autofill_C3_20260523_212636_011_p1_fixed_crop_whitening_eps3e4_fbstcnet_m_conn_light/fixed_crop_whitening_eps3e4_fbstcnet_m_conn_light/protocol1_jobs.csv,25,0.710140256,0.04494870947223954,0.6153402666666666,0.8026346666666665
C,remote_protocol_scores_C.tgz,18dd01bbe5419107626747efd6ca05564ef48be5441007948df37ab433868b59,2026-05-23T23:51:21+0800,autofill_C3_20260523_212640_012_p2_fixed_crop_ea_whitening_eps3e4_fbstcnet_m_conn_light,outputs/autofill_C3_20260523_212640_012_p2_fixed_crop_ea_whitening_eps3e4_fbstcnet_m_conn_light/fixed_crop_ea_whitening_eps3e4_fbstcnet_m_conn_light,p2_pseudo_public_holdout,fixed_crop_ea_whitening_eps3e4_fbstcnet_m_conn_light,complete,8,7,0,outputs/autofill_C3_20260523_212640_012_p2_fixed_crop_ea_whitening_eps3e4_fbstcnet_m_conn_light/fixed_crop_ea_whitening_eps3e4_fbstcnet_m_conn_light/protocol2_board.csv,outputs/autofill_C3_20260523_212640_012_p2_fixed_crop_ea_whitening_eps3e4_fbstcnet_m_conn_light/fixed_crop_ea_whitening_eps3e4_fbstcnet_m_conn_light/protocol2_audit.json,outputs/autofill_C3_20260523_212640_012_p2_fixed_crop_ea_whitening_eps3e4_fbstcnet_m_conn_light/fixed_crop_ea_whitening_eps3e4_fbstcnet_m_conn_light/protocol2_jobs.csv,7,0.6517857142857143,0.14886903571904522,0.2916666666666667,0.75
C,remote_protocol_scores_C.tgz,18dd01bbe5419107626747efd6ca05564ef48be5441007948df37ab433868b59,2026-05-23T23:51:21+0800,autofill_C3_20260523_212644_013_p3_fixed_crop_ea_whitening_eps3e4_fbstcnet_m_conn_light,outputs/autofill_C3_20260523_212644_013_p3_fixed_crop_ea_whitening_eps3e4_fbstcnet_m_conn_light/fixed_crop_ea_whitening_eps3e4_fbstcnet_m_conn_light,p3_nested_selection,fixed_crop_ea_whitening_eps3e4_fbstcnet_m_conn_light,complete,20,5,0,outputs/autofill_C3_20260523_212644_013_p3_fixed_crop_ea_whitening_eps3e4_fbstcnet_m_conn_light/fixed_crop_ea_whitening_eps3e4_fbstcnet_m_conn_light/protocol3_board.csv,outputs/autofill_C3_20260523_212644_013_p3_fixed_crop_ea_whitening_eps3e4_fbstcnet_m_conn_light/fixed_crop_ea_whitening_eps3e4_fbstcnet_m_conn_light/protocol3_audit.json,outputs/autofill_C3_20260523_212644_013_p3_fixed_crop_ea_whitening_eps3e4_fbstcnet_m_conn_light/fixed_crop_ea_whitening_eps3e4_fbstcnet_m_conn_light/protocol3_jobs.csv,5,0.71160992,0.02384803585812649,0.6881973333333334,0.7544053333333333
C,remote_protocol_scores_C.tgz,18dd01bbe5419107626747efd6ca05564ef48be5441007948df37ab433868b59,2026-05-23T23:51:21+0800,autofill_C3_20260523_213049_014_p1_fixed_crop_ea_whitening_eps3e4_fbstcnet_m_conn_light,outputs/autofill_C3_20260523_213049_014_p1_fixed_crop_ea_whitening_eps3e4_fbstcnet_m_conn_light/fixed_crop_ea_whitening_eps3e4_fbstcnet_m_conn_light,p1_repeated_group_kfold,fixed_crop_ea_whitening_eps3e4_fbstcnet_m_conn_light,complete,25,25,0,outputs/autofill_C3_20260523_213049_014_p1_fixed_crop_ea_whitening_eps3e4_fbstcnet_m_conn_light/fixed_crop_ea_whitening_eps3e4_fbstcnet_m_conn_light/protocol1_board.csv,outputs/autofill_C3_20260523_213049_014_p1_fixed_crop_ea_whitening_eps3e4_fbstcnet_m_conn_light/fixed_crop_ea_whitening_eps3e4_fbstcnet_m_conn_light/protocol1_audit.json,outputs/autofill_C3_20260523_213049_014_p1_fixed_crop_ea_whitening_eps3e4_fbstcnet_m_conn_light/fixed_crop_ea_whitening_eps3e4_fbstcnet_m_conn_light/protocol1_jobs.csv,25,0.7081379733333333,0.04397143900650664,0.614588,0.7905904
C,remote_protocol_scores_C.tgz,18dd01bbe5419107626747efd6ca05564ef48be5441007948df37ab433868b59,2026-05-23T23:51:21+0800,autofill_C3_20260523_214811_018_p2_fixed_crop_whitening_eps3e4_fbstcnet_m_conn_light,outputs/autofill_C3_20260523_214811_018_p2_fixed_crop_whitening_eps3e4_fbstcnet_m_conn_light/fixed_crop_whitening_eps3e4_fbstcnet_m_conn_light,p2_pseudo_public_holdout,fixed_crop_whitening_eps3e4_fbstcnet_m_conn_light,complete,8,7,0,outputs/autofill_C3_20260523_214811_018_p2_fixed_crop_whitening_eps3e4_fbstcnet_m_conn_light/fixed_crop_whitening_eps3e4_fbstcnet_m_conn_light/protocol2_board.csv,outputs/autofill_C3_20260523_214811_018_p2_fixed_crop_whitening_eps3e4_fbstcnet_m_conn_light/fixed_crop_whitening_eps3e4_fbstcnet_m_conn_light/protocol2_audit.json,outputs/autofill_C3_20260523_214811_018_p2_fixed_crop_whitening_eps3e4_fbstcnet_m_conn_light/fixed_crop_whitening_eps3e4_fbstcnet_m_conn_light/protocol2_jobs.csv,7,0.6547619047619048,0.15899655225229858,0.2708333333333333,0.7708333333333334
C,remote_protocol_scores_C.tgz,18dd01bbe5419107626747efd6ca05564ef48be5441007948df37ab433868b59,2026-05-23T23:51:21+0800,autofill_C3_20260523_214856_019_p3_fixed_crop_whitening_eps3e4_fbstcnet_m_conn_light,outputs/autofill_C3_20260523_214856_019_p3_fixed_crop_whitening_eps3e4_fbstcnet_m_conn_light/fixed_crop_whitening_eps3e4_fbstcnet_m_conn_light,p3_nested_selection,fixed_crop_whitening_eps3e4_fbstcnet_m_conn_light,complete,20,5,0,outputs/autofill_C3_20260523_214856_019_p3_fixed_crop_whitening_eps3e4_fbstcnet_m_conn_light/fixed_crop_whitening_eps3e4_fbstcnet_m_conn_light/protocol3_board.csv,outputs/autofill_C3_20260523_214856_019_p3_fixed_crop_whitening_eps3e4_fbstcnet_m_conn_light/fixed_crop_whitening_eps3e4_fbstcnet_m_conn_light/protocol3_audit.json,outputs/autofill_C3_20260523_214856_019_p3_fixed_crop_whitening_eps3e4_fbstcnet_m_conn_light/fixed_crop_whitening_eps3e4_fbstcnet_m_conn_light/protocol3_jobs.csv,5,0.7128165866666667,0.03227263581168424,0.6764175999999998,0.7722346666666667
C,remote_protocol_scores_C.tgz,18dd01bbe5419107626747efd6ca05564ef48be5441007948df37ab433868b59,2026-05-23T23:51:21+0800,autofill_C3_20260523_215622_020_p1_fixed_crop_whitening_eps3e4_fbstcnet_m_conn_light,outputs/autofill_C3_20260523_215622_020_p1_fixed_crop_whitening_eps3e4_fbstcnet_m_conn_light/fixed_crop_whitening_eps3e4_fbstcnet_m_conn_light,p1_repeated_group_kfold,fixed_crop_whitening_eps3e4_fbstcnet_m_conn_light,complete,25,25,0,outputs/autofill_C3_20260523_215622_020_p1_fixed_crop_whitening_eps3e4_fbstcnet_m_conn_light/fixed_crop_whitening_eps3e4_fbstcnet_m_conn_light/protocol1_board.csv,outputs/autofill_C3_20260523_215622_020_p1_fixed_crop_whitening_eps3e4_fbstcnet_m_conn_light/fixed_crop_whitening_eps3e4_fbstcnet_m_conn_light/protocol1_audit.json,outputs/autofill_C3_20260523_215622_020_p1_fixed_crop_whitening_eps3e4_fbstcnet_m_conn_light/fixed_crop_whitening_eps3e4_fbstcnet_m_conn_light/protocol1_jobs.csv,25,0.710140256,0.04494870947223954,0.6153402666666666,0.8026346666666665
C,remote_protocol_scores_C.tgz,18dd01bbe5419107626747efd6ca05564ef48be5441007948df37ab433868b59,2026-05-23T23:51:21+0800,autofill_C3_20260523_222836_021_p2_fixed_crop_ea_whitening_eps3e4_fbstcnet_m_conn_light,outputs/autofill_C3_20260523_222836_021_p2_fixed_crop_ea_whitening_eps3e4_fbstcnet_m_conn_light/fixed_crop_ea_whitening_eps3e4_fbstcnet_m_conn_light,p2_pseudo_public_holdout,fixed_crop_ea_whitening_eps3e4_fbstcnet_m_conn_light,complete,8,7,0,outputs/autofill_C3_20260523_222836_021_p2_fixed_crop_ea_whitening_eps3e4_fbstcnet_m_conn_light/fixed_crop_ea_whitening_eps3e4_fbstcnet_m_conn_light/protocol2_board.csv,outputs/autofill_C3_20260523_222836_021_p2_fixed_crop_ea_whitening_eps3e4_fbstcnet_m_conn_light/fixed_crop_ea_whitening_eps3e4_fbstcnet_m_conn_light/protocol2_audit.json,outputs/autofill_C3_20260523_222836_021_p2_fixed_crop_ea_whitening_eps3e4_fbstcnet_m_conn_light/fixed_crop_ea_whitening_eps3e4_fbstcnet_m_conn_light/protocol2_jobs.csv,7,0.6517857142857143,0.14886903571904522,0.2916666666666667,0.75
C,remote_protocol_scores_C.tgz,18dd01bbe5419107626747efd6ca05564ef48be5441007948df37ab433868b59,2026-05-23T23:51:21+0800,autofill_C3_20260523_230701_024_p2_fixed_crop_whitening_eps1e3_fbstcnet,outputs/autofill_C3_20260523_230701_024_p2_fixed_crop_whitening_eps1e3_fbstcnet/fixed_crop_whitening_eps1e3_fbstcnet,p2_pseudo_public_holdout,fixed_crop_whitening_eps1e3_fbstcnet,complete,8,7,0,outputs/autofill_C3_20260523_230701_024_p2_fixed_crop_whitening_eps1e3_fbstcnet/fixed_crop_whitening_eps1e3_fbstcnet/protocol2_board.csv,outputs/autofill_C3_20260523_230701_024_p2_fixed_crop_whitening_eps1e3_fbstcnet/fixed_crop_whitening_eps1e3_fbstcnet/protocol2_audit.json,outputs/autofill_C3_20260523_230701_024_p2_fixed_crop_whitening_eps1e3_fbstcnet/fixed_crop_whitening_eps1e3_fbstcnet/protocol2_jobs.csv,7,0.6577380952380952,0.16919845718514162,0.25,0.7708333333333334
C,remote_protocol_scores_C.tgz,18dd01bbe5419107626747efd6ca05564ef48be5441007948df37ab433868b59,2026-05-23T23:51:21+0800,autofill_C3_20260523_232459_027_p2_fixed_crop_ea_whitening_eps1e3_fbstcnet,outputs/autofill_C3_20260523_232459_027_p2_fixed_crop_ea_whitening_eps1e3_fbstcnet/fixed_crop_ea_whitening_eps1e3_fbstcnet,p2_pseudo_public_holdout,fixed_crop_ea_whitening_eps1e3_fbstcnet,complete,8,7,0,outputs/autofill_C3_20260523_232459_027_p2_fixed_crop_ea_whitening_eps1e3_fbstcnet/fixed_crop_ea_whitening_eps1e3_fbstcnet/protocol2_board.csv,outputs/autofill_C3_20260523_232459_027_p2_fixed_crop_ea_whitening_eps1e3_fbstcnet/fixed_crop_ea_whitening_eps1e3_fbstcnet/protocol2_audit.json,outputs/autofill_C3_20260523_232459_027_p2_fixed_crop_ea_whitening_eps1e3_fbstcnet/fixed_crop_ea_whitening_eps1e3_fbstcnet/protocol2_jobs.csv,7,0.6547619047619048,0.15821468880954775,0.2708333333333333,0.75
C,remote_protocol_scores_C.tgz,18dd01bbe5419107626747efd6ca05564ef48be5441007948df37ab433868b59,2026-05-23T23:51:21+0800,autofill_C_20260522_233115_001_p3_fixed_crop_car_fbstcnet,outputs/autofill_C_20260522_233115_001_p3_fixed_crop_car_fbstcnet/fixed_crop_car_fbstcnet,p3_nested_selection,fixed_crop_car_fbstcnet,complete,20,5,0,outputs/autofill_C_20260522_233115_001_p3_fixed_crop_car_fbstcnet/fixed_crop_car_fbstcnet/protocol3_board.csv,outputs/autofill_C_20260522_233115_001_p3_fixed_crop_car_fbstcnet/fixed_crop_car_fbstcnet/protocol3_audit.json,outputs/autofill_C_20260522_233115_001_p3_fixed_crop_car_fbstcnet/fixed_crop_car_fbstcnet/protocol3_jobs.csv,5,0.7249589866666666,0.03793880106230502,0.6859613333333332,0.791696
C,remote_protocol_scores_C.tgz,18dd01bbe5419107626747efd6ca05564ef48be5441007948df37ab433868b59,2026-05-23T23:51:21+0800,autofill_C_20260522_233119_002_p3_fixed_crop_ea_car_fbstcnet,outputs/autofill_C_20260522_233119_002_p3_fixed_crop_ea_car_fbstcnet/fixed_crop_ea_car_fbstcnet,p3_nested_selection,fixed_crop_ea_car_fbstcnet,complete,20,5,0,outputs/autofill_C_20260522_233119_002_p3_fixed_crop_ea_car_fbstcnet/fixed_crop_ea_car_fbstcnet/protocol3_board.csv,outputs/autofill_C_20260522_233119_002_p3_fixed_crop_ea_car_fbstcnet/fixed_crop_ea_car_fbstcnet/protocol3_audit.json,outputs/autofill_C_20260522_233119_002_p3_fixed_crop_ea_car_fbstcnet/fixed_crop_ea_car_fbstcnet/protocol3_jobs.csv,5,0.7070829333333333,0.03473050224735852,0.6599,0.7682106666666666
C,remote_protocol_scores_C.tgz,18dd01bbe5419107626747efd6ca05564ef48be5441007948df37ab433868b59,2026-05-23T23:51:21+0800,autofill_C_20260522_233123_003_p3_fixed_crop_whitening_eps1e3_fbstcnet,outputs/autofill_C_20260522_233123_003_p3_fixed_crop_whitening_eps1e3_fbstcnet/fixed_crop_whitening_eps1e3_fbstcnet,p3_nested_selection,fixed_crop_whitening_eps1e3_fbstcnet,complete,20,5,0,outputs/autofill_C_20260522_233123_003_p3_fixed_crop_whitening_eps1e3_fbstcnet/fixed_crop_whitening_eps1e3_fbstcnet/protocol3_board.csv,outputs/autofill_C_20260522_233123_003_p3_fixed_crop_whitening_eps1e3_fbstcnet/fixed_crop_whitening_eps1e3_fbstcnet/protocol3_audit.json,outputs/autofill_C_20260522_233123_003_p3_fixed_crop_whitening_eps1e3_fbstcnet/fixed_crop_whitening_eps1e3_fbstcnet/protocol3_jobs.csv,5,0.71219136,0.032392929436724706,0.6710735999999998,0.7697906666666667
C,remote_protocol_scores_C.tgz,18dd01bbe5419107626747efd6ca05564ef48be5441007948df37ab433868b59,2026-05-23T23:51:21+0800,autofill_C_20260522_233127_004_p3_fixed_crop_whitening_eps3e4_fbstcnet,outputs/autofill_C_20260522_233127_004_p3_fixed_crop_whitening_eps3e4_fbstcnet/fixed_crop_whitening_eps3e4_fbstcnet,p3_nested_selection,fixed_crop_whitening_eps3e4_fbstcnet,complete,20,5,0,outputs/autofill_C_20260522_233127_004_p3_fixed_crop_whitening_eps3e4_fbstcnet/fixed_crop_whitening_eps3e4_fbstcnet/protocol3_board.csv,outputs/autofill_C_20260522_233127_004_p3_fixed_crop_whitening_eps3e4_fbstcnet/fixed_crop_whitening_eps3e4_fbstcnet/protocol3_audit.json,outputs/autofill_C_20260522_233127_004_p3_fixed_crop_whitening_eps3e4_fbstcnet/fixed_crop_whitening_eps3e4_fbstcnet/protocol3_jobs.csv,5,0.7121024533333333,0.033147050032602106,0.6709709333333332,0.7713106666666668
C,remote_protocol_scores_C.tgz,18dd01bbe5419107626747efd6ca05564ef48be5441007948df37ab433868b59,2026-05-23T23:51:21+0800,autofill_C_20260522_233131_005_p3_fixed_crop_ea_whitening_eps1e3_fbstcnet,outputs/autofill_C_20260522_233131_005_p3_fixed_crop_ea_whitening_eps1e3_fbstcnet/fixed_crop_ea_whitening_eps1e3_fbstcnet,p3_nested_selection,fixed_crop_ea_whitening_eps1e3_fbstcnet,complete,20,5,0,outputs/autofill_C_20260522_233131_005_p3_fixed_crop_ea_whitening_eps1e3_fbstcnet/fixed_crop_ea_whitening_eps1e3_fbstcnet/protocol3_board.csv,outputs/autofill_C_20260522_233131_005_p3_fixed_crop_ea_whitening_eps1e3_fbstcnet/fixed_crop_ea_whitening_eps1e3_fbstcnet/protocol3_audit.json,outputs/autofill_C_20260522_233131_005_p3_fixed_crop_ea_whitening_eps1e3_fbstcnet/fixed_crop_ea_whitening_eps1e3_fbstcnet/protocol3_jobs.csv,5,0.7082009066666667,0.02292837189965886,0.6829133333333334,0.7465354666666667
C,remote_protocol_scores_C.tgz,18dd01bbe5419107626747efd6ca05564ef48be5441007948df37ab433868b59,2026-05-23T23:51:21+0800,autofill_C_20260522_233135_006_p3_fixed_crop_ea_whitening_eps3e4_fbstcnet,outputs/autofill_C_20260522_233135_006_p3_fixed_crop_ea_whitening_eps3e4_fbstcnet/fixed_crop_ea_whitening_eps3e4_fbstcnet,p3_nested_selection,fixed_crop_ea_whitening_eps3e4_fbstcnet,complete,20,5,0,outputs/autofill_C_20260522_233135_006_p3_fixed_crop_ea_whitening_eps3e4_fbstcnet/fixed_crop_ea_whitening_eps3e4_fbstcnet/protocol3_board.csv,outputs/autofill_C_20260522_233135_006_p3_fixed_crop_ea_whitening_eps3e4_fbstcnet/fixed_crop_ea_whitening_eps3e4_fbstcnet/protocol3_audit.json,outputs/autofill_C_20260522_233135_006_p3_fixed_crop_ea_whitening_eps3e4_fbstcnet/fixed_crop_ea_whitening_eps3e4_fbstcnet/protocol3_jobs.csv,5,0.7084661866666667,0.02367586844702246,0.683704,0.7488640000000001
C,remote_protocol_scores_C.tgz,18dd01bbe5419107626747efd6ca05564ef48be5441007948df37ab433868b59,2026-05-23T23:51:21+0800,autofill_C_20260523_074424_001_p2_fixed_crop_ea_whitening_eps1e3_fbstcnet,outputs/autofill_C_20260523_074424_001_p2_fixed_crop_ea_whitening_eps1e3_fbstcnet/fixed_crop_ea_whitening_eps1e3_fbstcnet,p2_pseudo_public_holdout,fixed_crop_ea_whitening_eps1e3_fbstcnet,complete,8,7,0,outputs/autofill_C_20260523_074424_001_p2_fixed_crop_ea_whitening_eps1e3_fbstcnet/fixed_crop_ea_whitening_eps1e3_fbstcnet/protocol2_board.csv,outputs/autofill_C_20260523_074424_001_p2_fixed_crop_ea_whitening_eps1e3_fbstcnet/fixed_crop_ea_whitening_eps1e3_fbstcnet/protocol2_audit.json,outputs/autofill_C_20260523_074424_001_p2_fixed_crop_ea_whitening_eps1e3_fbstcnet/fixed_crop_ea_whitening_eps1e3_fbstcnet/protocol2_jobs.csv,7,0.6547619047619048,0.15821468880954775,0.2708333333333333,0.75
C,remote_protocol_scores_C.tgz,18dd01bbe5419107626747efd6ca05564ef48be5441007948df37ab433868b59,2026-05-23T23:51:21+0800,autofill_C_20260523_074428_002_p2_fixed_crop_ea_whitening_eps3e4_fbstcnet,outputs/autofill_C_20260523_074428_002_p2_fixed_crop_ea_whitening_eps3e4_fbstcnet/fixed_crop_ea_whitening_eps3e4_fbstcnet,p2_pseudo_public_holdout,fixed_crop_ea_whitening_eps3e4_fbstcnet,complete,8,7,0,outputs/autofill_C_20260523_074428_002_p2_fixed_crop_ea_whitening_eps3e4_fbstcnet/fixed_crop_ea_whitening_eps3e4_fbstcnet/protocol2_board.csv,outputs/autofill_C_20260523_074428_002_p2_fixed_crop_ea_whitening_eps3e4_fbstcnet/fixed_crop_ea_whitening_eps3e4_fbstcnet/protocol2_audit.json,outputs/autofill_C_20260523_074428_002_p2_fixed_crop_ea_whitening_eps3e4_fbstcnet/fixed_crop_ea_whitening_eps3e4_fbstcnet/protocol2_jobs.csv,7,0.6517857142857144,0.1492849548093387,0.2916666666666667,0.75
C,remote_protocol_scores_C.tgz,18dd01bbe5419107626747efd6ca05564ef48be5441007948df37ab433868b59,2026-05-23T23:51:21+0800,autofill_C_20260523_074432_003_p2_fixed_crop_whitening_eps1e3_fbstcnet,outputs/autofill_C_20260523_074432_003_p2_fixed_crop_whitening_eps1e3_fbstcnet/fixed_crop_whitening_eps1e3_fbstcnet,p2_pseudo_public_holdout,fixed_crop_whitening_eps1e3_fbstcnet,complete,8,7,0,outputs/autofill_C_20260523_074432_003_p2_fixed_crop_whitening_eps1e3_fbstcnet/fixed_crop_whitening_eps1e3_fbstcnet/protocol2_board.csv,outputs/autofill_C_20260523_074432_003_p2_fixed_crop_whitening_eps1e3_fbstcnet/fixed_crop_whitening_eps1e3_fbstcnet/protocol2_audit.json,outputs/autofill_C_20260523_074432_003_p2_fixed_crop_whitening_eps1e3_fbstcnet/fixed_crop_whitening_eps1e3_fbstcnet/protocol2_jobs.csv,7,0.6577380952380952,0.16919845718514162,0.25,0.7708333333333334
C,remote_protocol_scores_C.tgz,18dd01bbe5419107626747efd6ca05564ef48be5441007948df37ab433868b59,2026-05-23T23:51:21+0800,autofill_C_20260523_074436_004_p2_fixed_crop_whitening_eps3e4_fbstcnet,outputs/autofill_C_20260523_074436_004_p2_fixed_crop_whitening_eps3e4_fbstcnet/fixed_crop_whitening_eps3e4_fbstcnet,p2_pseudo_public_holdout,fixed_crop_whitening_eps3e4_fbstcnet,complete,8,7,0,outputs/autofill_C_20260523_074436_004_p2_fixed_crop_whitening_eps3e4_fbstcnet/fixed_crop_whitening_eps3e4_fbstcnet/protocol2_board.csv,outputs/autofill_C_20260523_074436_004_p2_fixed_crop_whitening_eps3e4_fbstcnet/fixed_crop_whitening_eps3e4_fbstcnet/protocol2_audit.json,outputs/autofill_C_20260523_074436_004_p2_fixed_crop_whitening_eps3e4_fbstcnet/fixed_crop_whitening_eps3e4_fbstcnet/protocol2_jobs.csv,7,0.6607142857142857,0.169877657057504,0.25,0.7708333333333334
C,remote_protocol_scores_C.tgz,18dd01bbe5419107626747efd6ca05564ef48be5441007948df37ab433868b59,2026-05-23T23:51:21+0800,autofill_C_20260523_074440_005_p3_fixed_crop_ea_whitening_eps1e3_fbstcnet,outputs/autofill_C_20260523_074440_005_p3_fixed_crop_ea_whitening_eps1e3_fbstcnet/fixed_crop_ea_whitening_eps1e3_fbstcnet,p3_nested_selection,fixed_crop_ea_whitening_eps1e3_fbstcnet,complete,20,5,0,outputs/autofill_C_20260523_074440_005_p3_fixed_crop_ea_whitening_eps1e3_fbstcnet/fixed_crop_ea_whitening_eps1e3_fbstcnet/protocol3_board.csv,outputs/autofill_C_20260523_074440_005_p3_fixed_crop_ea_whitening_eps1e3_fbstcnet/fixed_crop_ea_whitening_eps1e3_fbstcnet/protocol3_audit.json,outputs/autofill_C_20260523_074440_005_p3_fixed_crop_ea_whitening_eps1e3_fbstcnet/fixed_crop_ea_whitening_eps1e3_fbstcnet/protocol3_jobs.csv,5,0.7082009066666667,0.02292837189965886,0.6829133333333334,0.7465354666666667
C,remote_protocol_scores_C.tgz,18dd01bbe5419107626747efd6ca05564ef48be5441007948df37ab433868b59,2026-05-23T23:51:21+0800,autofill_C_20260523_074444_006_p3_fixed_crop_ea_whitening_eps3e4_fbstcnet,outputs/autofill_C_20260523_074444_006_p3_fixed_crop_ea_whitening_eps3e4_fbstcnet/fixed_crop_ea_whitening_eps3e4_fbstcnet,p3_nested_selection,fixed_crop_ea_whitening_eps3e4_fbstcnet,complete,20,5,0,outputs/autofill_C_20260523_074444_006_p3_fixed_crop_ea_whitening_eps3e4_fbstcnet/fixed_crop_ea_whitening_eps3e4_fbstcnet/protocol3_board.csv,outputs/autofill_C_20260523_074444_006_p3_fixed_crop_ea_whitening_eps3e4_fbstcnet/fixed_crop_ea_whitening_eps3e4_fbstcnet/protocol3_audit.json,outputs/autofill_C_20260523_074444_006_p3_fixed_crop_ea_whitening_eps3e4_fbstcnet/fixed_crop_ea_whitening_eps3e4_fbstcnet/protocol3_jobs.csv,5,0.7084661866666667,0.02367586844702246,0.683704,0.7488640000000001
C,remote_protocol_scores_C.tgz,18dd01bbe5419107626747efd6ca05564ef48be5441007948df37ab433868b59,2026-05-23T23:51:21+0800,autofill_C_20260523_075021_007_p3_fixed_crop_whitening_eps1e3_fbstcnet,outputs/autofill_C_20260523_075021_007_p3_fixed_crop_whitening_eps1e3_fbstcnet/fixed_crop_whitening_eps1e3_fbstcnet,p3_nested_selection,fixed_crop_whitening_eps1e3_fbstcnet,complete,20,5,0,outputs/autofill_C_20260523_075021_007_p3_fixed_crop_whitening_eps1e3_fbstcnet/fixed_crop_whitening_eps1e3_fbstcnet/protocol3_board.csv,outputs/autofill_C_20260523_075021_007_p3_fixed_crop_whitening_eps1e3_fbstcnet/fixed_crop_whitening_eps1e3_fbstcnet/protocol3_audit.json,outputs/autofill_C_20260523_075021_007_p3_fixed_crop_whitening_eps1e3_fbstcnet/fixed_crop_whitening_eps1e3_fbstcnet/protocol3_jobs.csv,5,0.71219136,0.032392929436724706,0.6710735999999998,0.7697906666666667
C,remote_protocol_scores_C.tgz,18dd01bbe5419107626747efd6ca05564ef48be5441007948df37ab433868b59,2026-05-23T23:51:21+0800,autofill_C_20260523_075025_008_p3_fixed_crop_whitening_eps3e4_fbstcnet,outputs/autofill_C_20260523_075025_008_p3_fixed_crop_whitening_eps3e4_fbstcnet/fixed_crop_whitening_eps3e4_fbstcnet,p3_nested_selection,fixed_crop_whitening_eps3e4_fbstcnet,complete,20,5,0,outputs/autofill_C_20260523_075025_008_p3_fixed_crop_whitening_eps3e4_fbstcnet/fixed_crop_whitening_eps3e4_fbstcnet/protocol3_board.csv,outputs/autofill_C_20260523_075025_008_p3_fixed_crop_whitening_eps3e4_fbstcnet/fixed_crop_whitening_eps3e4_fbstcnet/protocol3_audit.json,outputs/autofill_C_20260523_075025_008_p3_fixed_crop_whitening_eps3e4_fbstcnet/fixed_crop_whitening_eps3e4_fbstcnet/protocol3_jobs.csv,5,0.7121024533333333,0.033147050032602106,0.6709709333333332,0.7713106666666668
C,remote_protocol_scores_C.tgz,18dd01bbe5419107626747efd6ca05564ef48be5441007948df37ab433868b59,2026-05-23T23:51:21+0800,autofill_C_20260523_075129_009_p2_fixed_crop_ea_fbstcnet_m_conn_light,outputs/autofill_C_20260523_075129_009_p2_fixed_crop_ea_fbstcnet_m_conn_light/fixed_crop_ea_fbstcnet_m_conn_light,p2_pseudo_public_holdout,fixed_crop_ea_fbstcnet_m_conn_light,complete,8,7,0,outputs/autofill_C_20260523_075129_009_p2_fixed_crop_ea_fbstcnet_m_conn_light/fixed_crop_ea_fbstcnet_m_conn_light/protocol2_board.csv,outputs/autofill_C_20260523_075129_009_p2_fixed_crop_ea_fbstcnet_m_conn_light/fixed_crop_ea_fbstcnet_m_conn_light/protocol2_audit.json,outputs/autofill_C_20260523_075129_009_p2_fixed_crop_ea_fbstcnet_m_conn_light/fixed_crop_ea_fbstcnet_m_conn_light/protocol2_jobs.csv,7,0.6845238095238094,0.12118614923513295,0.3958333333333333,0.7708333333333334
C,remote_protocol_scores_C.tgz,18dd01bbe5419107626747efd6ca05564ef48be5441007948df37ab433868b59,2026-05-23T23:51:21+0800,autofill_C_20260523_075133_010_p3_fixed_crop_ea_fbstcnet_m_conn_light,outputs/autofill_C_20260523_075133_010_p3_fixed_crop_ea_fbstcnet_m_conn_light/fixed_crop_ea_fbstcnet_m_conn_light,p3_nested_selection,fixed_crop_ea_fbstcnet_m_conn_light,complete,20,5,0,outputs/autofill_C_20260523_075133_010_p3_fixed_crop_ea_fbstcnet_m_conn_light/fixed_crop_ea_fbstcnet_m_conn_light/protocol3_board.csv,outputs/autofill_C_20260523_075133_010_p3_fixed_crop_ea_fbstcnet_m_conn_light/fixed_crop_ea_fbstcnet_m_conn_light/protocol3_audit.json,outputs/autofill_C_20260523_075133_010_p3_fixed_crop_ea_fbstcnet_m_conn_light/fixed_crop_ea_fbstcnet_m_conn_light/protocol3_jobs.csv,5,0.7104354133333334,0.030167210304829686,0.6782546666666667,0.7657226666666667
C,remote_protocol_scores_C.tgz,18dd01bbe5419107626747efd6ca05564ef48be5441007948df37ab433868b59,2026-05-23T23:51:21+0800,autofill_C_20260523_075759_011_p2_fixed_crop_ea_fbstcnet_c_only,outputs/autofill_C_20260523_075759_011_p2_fixed_crop_ea_fbstcnet_c_only/fixed_crop_ea_fbstcnet_c_only,p2_pseudo_public_holdout,fixed_crop_ea_fbstcnet_c_only,complete,8,7,0,outputs/autofill_C_20260523_075759_011_p2_fixed_crop_ea_fbstcnet_c_only/fixed_crop_ea_fbstcnet_c_only/protocol2_board.csv,outputs/autofill_C_20260523_075759_011_p2_fixed_crop_ea_fbstcnet_c_only/fixed_crop_ea_fbstcnet_c_only/protocol2_audit.json,outputs/autofill_C_20260523_075759_011_p2_fixed_crop_ea_fbstcnet_c_only/fixed_crop_ea_fbstcnet_c_only/protocol2_jobs.csv,7,0.6696428571428573,0.10763774595253049,0.4166666666666667,0.7708333333333334
C,remote_protocol_scores_C.tgz,18dd01bbe5419107626747efd6ca05564ef48be5441007948df37ab433868b59,2026-05-23T23:51:21+0800,autofill_C_20260523_080104_012_p3_fixed_crop_ea_fbstcnet_c_only,outputs/autofill_C_20260523_080104_012_p3_fixed_crop_ea_fbstcnet_c_only/fixed_crop_ea_fbstcnet_c_only,p3_nested_selection,fixed_crop_ea_fbstcnet_c_only,complete,20,5,0,outputs/autofill_C_20260523_080104_012_p3_fixed_crop_ea_fbstcnet_c_only/fixed_crop_ea_fbstcnet_c_only/protocol3_board.csv,outputs/autofill_C_20260523_080104_012_p3_fixed_crop_ea_fbstcnet_c_only/fixed_crop_ea_fbstcnet_c_only/protocol3_audit.json,outputs/autofill_C_20260523_080104_012_p3_fixed_crop_ea_fbstcnet_c_only/fixed_crop_ea_fbstcnet_c_only/protocol3_jobs.csv,5,0.71244096,0.031001493207725002,0.6816413333333333,0.7664906666666665
C,remote_protocol_scores_C.tgz,18dd01bbe5419107626747efd6ca05564ef48be5441007948df37ab433868b59,2026-05-23T23:51:21+0800,autofill_C_20260523_080108_013_p2_sliding_ea_fbstcnet_m_conn_w4_s1p5,outputs/autofill_C_20260523_080108_013_p2_sliding_ea_fbstcnet_m_conn_w4_s1p5/sliding_ea_fbstcnet_m_conn_w4_s1p5,p2_pseudo_public_holdout,sliding_ea_fbstcnet_m_conn_w4_s1p5,complete,8,7,0,outputs/autofill_C_20260523_080108_013_p2_sliding_ea_fbstcnet_m_conn_w4_s1p5/sliding_ea_fbstcnet_m_conn_w4_s1p5/protocol2_board.csv,outputs/autofill_C_20260523_080108_013_p2_sliding_ea_fbstcnet_m_conn_w4_s1p5/sliding_ea_fbstcnet_m_conn_w4_s1p5/protocol2_audit.json,outputs/autofill_C_20260523_080108_013_p2_sliding_ea_fbstcnet_m_conn_w4_s1p5/sliding_ea_fbstcnet_m_conn_w4_s1p5/protocol2_jobs.csv,7,0.6339285714285715,0.09105391988558545,0.4166666666666667,0.7083333333333334
C,remote_protocol_scores_C.tgz,18dd01bbe5419107626747efd6ca05564ef48be5441007948df37ab433868b59,2026-05-23T23:51:21+0800,autofill_C_20260523_085511_014_p2_sliding_ea_fbstcnet_m_conn_w6_s1,outputs/autofill_C_20260523_085511_014_p2_sliding_ea_fbstcnet_m_conn_w6_s1/sliding_ea_fbstcnet_m_conn_w6_s1,p2_pseudo_public_holdout,sliding_ea_fbstcnet_m_conn_w6_s1,complete,8,7,0,outputs/autofill_C_20260523_085511_014_p2_sliding_ea_fbstcnet_m_conn_w6_s1/sliding_ea_fbstcnet_m_conn_w6_s1/protocol2_board.csv,outputs/autofill_C_20260523_085511_014_p2_sliding_ea_fbstcnet_m_conn_w6_s1/sliding_ea_fbstcnet_m_conn_w6_s1/protocol2_audit.json,outputs/autofill_C_20260523_085511_014_p2_sliding_ea_fbstcnet_m_conn_w6_s1/sliding_ea_fbstcnet_m_conn_w6_s1/protocol2_jobs.csv,7,0.6488095238095237,0.062429098105366156,0.5,0.6875
C,remote_protocol_scores_C.tgz,18dd01bbe5419107626747efd6ca05564ef48be5441007948df37ab433868b59,2026-05-23T23:51:21+0800,autofill_C_20260523_085655_015_p2_sliding_ea_fbstcnet_m_conn_w8_s0p5,outputs/autofill_C_20260523_085655_015_p2_sliding_ea_fbstcnet_m_conn_w8_s0p5/sliding_ea_fbstcnet_m_conn_w8_s0p5,p2_pseudo_public_holdout,sliding_ea_fbstcnet_m_conn_w8_s0p5,complete,8,7,0,outputs/autofill_C_20260523_085655_015_p2_sliding_ea_fbstcnet_m_conn_w8_s0p5/sliding_ea_fbstcnet_m_conn_w8_s0p5/protocol2_board.csv,outputs/autofill_C_20260523_085655_015_p2_sliding_ea_fbstcnet_m_conn_w8_s0p5/sliding_ea_fbstcnet_m_conn_w8_s0p5/protocol2_audit.json,outputs/autofill_C_20260523_085655_015_p2_sliding_ea_fbstcnet_m_conn_w8_s0p5/sliding_ea_fbstcnet_m_conn_w8_s0p5/protocol2_jobs.csv,7,0.6726190476190476,0.030929478706587115,0.6041666666666666,0.7083333333333334
C,remote_protocol_scores_C.tgz,18dd01bbe5419107626747efd6ca05564ef48be5441007948df37ab433868b59,2026-05-23T23:51:21+0800,autofill_C_20260523_090000_016_p3_sliding_ea_fbstcnet_m_conn_w6_s1,outputs/autofill_C_20260523_090000_016_p3_sliding_ea_fbstcnet_m_conn_w6_s1/sliding_ea_fbstcnet_m_conn_w6_s1,p3_nested_selection,sliding_ea_fbstcnet_m_conn_w6_s1,complete,20,5,0,outputs/autofill_C_20260523_090000_016_p3_sliding_ea_fbstcnet_m_conn_w6_s1/sliding_ea_fbstcnet_m_conn_w6_s1/protocol3_board.csv,outputs/autofill_C_20260523_090000_016_p3_sliding_ea_fbstcnet_m_conn_w6_s1/sliding_ea_fbstcnet_m_conn_w6_s1/protocol3_audit.json,outputs/autofill_C_20260523_090000_016_p3_sliding_ea_fbstcnet_m_conn_w6_s1/sliding_ea_fbstcnet_m_conn_w6_s1/protocol3_jobs.csv,5,0.6360728,0.027116566961996578,0.6026933333333334,0.6678120000000001
C,remote_protocol_scores_C.tgz,18dd01bbe5419107626747efd6ca05564ef48be5441007948df37ab433868b59,2026-05-23T23:51:21+0800,autofill_C_20260523_090024_017_p1_fixed_crop_ea_whitening_eps1e3_fbstcnet,outputs/autofill_C_20260523_090024_017_p1_fixed_crop_ea_whitening_eps1e3_fbstcnet/fixed_crop_ea_whitening_eps1e3_fbstcnet,p1_repeated_group_kfold,fixed_crop_ea_whitening_eps1e3_fbstcnet,complete,25,25,0,outputs/autofill_C_20260523_090024_017_p1_fixed_crop_ea_whitening_eps1e3_fbstcnet/fixed_crop_ea_whitening_eps1e3_fbstcnet/protocol1_board.csv,outputs/autofill_C_20260523_090024_017_p1_fixed_crop_ea_whitening_eps1e3_fbstcnet/fixed_crop_ea_whitening_eps1e3_fbstcnet/protocol1_audit.json,outputs/autofill_C_20260523_090024_017_p1_fixed_crop_ea_whitening_eps1e3_fbstcnet/fixed_crop_ea_whitening_eps1e3_fbstcnet/protocol1_jobs.csv,25,0.707528672,0.04404058830805327,0.6172954666666667,0.7948653333333334
C,remote_protocol_scores_C.tgz,18dd01bbe5419107626747efd6ca05564ef48be5441007948df37ab433868b59,2026-05-23T23:51:21+0800,autofill_C_20260523_090028_018_p1_fixed_crop_ea_whitening_eps3e4_fbstcnet,outputs/autofill_C_20260523_090028_018_p1_fixed_crop_ea_whitening_eps3e4_fbstcnet/fixed_crop_ea_whitening_eps3e4_fbstcnet,p1_repeated_group_kfold,fixed_crop_ea_whitening_eps3e4_fbstcnet,complete,25,25,0,outputs/autofill_C_20260523_090028_018_p1_fixed_crop_ea_whitening_eps3e4_fbstcnet/fixed_crop_ea_whitening_eps3e4_fbstcnet/protocol1_board.csv,outputs/autofill_C_20260523_090028_018_p1_fixed_crop_ea_whitening_eps3e4_fbstcnet/fixed_crop_ea_whitening_eps3e4_fbstcnet/protocol1_audit.json,outputs/autofill_C_20260523_090028_018_p1_fixed_crop_ea_whitening_eps3e4_fbstcnet/fixed_crop_ea_whitening_eps3e4_fbstcnet/protocol1_jobs.csv,25,0.7080468799999999,0.04524262284057761,0.6166077333333334,0.7959304
C,remote_protocol_scores_C.tgz,18dd01bbe5419107626747efd6ca05564ef48be5441007948df37ab433868b59,2026-05-23T23:51:21+0800,autofill_C_20260523_090032_019_p1_fixed_crop_ea_fbstcnet_m_conn_light,outputs/autofill_C_20260523_090032_019_p1_fixed_crop_ea_fbstcnet_m_conn_light/fixed_crop_ea_fbstcnet_m_conn_light,p1_repeated_group_kfold,fixed_crop_ea_fbstcnet_m_conn_light,complete,25,25,0,outputs/autofill_C_20260523_090032_019_p1_fixed_crop_ea_fbstcnet_m_conn_light/fixed_crop_ea_fbstcnet_m_conn_light/protocol1_board.csv,outputs/autofill_C_20260523_090032_019_p1_fixed_crop_ea_fbstcnet_m_conn_light/fixed_crop_ea_fbstcnet_m_conn_light/protocol1_audit.json,outputs/autofill_C_20260523_090032_019_p1_fixed_crop_ea_fbstcnet_m_conn_light/fixed_crop_ea_fbstcnet_m_conn_light/protocol1_jobs.csv,25,0.6992008853333335,0.05115432367709134,0.6104176,0.8017178666666666
C,remote_protocol_scores_C.tgz,18dd01bbe5419107626747efd6ca05564ef48be5441007948df37ab433868b59,2026-05-23T23:51:21+0800,autofill_C_20260523_090036_020_p1_fixed_crop_ea_fbstcnet_c_only,outputs/autofill_C_20260523_090036_020_p1_fixed_crop_ea_fbstcnet_c_only/fixed_crop_ea_fbstcnet_c_only,p1_repeated_group_kfold,fixed_crop_ea_fbstcnet_c_only,complete,25,25,0,outputs/autofill_C_20260523_090036_020_p1_fixed_crop_ea_fbstcnet_c_only/fixed_crop_ea_fbstcnet_c_only/protocol1_board.csv,outputs/autofill_C_20260523_090036_020_p1_fixed_crop_ea_fbstcnet_c_only/fixed_crop_ea_fbstcnet_c_only/protocol1_audit.json,outputs/autofill_C_20260523_090036_020_p1_fixed_crop_ea_fbstcnet_c_only/fixed_crop_ea_fbstcnet_c_only/protocol1_jobs.csv,25,0.70137472,0.04188232894020634,0.6075637333333334,0.7915061333333333
C,remote_protocol_scores_C.tgz,18dd01bbe5419107626747efd6ca05564ef48be5441007948df37ab433868b59,2026-05-23T23:51:21+0800,autofill_C_20260523_090401_021_p2_fixed_crop_ea_fbstcnet_p_only,outputs/autofill_C_20260523_090401_021_p2_fixed_crop_ea_fbstcnet_p_only/fixed_crop_ea_fbstcnet_p_only,p2_pseudo_public_holdout,fixed_crop_ea_fbstcnet_p_only,complete,8,7,0,outputs/autofill_C_20260523_090401_021_p2_fixed_crop_ea_fbstcnet_p_only/fixed_crop_ea_fbstcnet_p_only/protocol2_board.csv,outputs/autofill_C_20260523_090401_021_p2_fixed_crop_ea_fbstcnet_p_only/fixed_crop_ea_fbstcnet_p_only/protocol2_audit.json,outputs/autofill_C_20260523_090401_021_p2_fixed_crop_ea_fbstcnet_p_only/fixed_crop_ea_fbstcnet_p_only/protocol2_jobs.csv,7,0.6785714285714286,0.13946874421261882,0.3541666666666667,0.8125
C,remote_protocol_scores_C.tgz,18dd01bbe5419107626747efd6ca05564ef48be5441007948df37ab433868b59,2026-05-23T23:51:21+0800,autofill_C_20260523_090727_022_p3_fixed_crop_ea_fbstcnet_p_only,outputs/autofill_C_20260523_090727_022_p3_fixed_crop_ea_fbstcnet_p_only/fixed_crop_ea_fbstcnet_p_only,p3_nested_selection,fixed_crop_ea_fbstcnet_p_only,complete,20,5,0,outputs/autofill_C_20260523_090727_022_p3_fixed_crop_ea_fbstcnet_p_only/fixed_crop_ea_fbstcnet_p_only/protocol3_board.csv,outputs/autofill_C_20260523_090727_022_p3_fixed_crop_ea_fbstcnet_p_only/fixed_crop_ea_fbstcnet_p_only/protocol3_audit.json,outputs/autofill_C_20260523_090727_022_p3_fixed_crop_ea_fbstcnet_p_only/fixed_crop_ea_fbstcnet_p_only/protocol3_jobs.csv,5,0.6938310933333334,0.01819977082119934,0.6724517333333334,0.7203426666666668
C,remote_protocol_scores_C.tgz,18dd01bbe5419107626747efd6ca05564ef48be5441007948df37ab433868b59,2026-05-23T23:51:21+0800,autofill_C_20260523_090731_023_p2_fixed_crop_ea_fbstcnet_m_power_light,outputs/autofill_C_20260523_090731_023_p2_fixed_crop_ea_fbstcnet_m_power_light/fixed_crop_ea_fbstcnet_m_power_light,p2_pseudo_public_holdout,fixed_crop_ea_fbstcnet_m_power_light,complete,8,7,0,outputs/autofill_C_20260523_090731_023_p2_fixed_crop_ea_fbstcnet_m_power_light/fixed_crop_ea_fbstcnet_m_power_light/protocol2_board.csv,outputs/autofill_C_20260523_090731_023_p2_fixed_crop_ea_fbstcnet_m_power_light/fixed_crop_ea_fbstcnet_m_power_light/protocol2_audit.json,outputs/autofill_C_20260523_090731_023_p2_fixed_crop_ea_fbstcnet_m_power_light/fixed_crop_ea_fbstcnet_m_power_light/protocol2_jobs.csv,7,0.6845238095238095,0.13748582693394162,0.3541666666666667,0.7708333333333334
C,remote_protocol_scores_C.tgz,18dd01bbe5419107626747efd6ca05564ef48be5441007948df37ab433868b59,2026-05-23T23:51:21+0800,autofill_C_20260523_095230_024_p3_fixed_crop_ea_fbstcnet_m_power_light,outputs/autofill_C_20260523_095230_024_p3_fixed_crop_ea_fbstcnet_m_power_light/fixed_crop_ea_fbstcnet_m_power_light,p3_nested_selection,fixed_crop_ea_fbstcnet_m_power_light,complete,20,5,0,outputs/autofill_C_20260523_095230_024_p3_fixed_crop_ea_fbstcnet_m_power_light/fixed_crop_ea_fbstcnet_m_power_light/protocol3_board.csv,outputs/autofill_C_20260523_095230_024_p3_fixed_crop_ea_fbstcnet_m_power_light/fixed_crop_ea_fbstcnet_m_power_light/protocol3_audit.json,outputs/autofill_C_20260523_095230_024_p3_fixed_crop_ea_fbstcnet_m_power_light/fixed_crop_ea_fbstcnet_m_power_light/protocol3_jobs.csv,5,0.70354224,0.023040365515989546,0.673924,0.7424853333333333
C,remote_protocol_scores_C.tgz,18dd01bbe5419107626747efd6ca05564ef48be5441007948df37ab433868b59,2026-05-23T23:51:21+0800,autofill_C_20260523_095254_025_p1_sliding_ea_fbstcnet_m_conn_w4_s1p5,outputs/autofill_C_20260523_095254_025_p1_sliding_ea_fbstcnet_m_conn_w4_s1p5/sliding_ea_fbstcnet_m_conn_w4_s1p5,p1_repeated_group_kfold,sliding_ea_fbstcnet_m_conn_w4_s1p5,complete,25,25,0,outputs/autofill_C_20260523_095254_025_p1_sliding_ea_fbstcnet_m_conn_w4_s1p5/sliding_ea_fbstcnet_m_conn_w4_s1p5/protocol1_board.csv,outputs/autofill_C_20260523_095254_025_p1_sliding_ea_fbstcnet_m_conn_w4_s1p5/sliding_ea_fbstcnet_m_conn_w4_s1p5/protocol1_audit.json,outputs/autofill_C_20260523_095254_025_p1_sliding_ea_fbstcnet_m_conn_w4_s1p5/sliding_ea_fbstcnet_m_conn_w4_s1p5/protocol1_jobs.csv,25,0.6401652266666668,0.058391035242033915,0.5149826666666666,0.7888093333333334
C,remote_protocol_scores_C.tgz,18dd01bbe5419107626747efd6ca05564ef48be5441007948df37ab433868b59,2026-05-23T23:51:21+0800,autofill_C_20260523_095258_026_p1_sliding_ea_fbstcnet_m_conn_w6_s1,outputs/autofill_C_20260523_095258_026_p1_sliding_ea_fbstcnet_m_conn_w6_s1/sliding_ea_fbstcnet_m_conn_w6_s1,p1_repeated_group_kfold,sliding_ea_fbstcnet_m_conn_w6_s1,complete,25,25,0,outputs/autofill_C_20260523_095258_026_p1_sliding_ea_fbstcnet_m_conn_w6_s1/sliding_ea_fbstcnet_m_conn_w6_s1/protocol1_board.csv,outputs/autofill_C_20260523_095258_026_p1_sliding_ea_fbstcnet_m_conn_w6_s1/sliding_ea_fbstcnet_m_conn_w6_s1/protocol1_audit.json,outputs/autofill_C_20260523_095258_026_p1_sliding_ea_fbstcnet_m_conn_w6_s1/sliding_ea_fbstcnet_m_conn_w6_s1/protocol1_jobs.csv,25,0.6386051199999999,0.053438032189558275,0.5592066666666666,0.7887266666666667
C,remote_protocol_scores_C.tgz,18dd01bbe5419107626747efd6ca05564ef48be5441007948df37ab433868b59,2026-05-23T23:51:21+0800,autofill_C_20260523_095302_027_p1_sliding_ea_fbstcnet_m_conn_w8_s0p5,outputs/autofill_C_20260523_095302_027_p1_sliding_ea_fbstcnet_m_conn_w8_s0p5/sliding_ea_fbstcnet_m_conn_w8_s0p5,p1_repeated_group_kfold,sliding_ea_fbstcnet_m_conn_w8_s0p5,complete,25,25,0,outputs/autofill_C_20260523_095302_027_p1_sliding_ea_fbstcnet_m_conn_w8_s0p5/sliding_ea_fbstcnet_m_conn_w8_s0p5/protocol1_board.csv,outputs/autofill_C_20260523_095302_027_p1_sliding_ea_fbstcnet_m_conn_w8_s0p5/sliding_ea_fbstcnet_m_conn_w8_s0p5/protocol1_audit.json,outputs/autofill_C_20260523_095302_027_p1_sliding_ea_fbstcnet_m_conn_w8_s0p5/sliding_ea_fbstcnet_m_conn_w8_s0p5/protocol1_jobs.csv,25,0.64478304,0.05977129132360897,0.5474,0.8035666666666667
C,remote_protocol_scores_C.tgz,18dd01bbe5419107626747efd6ca05564ef48be5441007948df37ab433868b59,2026-05-23T23:51:21+0800,autofill_C_20260523_105848_028_p2_fixed_crop_ea_deformer_depth1_emb64,outputs/autofill_C_20260523_105848_028_p2_fixed_crop_ea_deformer_depth1_emb64/fixed_crop_ea_deformer_depth1_emb64,p2_pseudo_public_holdout,fixed_crop_ea_deformer_depth1_emb64,complete,8,7,0,outputs/autofill_C_20260523_105848_028_p2_fixed_crop_ea_deformer_depth1_emb64/fixed_crop_ea_deformer_depth1_emb64/protocol2_board.csv,outputs/autofill_C_20260523_105848_028_p2_fixed_crop_ea_deformer_depth1_emb64/fixed_crop_ea_deformer_depth1_emb64/protocol2_audit.json,outputs/autofill_C_20260523_105848_028_p2_fixed_crop_ea_deformer_depth1_emb64/fixed_crop_ea_deformer_depth1_emb64/protocol2_jobs.csv,7,0.630952380952381,0.14464408190741507,0.2916666666666667,0.75
C,remote_protocol_scores_C.tgz,18dd01bbe5419107626747efd6ca05564ef48be5441007948df37ab433868b59,2026-05-23T23:51:21+0800,autofill_C_20260523_105952_029_p3_fixed_crop_ea_deformer_depth1_emb64,outputs/autofill_C_20260523_105952_029_p3_fixed_crop_ea_deformer_depth1_emb64/fixed_crop_ea_deformer_depth1_emb64,p3_nested_selection,fixed_crop_ea_deformer_depth1_emb64,complete,20,5,0,outputs/autofill_C_20260523_105952_029_p3_fixed_crop_ea_deformer_depth1_emb64/fixed_crop_ea_deformer_depth1_emb64/protocol3_board.csv,outputs/autofill_C_20260523_105952_029_p3_fixed_crop_ea_deformer_depth1_emb64/fixed_crop_ea_deformer_depth1_emb64/protocol3_audit.json,outputs/autofill_C_20260523_105952_029_p3_fixed_crop_ea_deformer_depth1_emb64/fixed_crop_ea_deformer_depth1_emb64/protocol3_jobs.csv,5,0.6878409066666668,0.03641664822723195,0.620908,0.7294416
C,remote_protocol_scores_C.tgz,18dd01bbe5419107626747efd6ca05564ef48be5441007948df37ab433868b59,2026-05-23T23:51:21+0800,autofill_C_20260523_110137_030_p2_fixed_crop_ea_cbramod_candidate,outputs/autofill_C_20260523_110137_030_p2_fixed_crop_ea_cbramod_candidate/fixed_crop_ea_cbramod_candidate,p2_pseudo_public_holdout,fixed_crop_ea_cbramod_candidate,complete,8,7,0,outputs/autofill_C_20260523_110137_030_p2_fixed_crop_ea_cbramod_candidate/fixed_crop_ea_cbramod_candidate/protocol2_board.csv,outputs/autofill_C_20260523_110137_030_p2_fixed_crop_ea_cbramod_candidate/fixed_crop_ea_cbramod_candidate/protocol2_audit.json,outputs/autofill_C_20260523_110137_030_p2_fixed_crop_ea_cbramod_candidate/fixed_crop_ea_cbramod_candidate/protocol2_jobs.csv,7,0.5773809523809524,0.17133140434076494,0.16666666666666666,0.7083333333333334
C,remote_protocol_scores_C.tgz,18dd01bbe5419107626747efd6ca05564ef48be5441007948df37ab433868b59,2026-05-23T23:51:21+0800,autofill_C_20260523_110141_031_p3_fixed_crop_ea_cbramod_candidate,outputs/autofill_C_20260523_110141_031_p3_fixed_crop_ea_cbramod_candidate/fixed_crop_ea_cbramod_candidate,p3_nested_selection,fixed_crop_ea_cbramod_candidate,complete,20,5,0,outputs/autofill_C_20260523_110141_031_p3_fixed_crop_ea_cbramod_candidate/fixed_crop_ea_cbramod_candidate/protocol3_board.csv,outputs/autofill_C_20260523_110141_031_p3_fixed_crop_ea_cbramod_candidate/fixed_crop_ea_cbramod_candidate/protocol3_audit.json,outputs/autofill_C_20260523_110141_031_p3_fixed_crop_ea_cbramod_candidate/fixed_crop_ea_cbramod_candidate/protocol3_jobs.csv,5,0.6445012800000001,0.027163986162021383,0.6028117333333334,0.6802853333333334
C,remote_protocol_scores_C.tgz,18dd01bbe5419107626747efd6ca05564ef48be5441007948df37ab433868b59,2026-05-23T23:51:21+0800,autofill_C_20260523_110928_032_p1_fixed_crop_whitening_eps1e3_fbstcnet,outputs/autofill_C_20260523_110928_032_p1_fixed_crop_whitening_eps1e3_fbstcnet/fixed_crop_whitening_eps1e3_fbstcnet,p1_repeated_group_kfold,fixed_crop_whitening_eps1e3_fbstcnet,complete,25,25,0,outputs/autofill_C_20260523_110928_032_p1_fixed_crop_whitening_eps1e3_fbstcnet/fixed_crop_whitening_eps1e3_fbstcnet/protocol1_board.csv,outputs/autofill_C_20260523_110928_032_p1_fixed_crop_whitening_eps1e3_fbstcnet/fixed_crop_whitening_eps1e3_fbstcnet/protocol1_audit.json,outputs/autofill_C_20260523_110928_032_p1_fixed_crop_whitening_eps1e3_fbstcnet/fixed_crop_whitening_eps1e3_fbstcnet/protocol1_jobs.csv,25,0.7084579733333334,0.04518793546254477,0.6131146666666667,0.7942413333333334
C,remote_protocol_scores_C.tgz,18dd01bbe5419107626747efd6ca05564ef48be5441007948df37ab433868b59,2026-05-23T23:51:21+0800,autofill_C_20260523_111012_033_p1_fixed_crop_whitening_eps3e4_fbstcnet,outputs/autofill_C_20260523_111012_033_p1_fixed_crop_whitening_eps3e4_fbstcnet/fixed_crop_whitening_eps3e4_fbstcnet,p1_repeated_group_kfold,fixed_crop_whitening_eps3e4_fbstcnet,complete,25,25,0,outputs/autofill_C_20260523_111012_033_p1_fixed_crop_whitening_eps3e4_fbstcnet/fixed_crop_whitening_eps3e4_fbstcnet/protocol1_board.csv,outputs/autofill_C_20260523_111012_033_p1_fixed_crop_whitening_eps3e4_fbstcnet/fixed_crop_whitening_eps3e4_fbstcnet/protocol1_audit.json,outputs/autofill_C_20260523_111012_033_p1_fixed_crop_whitening_eps3e4_fbstcnet/fixed_crop_whitening_eps3e4_fbstcnet/protocol1_jobs.csv,25,0.7097182506666665,0.04442720992603132,0.6133370666666667,0.7962359999999999
C,remote_protocol_scores_C.tgz,18dd01bbe5419107626747efd6ca05564ef48be5441007948df37ab433868b59,2026-05-23T23:51:21+0800,autofill_C_20260523_112621_034_p3_fixed_crop_whitening_eps1e3_fbstcnet_m_conn_light,outputs/autofill_C_20260523_112621_034_p3_fixed_crop_whitening_eps1e3_fbstcnet_m_conn_light/fixed_crop_whitening_eps1e3_fbstcnet_m_conn_light,p3_nested_selection,fixed_crop_whitening_eps1e3_fbstcnet_m_conn_light,complete,20,5,0,outputs/autofill_C_20260523_112621_034_p3_fixed_crop_whitening_eps1e3_fbstcnet_m_conn_light/fixed_crop_whitening_eps1e3_fbstcnet_m_conn_light/protocol3_board.csv,outputs/autofill_C_20260523_112621_034_p3_fixed_crop_whitening_eps1e3_fbstcnet_m_conn_light/fixed_crop_whitening_eps1e3_fbstcnet_m_conn_light/protocol3_audit.json,outputs/autofill_C_20260523_112621_034_p3_fixed_crop_whitening_eps1e3_fbstcnet_m_conn_light/fixed_crop_whitening_eps1e3_fbstcnet_m_conn_light/protocol3_jobs.csv,5,0.7127458133333333,0.03074552000840733,0.6771496,0.7690946666666666
C,remote_protocol_scores_C.tgz,18dd01bbe5419107626747efd6ca05564ef48be5441007948df37ab433868b59,2026-05-23T23:51:21+0800,autofill_C_20260523_112746_035_p3_fixed_crop_whitening_eps3e4_fbstcnet_m_conn_light,outputs/autofill_C_20260523_112746_035_p3_fixed_crop_whitening_eps3e4_fbstcnet_m_conn_light/fixed_crop_whitening_eps3e4_fbstcnet_m_conn_light,p3_nested_selection,fixed_crop_whitening_eps3e4_fbstcnet_m_conn_light,complete,20,5,0,outputs/autofill_C_20260523_112746_035_p3_fixed_crop_whitening_eps3e4_fbstcnet_m_conn_light/fixed_crop_whitening_eps3e4_fbstcnet_m_conn_light/protocol3_board.csv,outputs/autofill_C_20260523_112746_035_p3_fixed_crop_whitening_eps3e4_fbstcnet_m_conn_light/fixed_crop_whitening_eps3e4_fbstcnet_m_conn_light/protocol3_audit.json,outputs/autofill_C_20260523_112746_035_p3_fixed_crop_whitening_eps3e4_fbstcnet_m_conn_light/fixed_crop_whitening_eps3e4_fbstcnet_m_conn_light/protocol3_jobs.csv,5,0.7128165866666667,0.03227263581168424,0.6764175999999998,0.7722346666666667
C,remote_protocol_scores_C.tgz,18dd01bbe5419107626747efd6ca05564ef48be5441007948df37ab433868b59,2026-05-23T23:51:21+0800,autofill_C_20260523_114235_036_p1_fixed_crop_whitening_eps1e3_fbstcnet_m_conn_light,outputs/autofill_C_20260523_114235_036_p1_fixed_crop_whitening_eps1e3_fbstcnet_m_conn_light/fixed_crop_whitening_eps1e3_fbstcnet_m_conn_light,p1_repeated_group_kfold,fixed_crop_whitening_eps1e3_fbstcnet_m_conn_light,complete,25,25,0,outputs/autofill_C_20260523_114235_036_p1_fixed_crop_whitening_eps1e3_fbstcnet_m_conn_light/fixed_crop_whitening_eps1e3_fbstcnet_m_conn_light/protocol1_board.csv,outputs/autofill_C_20260523_114235_036_p1_fixed_crop_whitening_eps1e3_fbstcnet_m_conn_light/fixed_crop_whitening_eps1e3_fbstcnet_m_conn_light/protocol1_audit.json,outputs/autofill_C_20260523_114235_036_p1_fixed_crop_whitening_eps1e3_fbstcnet_m_conn_light/fixed_crop_whitening_eps1e3_fbstcnet_m_conn_light/protocol1_jobs.csv,25,0.7098993920000001,0.04486176720387914,0.6140949333333334,0.8000786666666665
C,remote_protocol_scores_C.tgz,18dd01bbe5419107626747efd6ca05564ef48be5441007948df37ab433868b59,2026-05-23T23:51:21+0800,autofill_C_20260523_120907_037_p1_fixed_crop_whitening_eps3e4_fbstcnet_m_conn_light,outputs/autofill_C_20260523_120907_037_p1_fixed_crop_whitening_eps3e4_fbstcnet_m_conn_light/fixed_crop_whitening_eps3e4_fbstcnet_m_conn_light,p1_repeated_group_kfold,fixed_crop_whitening_eps3e4_fbstcnet_m_conn_light,complete,25,25,0,outputs/autofill_C_20260523_120907_037_p1_fixed_crop_whitening_eps3e4_fbstcnet_m_conn_light/fixed_crop_whitening_eps3e4_fbstcnet_m_conn_light/protocol1_board.csv,outputs/autofill_C_20260523_120907_037_p1_fixed_crop_whitening_eps3e4_fbstcnet_m_conn_light/fixed_crop_whitening_eps3e4_fbstcnet_m_conn_light/protocol1_audit.json,outputs/autofill_C_20260523_120907_037_p1_fixed_crop_whitening_eps3e4_fbstcnet_m_conn_light/fixed_crop_whitening_eps3e4_fbstcnet_m_conn_light/protocol1_jobs.csv,25,0.710140256,0.04494870947223954,0.6153402666666666,0.8026346666666665
C,remote_protocol_scores_C.tgz,18dd01bbe5419107626747efd6ca05564ef48be5441007948df37ab433868b59,2026-05-23T23:51:21+0800,autofill_C_20260523_120911_038_p2_fixed_crop_ea_whitening_eps1e3_fbstcnet_m_power_light,outputs/autofill_C_20260523_120911_038_p2_fixed_crop_ea_whitening_eps1e3_fbstcnet_m_power_light/fixed_crop_ea_whitening_eps1e3_fbstcnet_m_power_light,p2_pseudo_public_holdout,fixed_crop_ea_whitening_eps1e3_fbstcnet_m_power_light,complete,8,7,0,outputs/autofill_C_20260523_120911_038_p2_fixed_crop_ea_whitening_eps1e3_fbstcnet_m_power_light/fixed_crop_ea_whitening_eps1e3_fbstcnet_m_power_light/protocol2_board.csv,outputs/autofill_C_20260523_120911_038_p2_fixed_crop_ea_whitening_eps1e3_fbstcnet_m_power_light/fixed_crop_ea_whitening_eps1e3_fbstcnet_m_power_light/protocol2_audit.json,outputs/autofill_C_20260523_120911_038_p2_fixed_crop_ea_whitening_eps1e3_fbstcnet_m_power_light/fixed_crop_ea_whitening_eps1e3_fbstcnet_m_power_light/protocol2_jobs.csv,7,0.6547619047619048,0.15782230456622443,0.2708333333333333,0.75
C,remote_protocol_scores_C.tgz,18dd01bbe5419107626747efd6ca05564ef48be5441007948df37ab433868b59,2026-05-23T23:51:21+0800,autofill_C_20260523_124949_039_p3_fixed_crop_ea_whitening_eps1e3_fbstcnet_m_power_light,outputs/autofill_C_20260523_124949_039_p3_fixed_crop_ea_whitening_eps1e3_fbstcnet_m_power_light/fixed_crop_ea_whitening_eps1e3_fbstcnet_m_power_light,p3_nested_selection,fixed_crop_ea_whitening_eps1e3_fbstcnet_m_power_light,complete,20,5,0,outputs/autofill_C_20260523_124949_039_p3_fixed_crop_ea_whitening_eps1e3_fbstcnet_m_power_light/fixed_crop_ea_whitening_eps1e3_fbstcnet_m_power_light/protocol3_board.csv,outputs/autofill_C_20260523_124949_039_p3_fixed_crop_ea_whitening_eps1e3_fbstcnet_m_power_light/fixed_crop_ea_whitening_eps1e3_fbstcnet_m_power_light/protocol3_audit.json,outputs/autofill_C_20260523_124949_039_p3_fixed_crop_ea_whitening_eps1e3_fbstcnet_m_power_light/fixed_crop_ea_whitening_eps1e3_fbstcnet_m_power_light/protocol3_jobs.csv,5,0.7103108266666667,0.032078759324570744,0.6659008,0.7620626666666667
C,remote_protocol_scores_C.tgz,18dd01bbe5419107626747efd6ca05564ef48be5441007948df37ab433868b59,2026-05-23T23:51:21+0800,autofill_C_20260523_125455_040_p2_fixed_crop_whitening_eps3e4_fbstcnet,outputs/autofill_C_20260523_125455_040_p2_fixed_crop_whitening_eps3e4_fbstcnet/fixed_crop_whitening_eps3e4_fbstcnet,p2_pseudo_public_holdout,fixed_crop_whitening_eps3e4_fbstcnet,complete,8,7,0,outputs/autofill_C_20260523_125455_040_p2_fixed_crop_whitening_eps3e4_fbstcnet/fixed_crop_whitening_eps3e4_fbstcnet/protocol2_board.csv,outputs/autofill_C_20260523_125455_040_p2_fixed_crop_whitening_eps3e4_fbstcnet/fixed_crop_whitening_eps3e4_fbstcnet/protocol2_audit.json,outputs/autofill_C_20260523_125455_040_p2_fixed_crop_whitening_eps3e4_fbstcnet/fixed_crop_whitening_eps3e4_fbstcnet/protocol2_jobs.csv,7,0.6607142857142857,0.169877657057504,0.25,0.7708333333333334
C,remote_protocol_scores_C.tgz,18dd01bbe5419107626747efd6ca05564ef48be5441007948df37ab433868b59,2026-05-23T23:51:21+0800,autofill_C_20260523_125820_041_p3_fixed_crop_whitening_eps3e4_fbstcnet,outputs/autofill_C_20260523_125820_041_p3_fixed_crop_whitening_eps3e4_fbstcnet/fixed_crop_whitening_eps3e4_fbstcnet,p3_nested_selection,fixed_crop_whitening_eps3e4_fbstcnet,complete,20,5,0,outputs/autofill_C_20260523_125820_041_p3_fixed_crop_whitening_eps3e4_fbstcnet/fixed_crop_whitening_eps3e4_fbstcnet/protocol3_board.csv,outputs/autofill_C_20260523_125820_041_p3_fixed_crop_whitening_eps3e4_fbstcnet/fixed_crop_whitening_eps3e4_fbstcnet/protocol3_audit.json,outputs/autofill_C_20260523_125820_041_p3_fixed_crop_whitening_eps3e4_fbstcnet/fixed_crop_whitening_eps3e4_fbstcnet/protocol3_jobs.csv,5,0.7121024533333333,0.033147050032602106,0.6709709333333332,0.7713106666666668
C,remote_protocol_scores_C.tgz,18dd01bbe5419107626747efd6ca05564ef48be5441007948df37ab433868b59,2026-05-23T23:51:21+0800,autofill_C_20260523_125844_042_p2_fixed_crop_whitening_eps1e3_fbstcnet,outputs/autofill_C_20260523_125844_042_p2_fixed_crop_whitening_eps1e3_fbstcnet/fixed_crop_whitening_eps1e3_fbstcnet,p2_pseudo_public_holdout,fixed_crop_whitening_eps1e3_fbstcnet,complete,8,7,0,outputs/autofill_C_20260523_125844_042_p2_fixed_crop_whitening_eps1e3_fbstcnet/fixed_crop_whitening_eps1e3_fbstcnet/protocol2_board.csv,outputs/autofill_C_20260523_125844_042_p2_fixed_crop_whitening_eps1e3_fbstcnet/fixed_crop_whitening_eps1e3_fbstcnet/protocol2_audit.json,outputs/autofill_C_20260523_125844_042_p2_fixed_crop_whitening_eps1e3_fbstcnet/fixed_crop_whitening_eps1e3_fbstcnet/protocol2_jobs.csv,7,0.6577380952380952,0.16919845718514162,0.25,0.7708333333333334
C,remote_protocol_scores_C.tgz,18dd01bbe5419107626747efd6ca05564ef48be5441007948df37ab433868b59,2026-05-23T23:51:21+0800,autofill_C_20260523_130149_043_p3_fixed_crop_whitening_eps1e3_fbstcnet,outputs/autofill_C_20260523_130149_043_p3_fixed_crop_whitening_eps1e3_fbstcnet/fixed_crop_whitening_eps1e3_fbstcnet,p3_nested_selection,fixed_crop_whitening_eps1e3_fbstcnet,complete,20,5,0,outputs/autofill_C_20260523_130149_043_p3_fixed_crop_whitening_eps1e3_fbstcnet/fixed_crop_whitening_eps1e3_fbstcnet/protocol3_board.csv,outputs/autofill_C_20260523_130149_043_p3_fixed_crop_whitening_eps1e3_fbstcnet/fixed_crop_whitening_eps1e3_fbstcnet/protocol3_audit.json,outputs/autofill_C_20260523_130149_043_p3_fixed_crop_whitening_eps1e3_fbstcnet/fixed_crop_whitening_eps1e3_fbstcnet/protocol3_jobs.csv,5,0.71219136,0.032392929436724706,0.6710735999999998,0.7697906666666667
C,remote_protocol_scores_C.tgz,18dd01bbe5419107626747efd6ca05564ef48be5441007948df37ab433868b59,2026-05-23T23:51:21+0800,autofill_C_20260523_130514_044_p2_fixed_crop_whitening_eps3e4_fbstcnet_m_conn_light,outputs/autofill_C_20260523_130514_044_p2_fixed_crop_whitening_eps3e4_fbstcnet_m_conn_light/fixed_crop_whitening_eps3e4_fbstcnet_m_conn_light,p2_pseudo_public_holdout,fixed_crop_whitening_eps3e4_fbstcnet_m_conn_light,complete,8,7,0,outputs/autofill_C_20260523_130514_044_p2_fixed_crop_whitening_eps3e4_fbstcnet_m_conn_light/fixed_crop_whitening_eps3e4_fbstcnet_m_conn_light/protocol2_board.csv,outputs/autofill_C_20260523_130514_044_p2_fixed_crop_whitening_eps3e4_fbstcnet_m_conn_light/fixed_crop_whitening_eps3e4_fbstcnet_m_conn_light/protocol2_audit.json,outputs/autofill_C_20260523_130514_044_p2_fixed_crop_whitening_eps3e4_fbstcnet_m_conn_light/fixed_crop_whitening_eps3e4_fbstcnet_m_conn_light/protocol2_jobs.csv,7,0.6547619047619048,0.15899655225229858,0.2708333333333333,0.7708333333333334
C,remote_protocol_scores_C.tgz,18dd01bbe5419107626747efd6ca05564ef48be5441007948df37ab433868b59,2026-05-23T23:51:21+0800,autofill_C_20260523_131220_045_p3_fixed_crop_whitening_eps3e4_fbstcnet_m_conn_light,outputs/autofill_C_20260523_131220_045_p3_fixed_crop_whitening_eps3e4_fbstcnet_m_conn_light/fixed_crop_whitening_eps3e4_fbstcnet_m_conn_light,p3_nested_selection,fixed_crop_whitening_eps3e4_fbstcnet_m_conn_light,complete,20,5,0,outputs/autofill_C_20260523_131220_045_p3_fixed_crop_whitening_eps3e4_fbstcnet_m_conn_light/fixed_crop_whitening_eps3e4_fbstcnet_m_conn_light/protocol3_board.csv,outputs/autofill_C_20260523_131220_045_p3_fixed_crop_whitening_eps3e4_fbstcnet_m_conn_light/fixed_crop_whitening_eps3e4_fbstcnet_m_conn_light/protocol3_audit.json,outputs/autofill_C_20260523_131220_045_p3_fixed_crop_whitening_eps3e4_fbstcnet_m_conn_light/fixed_crop_whitening_eps3e4_fbstcnet_m_conn_light/protocol3_jobs.csv,5,0.7128165866666667,0.03227263581168424,0.6764175999999998,0.7722346666666667
C,remote_protocol_scores_C.tgz,18dd01bbe5419107626747efd6ca05564ef48be5441007948df37ab433868b59,2026-05-23T23:51:21+0800,autofill_C_20260523_133532_046_p2_fixed_crop_whitening_eps1e3_fbstcnet_m_conn_light,outputs/autofill_C_20260523_133532_046_p2_fixed_crop_whitening_eps1e3_fbstcnet_m_conn_light/fixed_crop_whitening_eps1e3_fbstcnet_m_conn_light,p2_pseudo_public_holdout,fixed_crop_whitening_eps1e3_fbstcnet_m_conn_light,complete,8,7,0,outputs/autofill_C_20260523_133532_046_p2_fixed_crop_whitening_eps1e3_fbstcnet_m_conn_light/fixed_crop_whitening_eps1e3_fbstcnet_m_conn_light/protocol2_board.csv,outputs/autofill_C_20260523_133532_046_p2_fixed_crop_whitening_eps1e3_fbstcnet_m_conn_light/fixed_crop_whitening_eps1e3_fbstcnet_m_conn_light/protocol2_audit.json,outputs/autofill_C_20260523_133532_046_p2_fixed_crop_whitening_eps1e3_fbstcnet_m_conn_light/fixed_crop_whitening_eps1e3_fbstcnet_m_conn_light/protocol2_jobs.csv,7,0.6517857142857143,0.1517565331426424,0.2916666666666667,0.7708333333333334
C,remote_protocol_scores_C.tgz,18dd01bbe5419107626747efd6ca05564ef48be5441007948df37ab433868b59,2026-05-23T23:51:21+0800,autofill_C_20260523_134158_047_p3_fixed_crop_whitening_eps1e3_fbstcnet_m_conn_light,outputs/autofill_C_20260523_134158_047_p3_fixed_crop_whitening_eps1e3_fbstcnet_m_conn_light/fixed_crop_whitening_eps1e3_fbstcnet_m_conn_light,p3_nested_selection,fixed_crop_whitening_eps1e3_fbstcnet_m_conn_light,complete,20,5,0,outputs/autofill_C_20260523_134158_047_p3_fixed_crop_whitening_eps1e3_fbstcnet_m_conn_light/fixed_crop_whitening_eps1e3_fbstcnet_m_conn_light/protocol3_board.csv,outputs/autofill_C_20260523_134158_047_p3_fixed_crop_whitening_eps1e3_fbstcnet_m_conn_light/fixed_crop_whitening_eps1e3_fbstcnet_m_conn_light/protocol3_audit.json,outputs/autofill_C_20260523_134158_047_p3_fixed_crop_whitening_eps1e3_fbstcnet_m_conn_light/fixed_crop_whitening_eps1e3_fbstcnet_m_conn_light/protocol3_jobs.csv,5,0.7127458133333333,0.03074552000840733,0.6771496,0.7690946666666666
C,remote_protocol_scores_C.tgz,18dd01bbe5419107626747efd6ca05564ef48be5441007948df37ab433868b59,2026-05-23T23:51:21+0800,backfill_branch_grid_C_20260522_1921_ea_eps1e3_c_only_p2,outputs/backfill_branch_grid_C_20260522_1921_ea_eps1e3_c_only_p2/fixed_crop_ea_whitening_eps1e3_fbstcnet_c_only,p2_pseudo_public_holdout,fixed_crop_ea_whitening_eps1e3_fbstcnet_c_only,complete,8,7,0,outputs/backfill_branch_grid_C_20260522_1921_ea_eps1e3_c_only_p2/fixed_crop_ea_whitening_eps1e3_fbstcnet_c_only/protocol2_board.csv,outputs/backfill_branch_grid_C_20260522_1921_ea_eps1e3_c_only_p2/fixed_crop_ea_whitening_eps1e3_fbstcnet_c_only/protocol2_audit.json,outputs/backfill_branch_grid_C_20260522_1921_ea_eps1e3_c_only_p2/fixed_crop_ea_whitening_eps1e3_fbstcnet_c_only/protocol2_jobs.csv,7,0.6488095238095238,0.1560727452634154,0.2708333333333333,0.75
C,remote_protocol_scores_C.tgz,18dd01bbe5419107626747efd6ca05564ef48be5441007948df37ab433868b59,2026-05-23T23:51:21+0800,backfill_branch_grid_C_20260522_1927_ea_eps1e3_p_only_p2,outputs/backfill_branch_grid_C_20260522_1927_ea_eps1e3_p_only_p2/fixed_crop_ea_whitening_eps1e3_fbstcnet_p_only,p2_pseudo_public_holdout,fixed_crop_ea_whitening_eps1e3_fbstcnet_p_only,complete,8,7,0,outputs/backfill_branch_grid_C_20260522_1927_ea_eps1e3_p_only_p2/fixed_crop_ea_whitening_eps1e3_fbstcnet_p_only/protocol2_board.csv,outputs/backfill_branch_grid_C_20260522_1927_ea_eps1e3_p_only_p2/fixed_crop_ea_whitening_eps1e3_fbstcnet_p_only/protocol2_audit.json,outputs/backfill_branch_grid_C_20260522_1927_ea_eps1e3_p_only_p2/fixed_crop_ea_whitening_eps1e3_fbstcnet_p_only/protocol2_jobs.csv,7,0.6101190476190476,0.17455807498351403,0.1875,0.7291666666666666
C,remote_protocol_scores_C.tgz,18dd01bbe5419107626747efd6ca05564ef48be5441007948df37ab433868b59,2026-05-23T23:51:21+0800,backfill_branch_grid_C_20260522_1929_ea_eps1e3_p_only_p1_seed42,outputs/backfill_branch_grid_C_20260522_1929_ea_eps1e3_p_only_p1_seed42/fixed_crop_ea_whitening_eps1e3_fbstcnet_p_only,p1_repeated_group_kfold,fixed_crop_ea_whitening_eps1e3_fbstcnet_p_only,complete,5,5,0,outputs/backfill_branch_grid_C_20260522_1929_ea_eps1e3_p_only_p1_seed42/fixed_crop_ea_whitening_eps1e3_fbstcnet_p_only/protocol1_board.csv,outputs/backfill_branch_grid_C_20260522_1929_ea_eps1e3_p_only_p1_seed42/fixed_crop_ea_whitening_eps1e3_fbstcnet_p_only/protocol1_audit.json,outputs/backfill_branch_grid_C_20260522_1929_ea_eps1e3_p_only_p1_seed42/fixed_crop_ea_whitening_eps1e3_fbstcnet_p_only/protocol1_jobs.csv,5,0.6839708266666668,0.029924345935400335,0.6325997333333334,0.7199080000000001
C,remote_protocol_scores_C.tgz,18dd01bbe5419107626747efd6ca05564ef48be5441007948df37ab433868b59,2026-05-23T23:51:21+0800,backfill_branch_grid_C_20260522_1930_ea_eps1e3_m_power_p1_seed123,outputs/backfill_branch_grid_C_20260522_1930_ea_eps1e3_m_power_p1_seed123/fixed_crop_ea_whitening_eps1e3_fbstcnet_m_power_light,p1_repeated_group_kfold,fixed_crop_ea_whitening_eps1e3_fbstcnet_m_power_light,complete,5,5,0,outputs/backfill_branch_grid_C_20260522_1930_ea_eps1e3_m_power_p1_seed123/fixed_crop_ea_whitening_eps1e3_fbstcnet_m_power_light/protocol1_board.csv,outputs/backfill_branch_grid_C_20260522_1930_ea_eps1e3_m_power_p1_seed123/fixed_crop_ea_whitening_eps1e3_fbstcnet_m_power_light/protocol1_audit.json,outputs/backfill_branch_grid_C_20260522_1930_ea_eps1e3_m_power_p1_seed123/fixed_crop_ea_whitening_eps1e3_fbstcnet_m_power_light/protocol1_jobs.csv,5,0.7059563200000001,0.0382186423892006,0.662828,0.774104
C,remote_protocol_scores_C.tgz,18dd01bbe5419107626747efd6ca05564ef48be5441007948df37ab433868b59,2026-05-23T23:51:21+0800,backfill_branch_grid_C_20260522_1937_ea_eps3e4_c_only_p1_seed42,outputs/backfill_branch_grid_C_20260522_1937_ea_eps3e4_c_only_p1_seed42/fixed_crop_ea_whitening_eps3e4_fbstcnet_c_only,p1_repeated_group_kfold,fixed_crop_ea_whitening_eps3e4_fbstcnet_c_only,complete,5,5,0,outputs/backfill_branch_grid_C_20260522_1937_ea_eps3e4_c_only_p1_seed42/fixed_crop_ea_whitening_eps3e4_fbstcnet_c_only/protocol1_board.csv,outputs/backfill_branch_grid_C_20260522_1937_ea_eps3e4_c_only_p1_seed42/fixed_crop_ea_whitening_eps3e4_fbstcnet_c_only/protocol1_audit.json,outputs/backfill_branch_grid_C_20260522_1937_ea_eps3e4_c_only_p1_seed42/fixed_crop_ea_whitening_eps3e4_fbstcnet_c_only/protocol1_jobs.csv,5,0.6856640533333334,0.026714959901179,0.66066,0.7225693333333334
C,remote_protocol_scores_C.tgz,18dd01bbe5419107626747efd6ca05564ef48be5441007948df37ab433868b59,2026-05-23T23:51:21+0800,backfill_branch_grid_C_20260522_2005_ea_eps1e3_p_only_p1_seed1024,outputs/backfill_branch_grid_C_20260522_2005_ea_eps1e3_p_only_p1_seed1024/fixed_crop_ea_whitening_eps1e3_fbstcnet_p_only,p1_repeated_group_kfold,fixed_crop_ea_whitening_eps1e3_fbstcnet_p_only,complete,5,5,0,outputs/backfill_branch_grid_C_20260522_2005_ea_eps1e3_p_only_p1_seed1024/fixed_crop_ea_whitening_eps1e3_fbstcnet_p_only/protocol1_board.csv,outputs/backfill_branch_grid_C_20260522_2005_ea_eps1e3_p_only_p1_seed1024/fixed_crop_ea_whitening_eps1e3_fbstcnet_p_only/protocol1_audit.json,outputs/backfill_branch_grid_C_20260522_2005_ea_eps1e3_p_only_p1_seed1024/fixed_crop_ea_whitening_eps1e3_fbstcnet_p_only/protocol1_jobs.csv,5,0.6810759466666667,0.04417013628672956,0.6074725333333334,0.7387882666666666
C,remote_protocol_scores_C.tgz,18dd01bbe5419107626747efd6ca05564ef48be5441007948df37ab433868b59,2026-05-23T23:51:21+0800,backfill_branch_grid_C_20260522_2005_ea_eps3e4_c_only_p1_seed789,outputs/backfill_branch_grid_C_20260522_2005_ea_eps3e4_c_only_p1_seed789/fixed_crop_ea_whitening_eps3e4_fbstcnet_c_only,p1_repeated_group_kfold,fixed_crop_ea_whitening_eps3e4_fbstcnet_c_only,complete,5,5,0,outputs/backfill_branch_grid_C_20260522_2005_ea_eps3e4_c_only_p1_seed789/fixed_crop_ea_whitening_eps3e4_fbstcnet_c_only/protocol1_board.csv,outputs/backfill_branch_grid_C_20260522_2005_ea_eps3e4_c_only_p1_seed789/fixed_crop_ea_whitening_eps3e4_fbstcnet_c_only/protocol1_audit.json,outputs/backfill_branch_grid_C_20260522_2005_ea_eps3e4_c_only_p1_seed789/fixed_crop_ea_whitening_eps3e4_fbstcnet_c_only/protocol1_jobs.csv,5,0.7008915200000001,0.03439895636304228,0.6427333333333334,0.7448866666666666
C,remote_protocol_scores_C.tgz,18dd01bbe5419107626747efd6ca05564ef48be5441007948df37ab433868b59,2026-05-23T23:51:21+0800,backfill_capacity_C_20260522_152852_fixed_crop_ea_deformer_depth3_emb64_p3,outputs/backfill_capacity_C_20260522_152852_fixed_crop_ea_deformer_depth3_emb64_p3/fixed_crop_ea_deformer_depth3_emb64,p3_nested_selection,fixed_crop_ea_deformer_depth3_emb64,complete,20,5,0,outputs/backfill_capacity_C_20260522_152852_fixed_crop_ea_deformer_depth3_emb64_p3/fixed_crop_ea_deformer_depth3_emb64/protocol3_board.csv,outputs/backfill_capacity_C_20260522_152852_fixed_crop_ea_deformer_depth3_emb64_p3/fixed_crop_ea_deformer_depth3_emb64/protocol3_audit.json,outputs/backfill_capacity_C_20260522_152852_fixed_crop_ea_deformer_depth3_emb64_p3/fixed_crop_ea_deformer_depth3_emb64/protocol3_jobs.csv,5,0.6772304533333334,0.03524459379936857,0.6206522666666666,0.7211181333333333
C,remote_protocol_scores_C.tgz,18dd01bbe5419107626747efd6ca05564ef48be5441007948df37ab433868b59,2026-05-23T23:51:21+0800,backfill_component_C_20260522_171650_sliding_window_conformer_lite_p3,outputs/backfill_component_C_20260522_171650_sliding_window_conformer_lite_p3/sliding_window_conformer_lite,p3_nested_selection,sliding_window_conformer_lite,complete,20,5,0,outputs/backfill_component_C_20260522_171650_sliding_window_conformer_lite_p3/sliding_window_conformer_lite/protocol3_board.csv,outputs/backfill_component_C_20260522_171650_sliding_window_conformer_lite_p3/sliding_window_conformer_lite/protocol3_audit.json,outputs/backfill_component_C_20260522_171650_sliding_window_conformer_lite_p3/sliding_window_conformer_lite/protocol3_jobs.csv,5,0.6382952000000001,0.046459983753572534,0.5942933333333335,0.7264146666666668
C,remote_protocol_scores_C.tgz,18dd01bbe5419107626747efd6ca05564ef48be5441007948df37ab433868b59,2026-05-23T23:51:21+0800,backfill_diag_C_20260522_160640_srf_fbstcnet_gate_p2,outputs/backfill_diag_C_20260522_160640_srf_fbstcnet_gate_p2/sliding_window_srf_fbstcnet_gate_whitening_eps3e4_w6_s1,p2_pseudo_public_holdout,sliding_window_srf_fbstcnet_gate_whitening_eps3e4_w6_s1,complete,8,7,0,outputs/backfill_diag_C_20260522_160640_srf_fbstcnet_gate_p2/sliding_window_srf_fbstcnet_gate_whitening_eps3e4_w6_s1/protocol2_board.csv,outputs/backfill_diag_C_20260522_160640_srf_fbstcnet_gate_p2/sliding_window_srf_fbstcnet_gate_whitening_eps3e4_w6_s1/protocol2_audit.json,outputs/backfill_diag_C_20260522_160640_srf_fbstcnet_gate_p2/sliding_window_srf_fbstcnet_gate_whitening_eps3e4_w6_s1/protocol2_jobs.csv,7,0.6517857142857142,0.08459922859257081,0.4583333333333333,0.7291666666666666
C,remote_protocol_scores_C.tgz,18dd01bbe5419107626747efd6ca05564ef48be5441007948df37ab433868b59,2026-05-23T23:51:21+0800,backfill_diag_C_20260522_160640_tuned_sliding_fbstcnet_zscore_only_p2,outputs/backfill_diag_C_20260522_160640_tuned_sliding_fbstcnet_zscore_only_p2/tuned_sliding_window_fbstcnet_zscore_only,p2_pseudo_public_holdout,tuned_sliding_window_fbstcnet_zscore_only,complete,8,7,0,outputs/backfill_diag_C_20260522_160640_tuned_sliding_fbstcnet_zscore_only_p2/tuned_sliding_window_fbstcnet_zscore_only/protocol2_board.csv,outputs/backfill_diag_C_20260522_160640_tuned_sliding_fbstcnet_zscore_only_p2/tuned_sliding_window_fbstcnet_zscore_only/protocol2_audit.json,outputs/backfill_diag_C_20260522_160640_tuned_sliding_fbstcnet_zscore_only_p2/tuned_sliding_window_fbstcnet_zscore_only/protocol2_jobs.csv,7,0.6488095238095238,0.057248166850212334,0.5208333333333334,0.7083333333333334
C,remote_protocol_scores_C.tgz,18dd01bbe5419107626747efd6ca05564ef48be5441007948df37ab433868b59,2026-05-23T23:51:21+0800,backfill_diverse_C_20260522_2042_fixed_crop_ea_deformer_depth1_emb64_p1_seed42,outputs/backfill_diverse_C_20260522_2042_fixed_crop_ea_deformer_depth1_emb64_p1_seed42/fixed_crop_ea_deformer_depth1_emb64,p1_repeated_group_kfold,fixed_crop_ea_deformer_depth1_emb64,complete,5,5,0,outputs/backfill_diverse_C_20260522_2042_fixed_crop_ea_deformer_depth1_emb64_p1_seed42/fixed_crop_ea_deformer_depth1_emb64/protocol1_board.csv,outputs/backfill_diverse_C_20260522_2042_fixed_crop_ea_deformer_depth1_emb64_p1_seed42/fixed_crop_ea_deformer_depth1_emb64/protocol1_audit.json,outputs/backfill_diverse_C_20260522_2042_fixed_crop_ea_deformer_depth1_emb64_p1_seed42/fixed_crop_ea_deformer_depth1_emb64/protocol1_jobs.csv,5,0.6754882133333334,0.031610145325389846,0.6157618666666668,0.7078890666666667
C,remote_protocol_scores_C.tgz,18dd01bbe5419107626747efd6ca05564ef48be5441007948df37ab433868b59,2026-05-23T23:51:21+0800,backfill_diverse_C_20260522_2042_fixed_crop_ea_lggnet_p1_seed123,outputs/backfill_diverse_C_20260522_2042_fixed_crop_ea_lggnet_p1_seed123/fixed_crop_ea_lggnet,p1_repeated_group_kfold,fixed_crop_ea_lggnet,complete,5,5,0,outputs/backfill_diverse_C_20260522_2042_fixed_crop_ea_lggnet_p1_seed123/fixed_crop_ea_lggnet/protocol1_board.csv,outputs/backfill_diverse_C_20260522_2042_fixed_crop_ea_lggnet_p1_seed123/fixed_crop_ea_lggnet/protocol1_audit.json,outputs/backfill_diverse_C_20260522_2042_fixed_crop_ea_lggnet_p1_seed123/fixed_crop_ea_lggnet/protocol1_jobs.csv,5,0.6446012266666666,0.02876139371166688,0.6127877333333333,0.6920338666666667
C,remote_protocol_scores_C.tgz,18dd01bbe5419107626747efd6ca05564ef48be5441007948df37ab433868b59,2026-05-23T23:51:21+0800,backfill_ea_ablation_C_20260522_1907_noea_eps3e4_mconn_p1_seed1024,outputs/backfill_ea_ablation_C_20260522_1907_noea_eps3e4_mconn_p1_seed1024/fixed_crop_whitening_eps3e4_fbstcnet_m_conn_light,p1_repeated_group_kfold,fixed_crop_whitening_eps3e4_fbstcnet_m_conn_light,complete,5,5,0,outputs/backfill_ea_ablation_C_20260522_1907_noea_eps3e4_mconn_p1_seed1024/fixed_crop_whitening_eps3e4_fbstcnet_m_conn_light/protocol1_board.csv,outputs/backfill_ea_ablation_C_20260522_1907_noea_eps3e4_mconn_p1_seed1024/fixed_crop_whitening_eps3e4_fbstcnet_m_conn_light/protocol1_audit.json,outputs/backfill_ea_ablation_C_20260522_1907_noea_eps3e4_mconn_p1_seed1024/fixed_crop_whitening_eps3e4_fbstcnet_m_conn_light/protocol1_jobs.csv,5,0.7172114666666667,0.03416475775225438,0.6739392,0.7695018666666668
C,remote_protocol_scores_C.tgz,18dd01bbe5419107626747efd6ca05564ef48be5441007948df37ab433868b59,2026-05-23T23:51:21+0800,backfill_ea_ablation_C_20260522_1908_ea_eps3e4_mconn_p2,outputs/backfill_ea_ablation_C_20260522_1908_ea_eps3e4_mconn_p2/fixed_crop_ea_whitening_eps3e4_fbstcnet_m_conn_light,p2_pseudo_public_holdout,fixed_crop_ea_whitening_eps3e4_fbstcnet_m_conn_light,complete,8,7,0,outputs/backfill_ea_ablation_C_20260522_1908_ea_eps3e4_mconn_p2/fixed_crop_ea_whitening_eps3e4_fbstcnet_m_conn_light/protocol2_board.csv,outputs/backfill_ea_ablation_C_20260522_1908_ea_eps3e4_mconn_p2/fixed_crop_ea_whitening_eps3e4_fbstcnet_m_conn_light/protocol2_audit.json,outputs/backfill_ea_ablation_C_20260522_1908_ea_eps3e4_mconn_p2/fixed_crop_ea_whitening_eps3e4_fbstcnet_m_conn_light/protocol2_jobs.csv,7,0.6517857142857143,0.14886903571904522,0.2916666666666667,0.75
C,remote_protocol_scores_C.tgz,18dd01bbe5419107626747efd6ca05564ef48be5441007948df37ab433868b59,2026-05-23T23:51:21+0800,backfill_ea_ablation_C_20260522_1909_ea_eps1e3_mconn_p2,outputs/backfill_ea_ablation_C_20260522_1909_ea_eps1e3_mconn_p2/fixed_crop_ea_whitening_eps1e3_fbstcnet_m_conn_light,p2_pseudo_public_holdout,fixed_crop_ea_whitening_eps1e3_fbstcnet_m_conn_light,complete,8,7,0,outputs/backfill_ea_ablation_C_20260522_1909_ea_eps1e3_mconn_p2/fixed_crop_ea_whitening_eps1e3_fbstcnet_m_conn_light/protocol2_board.csv,outputs/backfill_ea_ablation_C_20260522_1909_ea_eps1e3_mconn_p2/fixed_crop_ea_whitening_eps1e3_fbstcnet_m_conn_light/protocol2_audit.json,outputs/backfill_ea_ablation_C_20260522_1909_ea_eps1e3_mconn_p2/fixed_crop_ea_whitening_eps1e3_fbstcnet_m_conn_light/protocol2_jobs.csv,7,0.6577380952380952,0.15222276014933836,0.2916666666666667,0.75
C,remote_protocol_scores_C.tgz,18dd01bbe5419107626747efd6ca05564ef48be5441007948df37ab433868b59,2026-05-23T23:51:21+0800,backfill_ea_ablation_C_20260522_1919_ea_eps1e3_mconn_p1_seeds123_456,outputs/backfill_ea_ablation_C_20260522_1919_ea_eps1e3_mconn_p1_seeds123_456/fixed_crop_ea_whitening_eps1e3_fbstcnet_m_conn_light,p1_repeated_group_kfold,fixed_crop_ea_whitening_eps1e3_fbstcnet_m_conn_light,complete,10,10,0,outputs/backfill_ea_ablation_C_20260522_1919_ea_eps1e3_mconn_p1_seeds123_456/fixed_crop_ea_whitening_eps1e3_fbstcnet_m_conn_light/protocol1_board.csv,outputs/backfill_ea_ablation_C_20260522_1919_ea_eps1e3_mconn_p1_seeds123_456/fixed_crop_ea_whitening_eps1e3_fbstcnet_m_conn_light/protocol1_audit.json,outputs/backfill_ea_ablation_C_20260522_1919_ea_eps1e3_mconn_p1_seeds123_456/fixed_crop_ea_whitening_eps1e3_fbstcnet_m_conn_light/protocol1_jobs.csv,10,0.7024559733333333,0.051135015270514325,0.6144101333333334,0.7914293333333333
C,remote_protocol_scores_C.tgz,18dd01bbe5419107626747efd6ca05564ef48be5441007948df37ab433868b59,2026-05-23T23:51:21+0800,backfill_ea_ablation_C_20260522_1939_noea_eps1e3_base_p1_seed42,outputs/backfill_ea_ablation_C_20260522_1939_noea_eps1e3_base_p1_seed42/fixed_crop_whitening_eps1e3_fbstcnet,p1_repeated_group_kfold,fixed_crop_whitening_eps1e3_fbstcnet,complete,5,5,0,outputs/backfill_ea_ablation_C_20260522_1939_noea_eps1e3_base_p1_seed42/fixed_crop_whitening_eps1e3_fbstcnet/protocol1_board.csv,outputs/backfill_ea_ablation_C_20260522_1939_noea_eps1e3_base_p1_seed42/fixed_crop_whitening_eps1e3_fbstcnet/protocol1_audit.json,outputs/backfill_ea_ablation_C_20260522_1939_noea_eps1e3_base_p1_seed42/fixed_crop_whitening_eps1e3_fbstcnet/protocol1_jobs.csv,5,0.7108242133333333,0.03752446665339887,0.6501933333333333,0.7634013333333333
C,remote_protocol_scores_C.tgz,18dd01bbe5419107626747efd6ca05564ef48be5441007948df37ab433868b59,2026-05-23T23:51:21+0800,backfill_ea_ablation_C_20260522_1945_noea_eps3e4_base_p1_seed456,outputs/backfill_ea_ablation_C_20260522_1945_noea_eps3e4_base_p1_seed456/fixed_crop_whitening_eps3e4_fbstcnet,p1_repeated_group_kfold,fixed_crop_whitening_eps3e4_fbstcnet,complete,5,5,0,outputs/backfill_ea_ablation_C_20260522_1945_noea_eps3e4_base_p1_seed456/fixed_crop_whitening_eps3e4_fbstcnet/protocol1_board.csv,outputs/backfill_ea_ablation_C_20260522_1945_noea_eps3e4_base_p1_seed456/fixed_crop_whitening_eps3e4_fbstcnet/protocol1_audit.json,outputs/backfill_ea_ablation_C_20260522_1945_noea_eps3e4_base_p1_seed456/fixed_crop_whitening_eps3e4_fbstcnet/protocol1_jobs.csv,5,0.7044887999999999,0.05919211011712061,0.6133370666666667,0.7962359999999999
C,remote_protocol_scores_C.tgz,18dd01bbe5419107626747efd6ca05564ef48be5441007948df37ab433868b59,2026-05-23T23:51:21+0800,backfill_ea_ablation_C_20260522_1956_ea_eps3e4_mconn_p1_seed456,outputs/backfill_ea_ablation_C_20260522_1956_ea_eps3e4_mconn_p1_seed456/fixed_crop_ea_whitening_eps3e4_fbstcnet_m_conn_light,p1_repeated_group_kfold,fixed_crop_ea_whitening_eps3e4_fbstcnet_m_conn_light,complete,5,5,0,outputs/backfill_ea_ablation_C_20260522_1956_ea_eps3e4_mconn_p1_seed456/fixed_crop_ea_whitening_eps3e4_fbstcnet_m_conn_light/protocol1_board.csv,outputs/backfill_ea_ablation_C_20260522_1956_ea_eps3e4_mconn_p1_seed456/fixed_crop_ea_whitening_eps3e4_fbstcnet_m_conn_light/protocol1_audit.json,outputs/backfill_ea_ablation_C_20260522_1956_ea_eps3e4_mconn_p1_seed456/fixed_crop_ea_whitening_eps3e4_fbstcnet_m_conn_light/protocol1_jobs.csv,5,0.69974096,0.0594606195152179,0.614588,0.7905904
C,remote_protocol_scores_C.tgz,18dd01bbe5419107626747efd6ca05564ef48be5441007948df37ab433868b59,2026-05-23T23:51:21+0800,backfill_ea_ablation_C_20260522_2013_ea_eps3e4_base_p3,outputs/backfill_ea_ablation_C_20260522_2013_ea_eps3e4_base_p3/fixed_crop_ea_whitening_eps3e4_fbstcnet,p3_nested_selection,fixed_crop_ea_whitening_eps3e4_fbstcnet,complete,20,5,0,outputs/backfill_ea_ablation_C_20260522_2013_ea_eps3e4_base_p3/fixed_crop_ea_whitening_eps3e4_fbstcnet/protocol3_board.csv,outputs/backfill_ea_ablation_C_20260522_2013_ea_eps3e4_base_p3/fixed_crop_ea_whitening_eps3e4_fbstcnet/protocol3_audit.json,outputs/backfill_ea_ablation_C_20260522_2013_ea_eps3e4_base_p3/fixed_crop_ea_whitening_eps3e4_fbstcnet/protocol3_jobs.csv,5,0.7084661866666667,0.02367586844702246,0.683704,0.7488640000000001
C,remote_protocol_scores_C.tgz,18dd01bbe5419107626747efd6ca05564ef48be5441007948df37ab433868b59,2026-05-23T23:51:21+0800,backfill_ea_ablation_C_20260522_2013_noea_eps3e4_base_p3,outputs/backfill_ea_ablation_C_20260522_2013_noea_eps3e4_base_p3/fixed_crop_whitening_eps3e4_fbstcnet,p3_nested_selection,fixed_crop_whitening_eps3e4_fbstcnet,complete,20,5,0,outputs/backfill_ea_ablation_C_20260522_2013_noea_eps3e4_base_p3/fixed_crop_whitening_eps3e4_fbstcnet/protocol3_board.csv,outputs/backfill_ea_ablation_C_20260522_2013_noea_eps3e4_base_p3/fixed_crop_whitening_eps3e4_fbstcnet/protocol3_audit.json,outputs/backfill_ea_ablation_C_20260522_2013_noea_eps3e4_base_p3/fixed_crop_whitening_eps3e4_fbstcnet/protocol3_jobs.csv,5,0.7121024533333333,0.033147050032602106,0.6709709333333332,0.7713106666666668
C,remote_protocol_scores_C.tgz,18dd01bbe5419107626747efd6ca05564ef48be5441007948df37ab433868b59,2026-05-23T23:51:21+0800,backfill_ea_ablation_C_20260522_2027_noea_eps1e3_mconn_p1_seed1024,outputs/backfill_ea_ablation_C_20260522_2027_noea_eps1e3_mconn_p1_seed1024/fixed_crop_whitening_eps1e3_fbstcnet_m_conn_light,p1_repeated_group_kfold,fixed_crop_whitening_eps1e3_fbstcnet_m_conn_light,complete,5,5,0,outputs/backfill_ea_ablation_C_20260522_2027_noea_eps1e3_mconn_p1_seed1024/fixed_crop_whitening_eps1e3_fbstcnet_m_conn_light/protocol1_board.csv,outputs/backfill_ea_ablation_C_20260522_2027_noea_eps1e3_mconn_p1_seed1024/fixed_crop_whitening_eps1e3_fbstcnet_m_conn_light/protocol1_audit.json,outputs/backfill_ea_ablation_C_20260522_2027_noea_eps1e3_mconn_p1_seed1024/fixed_crop_whitening_eps1e3_fbstcnet_m_conn_light/protocol1_jobs.csv,5,0.71683104,0.03396853475293732,0.6729885333333333,0.7687410666666666
C,remote_protocol_scores_C.tgz,18dd01bbe5419107626747efd6ca05564ef48be5441007948df37ab433868b59,2026-05-23T23:51:21+0800,backfill_graph_C_20260522_1905_sliding_ea_dgcnn_dann_p3,outputs/backfill_graph_C_20260522_1905_sliding_ea_dgcnn_dann_p3/sliding_ea_dgcnn_dann_cohort_w6_s1,p3_nested_selection,sliding_ea_dgcnn_dann_cohort_w6_s1,complete,20,5,0,outputs/backfill_graph_C_20260522_1905_sliding_ea_dgcnn_dann_p3/sliding_ea_dgcnn_dann_cohort_w6_s1/protocol3_board.csv,outputs/backfill_graph_C_20260522_1905_sliding_ea_dgcnn_dann_p3/sliding_ea_dgcnn_dann_cohort_w6_s1/protocol3_audit.json,outputs/backfill_graph_C_20260522_1905_sliding_ea_dgcnn_dann_p3/sliding_ea_dgcnn_dann_cohort_w6_s1/protocol3_jobs.csv,5,0.6474410666666667,0.025347236429156407,0.6141893333333334,0.6887533333333332
C,remote_protocol_scores_C.tgz,18dd01bbe5419107626747efd6ca05564ef48be5441007948df37ab433868b59,2026-05-23T23:51:21+0800,backfill_graph_C_20260522_1905_sliding_ea_dgcnn_p3,outputs/backfill_graph_C_20260522_1905_sliding_ea_dgcnn_p3/sliding_ea_dgcnn_w6_s1,p3_nested_selection,sliding_ea_dgcnn_w6_s1,complete,20,5,0,outputs/backfill_graph_C_20260522_1905_sliding_ea_dgcnn_p3/sliding_ea_dgcnn_w6_s1/protocol3_board.csv,outputs/backfill_graph_C_20260522_1905_sliding_ea_dgcnn_p3/sliding_ea_dgcnn_w6_s1/protocol3_audit.json,outputs/backfill_graph_C_20260522_1905_sliding_ea_dgcnn_p3/sliding_ea_dgcnn_w6_s1/protocol3_jobs.csv,5,0.6282152,0.019855123350689882,0.6100293333333333,0.6644333333333333
C,remote_protocol_scores_C.tgz,18dd01bbe5419107626747efd6ca05564ef48be5441007948df37ab433868b59,2026-05-23T23:51:21+0800,backfill_long_C_20260522_213117_fixed_crop_ea_fbcnet_train_aug_p3,outputs/backfill_long_C_20260522_213117_fixed_crop_ea_fbcnet_train_aug_p3/fixed_crop_ea_fbcnet_train_aug,p3_nested_selection,fixed_crop_ea_fbcnet_train_aug,complete,20,5,0,outputs/backfill_long_C_20260522_213117_fixed_crop_ea_fbcnet_train_aug_p3/fixed_crop_ea_fbcnet_train_aug/protocol3_board.csv,outputs/backfill_long_C_20260522_213117_fixed_crop_ea_fbcnet_train_aug_p3/fixed_crop_ea_fbcnet_train_aug/protocol3_audit.json,outputs/backfill_long_C_20260522_213117_fixed_crop_ea_fbcnet_train_aug_p3/fixed_crop_ea_fbcnet_train_aug/protocol3_jobs.csv,5,0.64102704,0.02779428147616305,0.6114816,0.6814962666666667
C,remote_protocol_scores_C.tgz,18dd01bbe5419107626747efd6ca05564ef48be5441007948df37ab433868b59,2026-05-23T23:51:21+0800,backfill_long_C_20260522_213338_fixed_crop_ea_lggnet_p3,outputs/backfill_long_C_20260522_213338_fixed_crop_ea_lggnet_p3/fixed_crop_ea_lggnet,p3_nested_selection,fixed_crop_ea_lggnet,complete,20,5,0,outputs/backfill_long_C_20260522_213338_fixed_crop_ea_lggnet_p3/fixed_crop_ea_lggnet/protocol3_board.csv,outputs/backfill_long_C_20260522_213338_fixed_crop_ea_lggnet_p3/fixed_crop_ea_lggnet/protocol3_audit.json,outputs/backfill_long_C_20260522_213338_fixed_crop_ea_lggnet_p3/fixed_crop_ea_lggnet/protocol3_jobs.csv,5,0.6550615466666667,0.022130295140810458,0.6275490666666667,0.6822754666666667
C,remote_protocol_scores_C.tgz,18dd01bbe5419107626747efd6ca05564ef48be5441007948df37ab433868b59,2026-05-23T23:51:21+0800,backfill_long_C_20260522_213338_sliding_ea_dgcnn_w6_s1_p3,outputs/backfill_long_C_20260522_213338_sliding_ea_dgcnn_w6_s1_p3/sliding_ea_dgcnn_w6_s1,p3_nested_selection,sliding_ea_dgcnn_w6_s1,complete,20,5,0,outputs/backfill_long_C_20260522_213338_sliding_ea_dgcnn_w6_s1_p3/sliding_ea_dgcnn_w6_s1/protocol3_board.csv,outputs/backfill_long_C_20260522_213338_sliding_ea_dgcnn_w6_s1_p3/sliding_ea_dgcnn_w6_s1/protocol3_audit.json,outputs/backfill_long_C_20260522_213338_sliding_ea_dgcnn_w6_s1_p3/sliding_ea_dgcnn_w6_s1/protocol3_jobs.csv,5,0.6282152,0.019855123350689882,0.6100293333333333,0.6644333333333333
C,remote_protocol_scores_C.tgz,18dd01bbe5419107626747efd6ca05564ef48be5441007948df37ab433868b59,2026-05-23T23:51:21+0800,backfill_long_C_20260522_213713_fixed_crop_ea_deformer_depth1_emb64_p3,outputs/backfill_long_C_20260522_213713_fixed_crop_ea_deformer_depth1_emb64_p3/fixed_crop_ea_deformer_depth1_emb64,p3_nested_selection,fixed_crop_ea_deformer_depth1_emb64,complete,20,5,0,outputs/backfill_long_C_20260522_213713_fixed_crop_ea_deformer_depth1_emb64_p3/fixed_crop_ea_deformer_depth1_emb64/protocol3_board.csv,outputs/backfill_long_C_20260522_213713_fixed_crop_ea_deformer_depth1_emb64_p3/fixed_crop_ea_deformer_depth1_emb64/protocol3_audit.json,outputs/backfill_long_C_20260522_213713_fixed_crop_ea_deformer_depth1_emb64_p3/fixed_crop_ea_deformer_depth1_emb64/protocol3_jobs.csv,5,0.6878409066666668,0.03641664822723195,0.620908,0.7294416
C,remote_protocol_scores_C.tgz,18dd01bbe5419107626747efd6ca05564ef48be5441007948df37ab433868b59,2026-05-23T23:51:21+0800,backfill_long_C_20260522_214012_fixed_crop_ea_tsception_train_aug_p3,outputs/backfill_long_C_20260522_214012_fixed_crop_ea_tsception_train_aug_p3/fixed_crop_ea_tsception_train_aug,p3_nested_selection,fixed_crop_ea_tsception_train_aug,complete,20,5,0,outputs/backfill_long_C_20260522_214012_fixed_crop_ea_tsception_train_aug_p3/fixed_crop_ea_tsception_train_aug/protocol3_board.csv,outputs/backfill_long_C_20260522_214012_fixed_crop_ea_tsception_train_aug_p3/fixed_crop_ea_tsception_train_aug/protocol3_audit.json,outputs/backfill_long_C_20260522_214012_fixed_crop_ea_tsception_train_aug_p3/fixed_crop_ea_tsception_train_aug/protocol3_jobs.csv,5,0.6558165333333335,0.04566932597703238,0.5780306666666667,0.7031842666666668
C,remote_protocol_scores_C.tgz,18dd01bbe5419107626747efd6ca05564ef48be5441007948df37ab433868b59,2026-05-23T23:51:21+0800,backfill_long_C_20260522_214407_fixed_crop_ea_shallow_conv_net_p3,outputs/backfill_long_C_20260522_214407_fixed_crop_ea_shallow_conv_net_p3/fixed_crop_ea_shallow_conv_net,p3_nested_selection,fixed_crop_ea_shallow_conv_net,complete,20,5,0,outputs/backfill_long_C_20260522_214407_fixed_crop_ea_shallow_conv_net_p3/fixed_crop_ea_shallow_conv_net/protocol3_board.csv,outputs/backfill_long_C_20260522_214407_fixed_crop_ea_shallow_conv_net_p3/fixed_crop_ea_shallow_conv_net/protocol3_audit.json,outputs/backfill_long_C_20260522_214407_fixed_crop_ea_shallow_conv_net_p3/fixed_crop_ea_shallow_conv_net/protocol3_jobs.csv,5,0.6123097599999999,0.030403311452204235,0.5808458666666667,0.6528610666666667
C,remote_protocol_scores_C.tgz,18dd01bbe5419107626747efd6ca05564ef48be5441007948df37ab433868b59,2026-05-23T23:51:21+0800,backfill_pr35_C_20260522_155835_sliding_srfnet_whitening_eps3e4_p1_seed42,outputs/backfill_pr35_C_20260522_155835_sliding_srfnet_whitening_eps3e4_p1_seed42/sliding_window_srfnet_whitening_eps3e4,p1_repeated_group_kfold,sliding_window_srfnet_whitening_eps3e4,complete,5,5,0,outputs/backfill_pr35_C_20260522_155835_sliding_srfnet_whitening_eps3e4_p1_seed42/sliding_window_srfnet_whitening_eps3e4/protocol1_board.csv,outputs/backfill_pr35_C_20260522_155835_sliding_srfnet_whitening_eps3e4_p1_seed42/sliding_window_srfnet_whitening_eps3e4/protocol1_audit.json,outputs/backfill_pr35_C_20260522_155835_sliding_srfnet_whitening_eps3e4_p1_seed42/sliding_window_srfnet_whitening_eps3e4/protocol1_jobs.csv,5,0.6328096533333334,0.048912685506598184,0.5589762666666667,0.6836760000000001
C,remote_protocol_scores_C.tgz,18dd01bbe5419107626747efd6ca05564ef48be5441007948df37ab433868b59,2026-05-23T23:51:21+0800,backfill_pr35_C_20260522_160955_sliding_srfnet_whitening_eps3e4_p3,outputs/backfill_pr35_C_20260522_160955_sliding_srfnet_whitening_eps3e4_p3/sliding_window_srfnet_whitening_eps3e4,p3_nested_selection,sliding_window_srfnet_whitening_eps3e4,complete,20,5,0,outputs/backfill_pr35_C_20260522_160955_sliding_srfnet_whitening_eps3e4_p3/sliding_window_srfnet_whitening_eps3e4/protocol3_board.csv,outputs/backfill_pr35_C_20260522_160955_sliding_srfnet_whitening_eps3e4_p3/sliding_window_srfnet_whitening_eps3e4/protocol3_audit.json,outputs/backfill_pr35_C_20260522_160955_sliding_srfnet_whitening_eps3e4_p3/sliding_window_srfnet_whitening_eps3e4/protocol3_jobs.csv,5,0.6294402133333333,0.03587475468515182,0.5737437333333334,0.672012
C,remote_protocol_scores_C.tgz,18dd01bbe5419107626747efd6ca05564ef48be5441007948df37ab433868b59,2026-05-23T23:51:21+0800,backfill_pr35_C_20260522_1900_sliding_srfnet_whitening_eps3e4_p1_seed1024,outputs/backfill_pr35_C_20260522_1900_sliding_srfnet_whitening_eps3e4_p1_seed1024/sliding_window_srfnet_whitening_eps3e4,p1_repeated_group_kfold,sliding_window_srfnet_whitening_eps3e4,complete,5,5,0,outputs/backfill_pr35_C_20260522_1900_sliding_srfnet_whitening_eps3e4_p1_seed1024/sliding_window_srfnet_whitening_eps3e4/protocol1_board.csv,outputs/backfill_pr35_C_20260522_1900_sliding_srfnet_whitening_eps3e4_p1_seed1024/sliding_window_srfnet_whitening_eps3e4/protocol1_audit.json,outputs/backfill_pr35_C_20260522_1900_sliding_srfnet_whitening_eps3e4_p1_seed1024/sliding_window_srfnet_whitening_eps3e4/protocol1_jobs.csv,5,0.5599890133333333,0.0432513934089918,0.4996247999999999,0.6064767999999999
C,remote_protocol_scores_C.tgz,18dd01bbe5419107626747efd6ca05564ef48be5441007948df37ab433868b59,2026-05-23T23:51:21+0800,backfill_pr35_C_20260522_205439_sliding_srf_fbstcnet_gate_w6_s1_p1_seed42,outputs/backfill_pr35_C_20260522_205439_sliding_srf_fbstcnet_gate_w6_s1_p1_seed42/sliding_window_srf_fbstcnet_gate_whitening_eps3e4_w6_s1,p1_repeated_group_kfold,sliding_window_srf_fbstcnet_gate_whitening_eps3e4_w6_s1,complete,5,5,0,outputs/backfill_pr35_C_20260522_205439_sliding_srf_fbstcnet_gate_w6_s1_p1_seed42/sliding_window_srf_fbstcnet_gate_whitening_eps3e4_w6_s1/protocol1_board.csv,outputs/backfill_pr35_C_20260522_205439_sliding_srf_fbstcnet_gate_w6_s1_p1_seed42/sliding_window_srf_fbstcnet_gate_whitening_eps3e4_w6_s1/protocol1_audit.json,outputs/backfill_pr35_C_20260522_205439_sliding_srf_fbstcnet_gate_w6_s1_p1_seed42/sliding_window_srf_fbstcnet_gate_whitening_eps3e4_w6_s1/protocol1_jobs.csv,5,0.6590605333333334,0.035703481407342405,0.625172,0.72228
C,remote_protocol_scores_C.tgz,18dd01bbe5419107626747efd6ca05564ef48be5441007948df37ab433868b59,2026-05-23T23:51:21+0800,backfill_pr35_C_20260522_205558_sliding_srf_fbstcnet_gate_w6_s1_p2,outputs/backfill_pr35_C_20260522_205558_sliding_srf_fbstcnet_gate_w6_s1_p2/sliding_window_srf_fbstcnet_gate_whitening_eps3e4_w6_s1,p2_pseudo_public_holdout,sliding_window_srf_fbstcnet_gate_whitening_eps3e4_w6_s1,complete,8,7,0,outputs/backfill_pr35_C_20260522_205558_sliding_srf_fbstcnet_gate_w6_s1_p2/sliding_window_srf_fbstcnet_gate_whitening_eps3e4_w6_s1/protocol2_board.csv,outputs/backfill_pr35_C_20260522_205558_sliding_srf_fbstcnet_gate_w6_s1_p2/sliding_window_srf_fbstcnet_gate_whitening_eps3e4_w6_s1/protocol2_audit.json,outputs/backfill_pr35_C_20260522_205558_sliding_srf_fbstcnet_gate_w6_s1_p2/sliding_window_srf_fbstcnet_gate_whitening_eps3e4_w6_s1/protocol2_jobs.csv,7,0.6517857142857142,0.08459922859257081,0.4583333333333333,0.7291666666666666
C,remote_protocol_scores_C.tgz,18dd01bbe5419107626747efd6ca05564ef48be5441007948df37ab433868b59,2026-05-23T23:51:21+0800,backfill_pr35_C_20260522_210200_sliding_srf_fbstcnet_gate_w6_s1_p1_seed789,outputs/backfill_pr35_C_20260522_210200_sliding_srf_fbstcnet_gate_w6_s1_p1_seed789/sliding_window_srf_fbstcnet_gate_whitening_eps3e4_w6_s1,p1_repeated_group_kfold,sliding_window_srf_fbstcnet_gate_whitening_eps3e4_w6_s1,complete,5,5,0,outputs/backfill_pr35_C_20260522_210200_sliding_srf_fbstcnet_gate_w6_s1_p1_seed789/sliding_window_srf_fbstcnet_gate_whitening_eps3e4_w6_s1/protocol1_board.csv,outputs/backfill_pr35_C_20260522_210200_sliding_srf_fbstcnet_gate_w6_s1_p1_seed789/sliding_window_srf_fbstcnet_gate_whitening_eps3e4_w6_s1/protocol1_audit.json,outputs/backfill_pr35_C_20260522_210200_sliding_srf_fbstcnet_gate_w6_s1_p1_seed789/sliding_window_srf_fbstcnet_gate_whitening_eps3e4_w6_s1/protocol1_jobs.csv,5,0.6713581866666666,0.034709733129186966,0.6255453333333333,0.7157626666666667
C,remote_protocol_scores_C.tgz,18dd01bbe5419107626747efd6ca05564ef48be5441007948df37ab433868b59,2026-05-23T23:51:21+0800,backfill_pr35_C_20260522_210328_sliding_srfnet_whitening_eps3e4_p2_recheck,outputs/backfill_pr35_C_20260522_210328_sliding_srfnet_whitening_eps3e4_p2_recheck/sliding_window_srfnet_whitening_eps3e4,p2_pseudo_public_holdout,sliding_window_srfnet_whitening_eps3e4,complete,8,7,0,outputs/backfill_pr35_C_20260522_210328_sliding_srfnet_whitening_eps3e4_p2_recheck/sliding_window_srfnet_whitening_eps3e4/protocol2_board.csv,outputs/backfill_pr35_C_20260522_210328_sliding_srfnet_whitening_eps3e4_p2_recheck/sliding_window_srfnet_whitening_eps3e4/protocol2_audit.json,outputs/backfill_pr35_C_20260522_210328_sliding_srfnet_whitening_eps3e4_p2_recheck/sliding_window_srfnet_whitening_eps3e4/protocol2_jobs.csv,7,0.6488095238095238,0.06242909810536616,0.5,0.6875
C,remote_protocol_scores_C.tgz,18dd01bbe5419107626747efd6ca05564ef48be5441007948df37ab433868b59,2026-05-23T23:51:21+0800,backfill_pr35_C_20260522_211913_sliding_srf_fbstcnet_gate_w6_s1_p1_seed1024,outputs/backfill_pr35_C_20260522_211913_sliding_srf_fbstcnet_gate_w6_s1_p1_seed1024/sliding_window_srf_fbstcnet_gate_whitening_eps3e4_w6_s1,p1_repeated_group_kfold,sliding_window_srf_fbstcnet_gate_whitening_eps3e4_w6_s1,complete,5,5,0,outputs/backfill_pr35_C_20260522_211913_sliding_srf_fbstcnet_gate_w6_s1_p1_seed1024/sliding_window_srf_fbstcnet_gate_whitening_eps3e4_w6_s1/protocol1_board.csv,outputs/backfill_pr35_C_20260522_211913_sliding_srf_fbstcnet_gate_w6_s1_p1_seed1024/sliding_window_srf_fbstcnet_gate_whitening_eps3e4_w6_s1/protocol1_audit.json,outputs/backfill_pr35_C_20260522_211913_sliding_srf_fbstcnet_gate_w6_s1_p1_seed1024/sliding_window_srf_fbstcnet_gate_whitening_eps3e4_w6_s1/protocol1_jobs.csv,5,0.6701586666666667,0.05522349771690394,0.5842359999999999,0.738216
C,remote_protocol_scores_C.tgz,18dd01bbe5419107626747efd6ca05564ef48be5441007948df37ab433868b59,2026-05-23T23:51:21+0800,backfill_pr35_priority_C_20260522_1800_sliding_srfnet_whitening_eps3e4_p1_extra3,outputs/backfill_pr35_priority_C_20260522_1800_sliding_srfnet_whitening_eps3e4_p1_extra3/sliding_window_srfnet_whitening_eps3e4,p1_repeated_group_kfold,sliding_window_srfnet_whitening_eps3e4,complete,10,10,0,outputs/backfill_pr35_priority_C_20260522_1800_sliding_srfnet_whitening_eps3e4_p1_extra3/sliding_window_srfnet_whitening_eps3e4/protocol1_board.csv,outputs/backfill_pr35_priority_C_20260522_1800_sliding_srfnet_whitening_eps3e4_p1_extra3/sliding_window_srfnet_whitening_eps3e4/protocol1_audit.json,outputs/backfill_pr35_priority_C_20260522_1800_sliding_srfnet_whitening_eps3e4_p1_extra3/sliding_window_srfnet_whitening_eps3e4/protocol1_jobs.csv,10,0.6044222133333333,0.04995755958627105,0.5148522666666666,0.6856866666666667
C,remote_protocol_scores_C.tgz,18dd01bbe5419107626747efd6ca05564ef48be5441007948df37ab433868b59,2026-05-23T23:51:21+0800,backfill_pr35_priority_C__sliding_srfnet_whitening_eps3e4_p1_extra,outputs/backfill_pr35_priority_C__sliding_srfnet_whitening_eps3e4_p1_extra/sliding_window_srfnet_whitening_eps3e4,p1_repeated_group_kfold,sliding_window_srfnet_whitening_eps3e4,complete,15,15,0,outputs/backfill_pr35_priority_C__sliding_srfnet_whitening_eps3e4_p1_extra/sliding_window_srfnet_whitening_eps3e4/protocol1_board.csv,outputs/backfill_pr35_priority_C__sliding_srfnet_whitening_eps3e4_p1_extra/sliding_window_srfnet_whitening_eps3e4/protocol1_audit.json,outputs/backfill_pr35_priority_C__sliding_srfnet_whitening_eps3e4_p1_extra/sliding_window_srfnet_whitening_eps3e4/protocol1_jobs.csv,15,0.628893511111111,0.043849064468653116,0.5656706666666667,0.7071306666666666
C,remote_protocol_scores_C.tgz,18dd01bbe5419107626747efd6ca05564ef48be5441007948df37ab433868b59,2026-05-23T23:51:21+0800,backfill_pr49_C_20260522_1956_noea_eps3e4_mconn_p1_seed456,outputs/backfill_pr49_C_20260522_1956_noea_eps3e4_mconn_p1_seed456/fixed_crop_whitening_eps3e4_fbstcnet_m_conn_light,p1_repeated_group_kfold,fixed_crop_whitening_eps3e4_fbstcnet_m_conn_light,complete,5,5,0,outputs/backfill_pr49_C_20260522_1956_noea_eps3e4_mconn_p1_seed456/fixed_crop_whitening_eps3e4_fbstcnet_m_conn_light/protocol1_board.csv,outputs/backfill_pr49_C_20260522_1956_noea_eps3e4_mconn_p1_seed456/fixed_crop_whitening_eps3e4_fbstcnet_m_conn_light/protocol1_audit.json,outputs/backfill_pr49_C_20260522_1956_noea_eps3e4_mconn_p1_seed456/fixed_crop_whitening_eps3e4_fbstcnet_m_conn_light/protocol1_jobs.csv,5,0.70741168,0.060269837935772334,0.6153402666666666,0.8026346666666665
C,remote_protocol_scores_C.tgz,18dd01bbe5419107626747efd6ca05564ef48be5441007948df37ab433868b59,2026-05-23T23:51:21+0800,backfill_pr49_C_20260522_2013_fixed_crop_car_fbstcnet_p1_seed456,outputs/backfill_pr49_C_20260522_2013_fixed_crop_car_fbstcnet_p1_seed456/fixed_crop_car_fbstcnet,p1_repeated_group_kfold,fixed_crop_car_fbstcnet,complete,5,5,0,outputs/backfill_pr49_C_20260522_2013_fixed_crop_car_fbstcnet_p1_seed456/fixed_crop_car_fbstcnet/protocol1_board.csv,outputs/backfill_pr49_C_20260522_2013_fixed_crop_car_fbstcnet_p1_seed456/fixed_crop_car_fbstcnet/protocol1_audit.json,outputs/backfill_pr49_C_20260522_2013_fixed_crop_car_fbstcnet_p1_seed456/fixed_crop_car_fbstcnet/protocol1_jobs.csv,5,0.7147438933333333,0.05169820707956854,0.6583362666666667,0.7972239999999999
C,remote_protocol_scores_C.tgz,18dd01bbe5419107626747efd6ca05564ef48be5441007948df37ab433868b59,2026-05-23T23:51:21+0800,backfill_pr49_C_20260522_2027_fixed_crop_car_fbstcnet_p1_seed1024,outputs/backfill_pr49_C_20260522_2027_fixed_crop_car_fbstcnet_p1_seed1024/fixed_crop_car_fbstcnet,p1_repeated_group_kfold,fixed_crop_car_fbstcnet,complete,5,5,0,outputs/backfill_pr49_C_20260522_2027_fixed_crop_car_fbstcnet_p1_seed1024/fixed_crop_car_fbstcnet/protocol1_board.csv,outputs/backfill_pr49_C_20260522_2027_fixed_crop_car_fbstcnet_p1_seed1024/fixed_crop_car_fbstcnet/protocol1_audit.json,outputs/backfill_pr49_C_20260522_2027_fixed_crop_car_fbstcnet_p1_seed1024/fixed_crop_car_fbstcnet/protocol1_jobs.csv,5,0.7103515733333333,0.04190758348382205,0.6473306666666666,0.7689864000000001
C,remote_protocol_scores_C.tgz,18dd01bbe5419107626747efd6ca05564ef48be5441007948df37ab433868b59,2026-05-23T23:51:21+0800,backfill_queue_C_20260522_211741_fixed_crop_ea_deformer_depth1_emb64_p1_seed456,outputs/backfill_queue_C_20260522_211741_fixed_crop_ea_deformer_depth1_emb64_p1_seed456/fixed_crop_ea_deformer_depth1_emb64,p1_repeated_group_kfold,fixed_crop_ea_deformer_depth1_emb64,complete,5,5,0,outputs/backfill_queue_C_20260522_211741_fixed_crop_ea_deformer_depth1_emb64_p1_seed456/fixed_crop_ea_deformer_depth1_emb64/protocol1_board.csv,outputs/backfill_queue_C_20260522_211741_fixed_crop_ea_deformer_depth1_emb64_p1_seed456/fixed_crop_ea_deformer_depth1_emb64/protocol1_audit.json,outputs/backfill_queue_C_20260522_211741_fixed_crop_ea_deformer_depth1_emb64_p1_seed456/fixed_crop_ea_deformer_depth1_emb64/protocol1_jobs.csv,5,0.6628736533333333,0.03310320421078831,0.6099602666666667,0.7070186666666666
C,remote_protocol_scores_C.tgz,18dd01bbe5419107626747efd6ca05564ef48be5441007948df37ab433868b59,2026-05-23T23:51:21+0800,backfill_queue_C_20260522_211741_fixed_crop_ea_fbcnet_train_aug_p1_seed1024,outputs/backfill_queue_C_20260522_211741_fixed_crop_ea_fbcnet_train_aug_p1_seed1024/fixed_crop_ea_fbcnet_train_aug,p1_repeated_group_kfold,fixed_crop_ea_fbcnet_train_aug,complete,5,5,0,outputs/backfill_queue_C_20260522_211741_fixed_crop_ea_fbcnet_train_aug_p1_seed1024/fixed_crop_ea_fbcnet_train_aug/protocol1_board.csv,outputs/backfill_queue_C_20260522_211741_fixed_crop_ea_fbcnet_train_aug_p1_seed1024/fixed_crop_ea_fbcnet_train_aug/protocol1_audit.json,outputs/backfill_queue_C_20260522_211741_fixed_crop_ea_fbcnet_train_aug_p1_seed1024/fixed_crop_ea_fbcnet_train_aug/protocol1_jobs.csv,5,0.6474922133333333,0.050110186328297654,0.5943914666666666,0.7224253333333333
C,remote_protocol_scores_C.tgz,18dd01bbe5419107626747efd6ca05564ef48be5441007948df37ab433868b59,2026-05-23T23:51:21+0800,backfill_queue_C_20260522_211741_fixed_crop_ea_lggnet_p1_seed789_CR_,outputs/backfill_queue_C_20260522_211741_fixed_crop_ea_lggnet_p1_seed789_CR_/fixed_crop_ea_lggnet,p1_repeated_group_kfold,fixed_crop_ea_lggnet,complete,5,5,0,outputs/backfill_queue_C_20260522_211741_fixed_crop_ea_lggnet_p1_seed789_CR_/fixed_crop_ea_lggnet/protocol1_board.csv,outputs/backfill_queue_C_20260522_211741_fixed_crop_ea_lggnet_p1_seed789_CR_/fixed_crop_ea_lggnet/protocol1_audit.json,outputs/backfill_queue_C_20260522_211741_fixed_crop_ea_lggnet_p1_seed789_CR_/fixed_crop_ea_lggnet/protocol1_jobs.csv,5,0.6576021866666666,0.032146035979722286,0.6072269333333333,0.6953325333333332
C,remote_protocol_scores_C.tgz,18dd01bbe5419107626747efd6ca05564ef48be5441007948df37ab433868b59,2026-05-23T23:51:21+0800,backfill_sliding_C_20260522_2000_mconn_w4_s1p5_p2,outputs/backfill_sliding_C_20260522_2000_mconn_w4_s1p5_p2/sliding_ea_fbstcnet_m_conn_w4_s1p5,p2_pseudo_public_holdout,sliding_ea_fbstcnet_m_conn_w4_s1p5,complete,8,7,0,outputs/backfill_sliding_C_20260522_2000_mconn_w4_s1p5_p2/sliding_ea_fbstcnet_m_conn_w4_s1p5/protocol2_board.csv,outputs/backfill_sliding_C_20260522_2000_mconn_w4_s1p5_p2/sliding_ea_fbstcnet_m_conn_w4_s1p5/protocol2_audit.json,outputs/backfill_sliding_C_20260522_2000_mconn_w4_s1p5_p2/sliding_ea_fbstcnet_m_conn_w4_s1p5/protocol2_jobs.csv,7,0.6339285714285715,0.09105391988558545,0.4166666666666667,0.7083333333333334
C,remote_protocol_scores_C.tgz,18dd01bbe5419107626747efd6ca05564ef48be5441007948df37ab433868b59,2026-05-23T23:51:21+0800,backfill_sliding_C_20260522_2013_mconn_w8_s0p5_p1_seed42,outputs/backfill_sliding_C_20260522_2013_mconn_w8_s0p5_p1_seed42/sliding_ea_fbstcnet_m_conn_w8_s0p5,p1_repeated_group_kfold,sliding_ea_fbstcnet_m_conn_w8_s0p5,complete,5,5,0,outputs/backfill_sliding_C_20260522_2013_mconn_w8_s0p5_p1_seed42/sliding_ea_fbstcnet_m_conn_w8_s0p5/protocol1_board.csv,outputs/backfill_sliding_C_20260522_2013_mconn_w8_s0p5_p1_seed42/sliding_ea_fbstcnet_m_conn_w8_s0p5/protocol1_audit.json,outputs/backfill_sliding_C_20260522_2013_mconn_w8_s0p5_p1_seed42/sliding_ea_fbstcnet_m_conn_w8_s0p5/protocol1_jobs.csv,5,0.6553693333333332,0.05001668159057871,0.5720666666666666,0.7129666666666666
C,remote_protocol_scores_C.tgz,18dd01bbe5419107626747efd6ca05564ef48be5441007948df37ab433868b59,2026-05-23T23:51:21+0800,backfill_util_C_20260522_210627_fixed_crop_ea_fbcnet_train_aug_p1_seed123,outputs/backfill_util_C_20260522_210627_fixed_crop_ea_fbcnet_train_aug_p1_seed123/fixed_crop_ea_fbcnet_train_aug,p1_repeated_group_kfold,fixed_crop_ea_fbcnet_train_aug,complete,5,5,0,outputs/backfill_util_C_20260522_210627_fixed_crop_ea_fbcnet_train_aug_p1_seed123/fixed_crop_ea_fbcnet_train_aug/protocol1_board.csv,outputs/backfill_util_C_20260522_210627_fixed_crop_ea_fbcnet_train_aug_p1_seed123/fixed_crop_ea_fbcnet_train_aug/protocol1_audit.json,outputs/backfill_util_C_20260522_210627_fixed_crop_ea_fbcnet_train_aug_p1_seed123/fixed_crop_ea_fbcnet_train_aug/protocol1_jobs.csv,5,0.6626432000000001,0.026306446091726072,0.6207373333333334,0.6923322666666668
C,remote_protocol_scores_C.tgz,18dd01bbe5419107626747efd6ca05564ef48be5441007948df37ab433868b59,2026-05-23T23:51:21+0800,backfill_util_C_20260522_210829_fixed_crop_ea_deformer_depth1_emb64_p1_seed789,outputs/backfill_util_C_20260522_210829_fixed_crop_ea_deformer_depth1_emb64_p1_seed789/fixed_crop_ea_deformer_depth1_emb64,p1_repeated_group_kfold,fixed_crop_ea_deformer_depth1_emb64,complete,5,5,0,outputs/backfill_util_C_20260522_210829_fixed_crop_ea_deformer_depth1_emb64_p1_seed789/fixed_crop_ea_deformer_depth1_emb64/protocol1_board.csv,outputs/backfill_util_C_20260522_210829_fixed_crop_ea_deformer_depth1_emb64_p1_seed789/fixed_crop_ea_deformer_depth1_emb64/protocol1_audit.json,outputs/backfill_util_C_20260522_210829_fixed_crop_ea_deformer_depth1_emb64_p1_seed789/fixed_crop_ea_deformer_depth1_emb64/protocol1_jobs.csv,5,0.6682461866666667,0.03405038014253844,0.607676,0.7001490666666665
C,remote_protocol_scores_C.tgz,18dd01bbe5419107626747efd6ca05564ef48be5441007948df37ab433868b59,2026-05-23T23:51:21+0800,backfill_util_C_20260522_210829_fixed_crop_ea_tsception_train_aug_p1_seed789,outputs/backfill_util_C_20260522_210829_fixed_crop_ea_tsception_train_aug_p1_seed789/fixed_crop_ea_tsception_train_aug,p1_repeated_group_kfold,fixed_crop_ea_tsception_train_aug,complete,5,5,0,outputs/backfill_util_C_20260522_210829_fixed_crop_ea_tsception_train_aug_p1_seed789/fixed_crop_ea_tsception_train_aug/protocol1_board.csv,outputs/backfill_util_C_20260522_210829_fixed_crop_ea_tsception_train_aug_p1_seed789/fixed_crop_ea_tsception_train_aug/protocol1_audit.json,outputs/backfill_util_C_20260522_210829_fixed_crop_ea_tsception_train_aug_p1_seed789/fixed_crop_ea_tsception_train_aug/protocol1_jobs.csv,5,0.6454058666666667,0.028886807994361607,0.5957634666666666,0.6823125333333334
C,remote_protocol_scores_C.tgz,18dd01bbe5419107626747efd6ca05564ef48be5441007948df37ab433868b59,2026-05-23T23:51:21+0800,backfill_util_C_20260522_221207_fixed_crop_ea_whitening_eps3e4_fbstcnet_p3_abs,outputs/backfill_util_C_20260522_221207_fixed_crop_ea_whitening_eps3e4_fbstcnet_p3_abs/fixed_crop_ea_whitening_eps3e4_fbstcnet,p3_nested_selection,fixed_crop_ea_whitening_eps3e4_fbstcnet,complete,20,5,0,outputs/backfill_util_C_20260522_221207_fixed_crop_ea_whitening_eps3e4_fbstcnet_p3_abs/fixed_crop_ea_whitening_eps3e4_fbstcnet/protocol3_board.csv,outputs/backfill_util_C_20260522_221207_fixed_crop_ea_whitening_eps3e4_fbstcnet_p3_abs/fixed_crop_ea_whitening_eps3e4_fbstcnet/protocol3_audit.json,outputs/backfill_util_C_20260522_221207_fixed_crop_ea_whitening_eps3e4_fbstcnet_p3_abs/fixed_crop_ea_whitening_eps3e4_fbstcnet/protocol3_jobs.csv,5,0.7084661866666667,0.02367586844702246,0.683704,0.7488640000000001
C,remote_protocol_scores_C.tgz,18dd01bbe5419107626747efd6ca05564ef48be5441007948df37ab433868b59,2026-05-23T23:51:21+0800,backfill_util_C_20260522_221209_fixed_crop_ea_whitening_eps1e3_fbstcnet_p3_abs,outputs/backfill_util_C_20260522_221209_fixed_crop_ea_whitening_eps1e3_fbstcnet_p3_abs/fixed_crop_ea_whitening_eps1e3_fbstcnet,p3_nested_selection,fixed_crop_ea_whitening_eps1e3_fbstcnet,complete,20,5,0,outputs/backfill_util_C_20260522_221209_fixed_crop_ea_whitening_eps1e3_fbstcnet_p3_abs/fixed_crop_ea_whitening_eps1e3_fbstcnet/protocol3_board.csv,outputs/backfill_util_C_20260522_221209_fixed_crop_ea_whitening_eps1e3_fbstcnet_p3_abs/fixed_crop_ea_whitening_eps1e3_fbstcnet/protocol3_audit.json,outputs/backfill_util_C_20260522_221209_fixed_crop_ea_whitening_eps1e3_fbstcnet_p3_abs/fixed_crop_ea_whitening_eps1e3_fbstcnet/protocol3_jobs.csv,5,0.7082009066666667,0.02292837189965886,0.6829133333333334,0.7465354666666667
C,remote_protocol_scores_C.tgz,18dd01bbe5419107626747efd6ca05564ef48be5441007948df37ab433868b59,2026-05-23T23:51:21+0800,backfill_util_C_20260522_221211_fixed_crop_ea_fbstcnet_m_conn_light_p3_abs,outputs/backfill_util_C_20260522_221211_fixed_crop_ea_fbstcnet_m_conn_light_p3_abs/fixed_crop_ea_fbstcnet_m_conn_light,p3_nested_selection,fixed_crop_ea_fbstcnet_m_conn_light,complete,20,5,0,outputs/backfill_util_C_20260522_221211_fixed_crop_ea_fbstcnet_m_conn_light_p3_abs/fixed_crop_ea_fbstcnet_m_conn_light/protocol3_board.csv,outputs/backfill_util_C_20260522_221211_fixed_crop_ea_fbstcnet_m_conn_light_p3_abs/fixed_crop_ea_fbstcnet_m_conn_light/protocol3_audit.json,outputs/backfill_util_C_20260522_221211_fixed_crop_ea_fbstcnet_m_conn_light_p3_abs/fixed_crop_ea_fbstcnet_m_conn_light/protocol3_jobs.csv,5,0.7104354133333334,0.030167210304829686,0.6782546666666667,0.7657226666666667
C,remote_protocol_scores_C.tgz,18dd01bbe5419107626747efd6ca05564ef48be5441007948df37ab433868b59,2026-05-23T23:51:21+0800,backfill_util_C_20260522_221213_fixed_crop_ea_fbstcnet_c_only_p3_abs,outputs/backfill_util_C_20260522_221213_fixed_crop_ea_fbstcnet_c_only_p3_abs/fixed_crop_ea_fbstcnet_c_only,p3_nested_selection,fixed_crop_ea_fbstcnet_c_only,complete,20,5,0,outputs/backfill_util_C_20260522_221213_fixed_crop_ea_fbstcnet_c_only_p3_abs/fixed_crop_ea_fbstcnet_c_only/protocol3_board.csv,outputs/backfill_util_C_20260522_221213_fixed_crop_ea_fbstcnet_c_only_p3_abs/fixed_crop_ea_fbstcnet_c_only/protocol3_audit.json,outputs/backfill_util_C_20260522_221213_fixed_crop_ea_fbstcnet_c_only_p3_abs/fixed_crop_ea_fbstcnet_c_only/protocol3_jobs.csv,5,0.71244096,0.031001493207725002,0.6816413333333333,0.7664906666666665
C,remote_protocol_scores_C.tgz,18dd01bbe5419107626747efd6ca05564ef48be5441007948df37ab433868b59,2026-05-23T23:51:21+0800,backfill_value_C_20260522_160955_fixed_crop_ea_dgcnn_p3,outputs/backfill_value_C_20260522_160955_fixed_crop_ea_dgcnn_p3/fixed_crop_ea_dgcnn,p3_nested_selection,fixed_crop_ea_dgcnn,complete,20,5,0,outputs/backfill_value_C_20260522_160955_fixed_crop_ea_dgcnn_p3/fixed_crop_ea_dgcnn/protocol3_board.csv,outputs/backfill_value_C_20260522_160955_fixed_crop_ea_dgcnn_p3/fixed_crop_ea_dgcnn/protocol3_audit.json,outputs/backfill_value_C_20260522_160955_fixed_crop_ea_dgcnn_p3/fixed_crop_ea_dgcnn/protocol3_jobs.csv,5,0.7015716266666667,0.037467617611694766,0.6419026666666666,0.7424706666666667
C,remote_protocol_scores_C.tgz,18dd01bbe5419107626747efd6ca05564ef48be5441007948df37ab433868b59,2026-05-23T23:51:21+0800,backfill_value_C_20260522_160955_riem_guided_gate_p3,outputs/backfill_value_C_20260522_160955_riem_guided_gate_p3/fixed_crop_ea_fbstcnet_riem_guided_gate,p3_nested_selection,fixed_crop_ea_fbstcnet_riem_guided_gate,complete,20,5,0,outputs/backfill_value_C_20260522_160955_riem_guided_gate_p3/fixed_crop_ea_fbstcnet_riem_guided_gate/protocol3_board.csv,outputs/backfill_value_C_20260522_160955_riem_guided_gate_p3/fixed_crop_ea_fbstcnet_riem_guided_gate/protocol3_audit.json,outputs/backfill_value_C_20260522_160955_riem_guided_gate_p3/fixed_crop_ea_fbstcnet_riem_guided_gate/protocol3_jobs.csv,5,0.7042741333333333,0.029800042399373283,0.6727143999999999,0.7576285333333334
C,remote_protocol_scores_C.tgz,18dd01bbe5419107626747efd6ca05564ef48be5441007948df37ab433868b59,2026-05-23T23:51:21+0800,backfill_value_C_20260522_161845_deformer_depth2_emb96_p3,outputs/backfill_value_C_20260522_161845_deformer_depth2_emb96_p3/fixed_crop_ea_deformer_depth2_emb96,p3_nested_selection,fixed_crop_ea_deformer_depth2_emb96,complete,20,5,0,outputs/backfill_value_C_20260522_161845_deformer_depth2_emb96_p3/fixed_crop_ea_deformer_depth2_emb96/protocol3_board.csv,outputs/backfill_value_C_20260522_161845_deformer_depth2_emb96_p3/fixed_crop_ea_deformer_depth2_emb96/protocol3_audit.json,outputs/backfill_value_C_20260522_161845_deformer_depth2_emb96_p3/fixed_crop_ea_deformer_depth2_emb96/protocol3_jobs.csv,5,0.6803950933333333,0.03468739753539961,0.6286037333333333,0.7227306666666667
C,remote_protocol_scores_C.tgz,18dd01bbe5419107626747efd6ca05564ef48be5441007948df37ab433868b59,2026-05-23T23:51:21+0800,backfill_value_C_20260522_161845_fixed_crop_ea_lggnet_p3,outputs/backfill_value_C_20260522_161845_fixed_crop_ea_lggnet_p3/fixed_crop_ea_lggnet,p3_nested_selection,fixed_crop_ea_lggnet,complete,20,5,0,outputs/backfill_value_C_20260522_161845_fixed_crop_ea_lggnet_p3/fixed_crop_ea_lggnet/protocol3_board.csv,outputs/backfill_value_C_20260522_161845_fixed_crop_ea_lggnet_p3/fixed_crop_ea_lggnet/protocol3_audit.json,outputs/backfill_value_C_20260522_161845_fixed_crop_ea_lggnet_p3/fixed_crop_ea_lggnet/protocol3_jobs.csv,5,0.6550615466666667,0.022130295140810458,0.6275490666666667,0.6822754666666667
C,remote_protocol_scores_C.tgz,18dd01bbe5419107626747efd6ca05564ef48be5441007948df37ab433868b59,2026-05-23T23:51:21+0800,backfill_value_C_20260522_161845_fixed_crop_ea_tsception_p3,outputs/backfill_value_C_20260522_161845_fixed_crop_ea_tsception_p3/fixed_crop_ea_tsception,p3_nested_selection,fixed_crop_ea_tsception,complete,20,5,0,outputs/backfill_value_C_20260522_161845_fixed_crop_ea_tsception_p3/fixed_crop_ea_tsception/protocol3_board.csv,outputs/backfill_value_C_20260522_161845_fixed_crop_ea_tsception_p3/fixed_crop_ea_tsception/protocol3_audit.json,outputs/backfill_value_C_20260522_161845_fixed_crop_ea_tsception_p3/fixed_crop_ea_tsception/protocol3_jobs.csv,5,0.6434515733333332,0.03996188768121944,0.5765909333333333,0.6890864
C,remote_protocol_scores_C.tgz,18dd01bbe5419107626747efd6ca05564ef48be5441007948df37ab433868b59,2026-05-23T23:51:21+0800,backfill_value_C_20260522_163730_fixed_crop_ea_fbcnet_p3,outputs/backfill_value_C_20260522_163730_fixed_crop_ea_fbcnet_p3/fixed_crop_ea_fbcnet,p3_nested_selection,fixed_crop_ea_fbcnet,complete,20,5,0,outputs/backfill_value_C_20260522_163730_fixed_crop_ea_fbcnet_p3/fixed_crop_ea_fbcnet/protocol3_board.csv,outputs/backfill_value_C_20260522_163730_fixed_crop_ea_fbcnet_p3/fixed_crop_ea_fbcnet/protocol3_audit.json,outputs/backfill_value_C_20260522_163730_fixed_crop_ea_fbcnet_p3/fixed_crop_ea_fbcnet/protocol3_jobs.csv,5,0.6444006933333334,0.028083825203513726,0.6120194666666666,0.6806144
C,remote_protocol_scores_C.tgz,18dd01bbe5419107626747efd6ca05564ef48be5441007948df37ab433868b59,2026-05-23T23:51:21+0800,backfill_value_C_20260522_163730_fixed_crop_ea_fbcnet_train_aug_p2,outputs/backfill_value_C_20260522_163730_fixed_crop_ea_fbcnet_train_aug_p2/fixed_crop_ea_fbcnet_train_aug,p2_pseudo_public_holdout,fixed_crop_ea_fbcnet_train_aug,complete,8,7,0,outputs/backfill_value_C_20260522_163730_fixed_crop_ea_fbcnet_train_aug_p2/fixed_crop_ea_fbcnet_train_aug/protocol2_board.csv,outputs/backfill_value_C_20260522_163730_fixed_crop_ea_fbcnet_train_aug_p2/fixed_crop_ea_fbcnet_train_aug/protocol2_audit.json,outputs/backfill_value_C_20260522_163730_fixed_crop_ea_fbcnet_train_aug_p2/fixed_crop_ea_fbcnet_train_aug/protocol2_jobs.csv,7,0.5535714285714286,0.16846394878672505,0.14583333333333334,0.6666666666666666
C,remote_protocol_scores_C.tgz,18dd01bbe5419107626747efd6ca05564ef48be5441007948df37ab433868b59,2026-05-23T23:51:21+0800,backfill_value_C_20260522_165025_fixed_crop_ea_fbcnet_train_aug_p3,outputs/backfill_value_C_20260522_165025_fixed_crop_ea_fbcnet_train_aug_p3/fixed_crop_ea_fbcnet_train_aug,p3_nested_selection,fixed_crop_ea_fbcnet_train_aug,complete,20,5,0,outputs/backfill_value_C_20260522_165025_fixed_crop_ea_fbcnet_train_aug_p3/fixed_crop_ea_fbcnet_train_aug/protocol3_board.csv,outputs/backfill_value_C_20260522_165025_fixed_crop_ea_fbcnet_train_aug_p3/fixed_crop_ea_fbcnet_train_aug/protocol3_audit.json,outputs/backfill_value_C_20260522_165025_fixed_crop_ea_fbcnet_train_aug_p3/fixed_crop_ea_fbcnet_train_aug/protocol3_jobs.csv,5,0.64102704,0.02779428147616305,0.6114816,0.6814962666666667
C,remote_protocol_scores_C.tgz,18dd01bbe5419107626747efd6ca05564ef48be5441007948df37ab433868b59,2026-05-23T23:51:21+0800,backfill_value_C_20260522_165730_fixed_crop_ea_tsception_train_aug_p3,outputs/backfill_value_C_20260522_165730_fixed_crop_ea_tsception_train_aug_p3/fixed_crop_ea_tsception_train_aug,p3_nested_selection,fixed_crop_ea_tsception_train_aug,complete,20,5,0,outputs/backfill_value_C_20260522_165730_fixed_crop_ea_tsception_train_aug_p3/fixed_crop_ea_tsception_train_aug/protocol3_board.csv,outputs/backfill_value_C_20260522_165730_fixed_crop_ea_tsception_train_aug_p3/fixed_crop_ea_tsception_train_aug/protocol3_audit.json,outputs/backfill_value_C_20260522_165730_fixed_crop_ea_tsception_train_aug_p3/fixed_crop_ea_tsception_train_aug/protocol3_jobs.csv,5,0.6558165333333335,0.04566932597703238,0.5780306666666667,0.7031842666666668
C,remote_protocol_scores_C.tgz,18dd01bbe5419107626747efd6ca05564ef48be5441007948df37ab433868b59,2026-05-23T23:51:21+0800,backfill_value_C_20260522_170745_fixed_crop_ea_fbcnet_p3,outputs/backfill_value_C_20260522_170745_fixed_crop_ea_fbcnet_p3/fixed_crop_ea_fbcnet,p3_nested_selection,fixed_crop_ea_fbcnet,complete,20,5,0,outputs/backfill_value_C_20260522_170745_fixed_crop_ea_fbcnet_p3/fixed_crop_ea_fbcnet/protocol3_board.csv,outputs/backfill_value_C_20260522_170745_fixed_crop_ea_fbcnet_p3/fixed_crop_ea_fbcnet/protocol3_audit.json,outputs/backfill_value_C_20260522_170745_fixed_crop_ea_fbcnet_p3/fixed_crop_ea_fbcnet/protocol3_jobs.csv,5,0.6444006933333334,0.028083825203513726,0.6120194666666666,0.6806144
C,remote_protocol_scores_C.tgz,18dd01bbe5419107626747efd6ca05564ef48be5441007948df37ab433868b59,2026-05-23T23:51:21+0800,backfill_value_C_20260522_172025_fixed_crop_ea_tsception_p3,outputs/backfill_value_C_20260522_172025_fixed_crop_ea_tsception_p3/fixed_crop_ea_tsception,p3_nested_selection,fixed_crop_ea_tsception,complete,20,5,0,outputs/backfill_value_C_20260522_172025_fixed_crop_ea_tsception_p3/fixed_crop_ea_tsception/protocol3_board.csv,outputs/backfill_value_C_20260522_172025_fixed_crop_ea_tsception_p3/fixed_crop_ea_tsception/protocol3_audit.json,outputs/backfill_value_C_20260522_172025_fixed_crop_ea_tsception_p3/fixed_crop_ea_tsception/protocol3_jobs.csv,5,0.6434515733333332,0.03996188768121944,0.5765909333333333,0.6890864
C,remote_protocol_scores_C.tgz,18dd01bbe5419107626747efd6ca05564ef48be5441007948df37ab433868b59,2026-05-23T23:51:21+0800,backfill_value_C_20260522_1802_fixed_crop_ea_dgcnn_p3,outputs/backfill_value_C_20260522_1802_fixed_crop_ea_dgcnn_p3/fixed_crop_ea_dgcnn,p3_nested_selection,fixed_crop_ea_dgcnn,complete,20,5,0,outputs/backfill_value_C_20260522_1802_fixed_crop_ea_dgcnn_p3/fixed_crop_ea_dgcnn/protocol3_board.csv,outputs/backfill_value_C_20260522_1802_fixed_crop_ea_dgcnn_p3/fixed_crop_ea_dgcnn/protocol3_audit.json,outputs/backfill_value_C_20260522_1802_fixed_crop_ea_dgcnn_p3/fixed_crop_ea_dgcnn/protocol3_jobs.csv,5,0.7015716266666667,0.037467617611694766,0.6419026666666666,0.7424706666666667
C,remote_protocol_scores_C.tgz,18dd01bbe5419107626747efd6ca05564ef48be5441007948df37ab433868b59,2026-05-23T23:51:21+0800,backfill_value_C_20260522_1805_fixed_crop_ea_fbcnet_train_aug_p3,outputs/backfill_value_C_20260522_1805_fixed_crop_ea_fbcnet_train_aug_p3/fixed_crop_ea_fbcnet_train_aug,p3_nested_selection,fixed_crop_ea_fbcnet_train_aug,complete,20,5,0,outputs/backfill_value_C_20260522_1805_fixed_crop_ea_fbcnet_train_aug_p3/fixed_crop_ea_fbcnet_train_aug/protocol3_board.csv,outputs/backfill_value_C_20260522_1805_fixed_crop_ea_fbcnet_train_aug_p3/fixed_crop_ea_fbcnet_train_aug/protocol3_audit.json,outputs/backfill_value_C_20260522_1805_fixed_crop_ea_fbcnet_train_aug_p3/fixed_crop_ea_fbcnet_train_aug/protocol3_jobs.csv,5,0.64102704,0.02779428147616305,0.6114816,0.6814962666666667
C,remote_protocol_scores_C.tgz,18dd01bbe5419107626747efd6ca05564ef48be5441007948df37ab433868b59,2026-05-23T23:51:21+0800,backfill_value_C_20260522_1818_deformer_depth3_emb64_p3,outputs/backfill_value_C_20260522_1818_deformer_depth3_emb64_p3/fixed_crop_ea_deformer_depth3_emb64,p3_nested_selection,fixed_crop_ea_deformer_depth3_emb64,complete,20,5,0,outputs/backfill_value_C_20260522_1818_deformer_depth3_emb64_p3/fixed_crop_ea_deformer_depth3_emb64/protocol3_board.csv,outputs/backfill_value_C_20260522_1818_deformer_depth3_emb64_p3/fixed_crop_ea_deformer_depth3_emb64/protocol3_audit.json,outputs/backfill_value_C_20260522_1818_deformer_depth3_emb64_p3/fixed_crop_ea_deformer_depth3_emb64/protocol3_jobs.csv,5,0.6772304533333334,0.03524459379936857,0.6206522666666666,0.7211181333333333
C,remote_protocol_scores_C.tgz,18dd01bbe5419107626747efd6ca05564ef48be5441007948df37ab433868b59,2026-05-23T23:51:21+0800,backfill_value_C_20260522_1818_fixed_crop_ea_tsception_train_aug_p3,outputs/backfill_value_C_20260522_1818_fixed_crop_ea_tsception_train_aug_p3/fixed_crop_ea_tsception_train_aug,p3_nested_selection,fixed_crop_ea_tsception_train_aug,complete,20,5,0,outputs/backfill_value_C_20260522_1818_fixed_crop_ea_tsception_train_aug_p3/fixed_crop_ea_tsception_train_aug/protocol3_board.csv,outputs/backfill_value_C_20260522_1818_fixed_crop_ea_tsception_train_aug_p3/fixed_crop_ea_tsception_train_aug/protocol3_audit.json,outputs/backfill_value_C_20260522_1818_fixed_crop_ea_tsception_train_aug_p3/fixed_crop_ea_tsception_train_aug/protocol3_jobs.csv,5,0.6558165333333335,0.04566932597703238,0.5780306666666667,0.7031842666666668
C,remote_protocol_scores_C.tgz,18dd01bbe5419107626747efd6ca05564ef48be5441007948df37ab433868b59,2026-05-23T23:51:21+0800,backfill_value_C_20260522_1820_fixed_crop_ea_fbcnet_p3,outputs/backfill_value_C_20260522_1820_fixed_crop_ea_fbcnet_p3/fixed_crop_ea_fbcnet,p3_nested_selection,fixed_crop_ea_fbcnet,complete,20,5,0,outputs/backfill_value_C_20260522_1820_fixed_crop_ea_fbcnet_p3/fixed_crop_ea_fbcnet/protocol3_board.csv,outputs/backfill_value_C_20260522_1820_fixed_crop_ea_fbcnet_p3/fixed_crop_ea_fbcnet/protocol3_audit.json,outputs/backfill_value_C_20260522_1820_fixed_crop_ea_fbcnet_p3/fixed_crop_ea_fbcnet/protocol3_jobs.csv,5,0.6444006933333334,0.028083825203513726,0.6120194666666666,0.6806144
C,remote_protocol_scores_C.tgz,18dd01bbe5419107626747efd6ca05564ef48be5441007948df37ab433868b59,2026-05-23T23:51:21+0800,backfill_value_C_20260522_1827_fixed_crop_ea_lggnet_p3,outputs/backfill_value_C_20260522_1827_fixed_crop_ea_lggnet_p3/fixed_crop_ea_lggnet,p3_nested_selection,fixed_crop_ea_lggnet,complete,20,5,0,outputs/backfill_value_C_20260522_1827_fixed_crop_ea_lggnet_p3/fixed_crop_ea_lggnet/protocol3_board.csv,outputs/backfill_value_C_20260522_1827_fixed_crop_ea_lggnet_p3/fixed_crop_ea_lggnet/protocol3_audit.json,outputs/backfill_value_C_20260522_1827_fixed_crop_ea_lggnet_p3/fixed_crop_ea_lggnet/protocol3_jobs.csv,5,0.6550615466666667,0.022130295140810458,0.6275490666666667,0.6822754666666667
C,remote_protocol_scores_C.tgz,18dd01bbe5419107626747efd6ca05564ef48be5441007948df37ab433868b59,2026-05-23T23:51:21+0800,backfill_value_C_20260522_1831_fixed_crop_ea_fbcnet_train_aug_p3,outputs/backfill_value_C_20260522_1831_fixed_crop_ea_fbcnet_train_aug_p3/fixed_crop_ea_fbcnet_train_aug,p3_nested_selection,fixed_crop_ea_fbcnet_train_aug,complete,20,5,0,outputs/backfill_value_C_20260522_1831_fixed_crop_ea_fbcnet_train_aug_p3/fixed_crop_ea_fbcnet_train_aug/protocol3_board.csv,outputs/backfill_value_C_20260522_1831_fixed_crop_ea_fbcnet_train_aug_p3/fixed_crop_ea_fbcnet_train_aug/protocol3_audit.json,outputs/backfill_value_C_20260522_1831_fixed_crop_ea_fbcnet_train_aug_p3/fixed_crop_ea_fbcnet_train_aug/protocol3_jobs.csv,5,0.64102704,0.02779428147616305,0.6114816,0.6814962666666667
C,remote_protocol_scores_C.tgz,18dd01bbe5419107626747efd6ca05564ef48be5441007948df37ab433868b59,2026-05-23T23:51:21+0800,backfill_value_C_20260522_1833_fixed_crop_ea_fbcnet_p3,outputs/backfill_value_C_20260522_1833_fixed_crop_ea_fbcnet_p3/fixed_crop_ea_fbcnet,p3_nested_selection,fixed_crop_ea_fbcnet,complete,20,5,0,outputs/backfill_value_C_20260522_1833_fixed_crop_ea_fbcnet_p3/fixed_crop_ea_fbcnet/protocol3_board.csv,outputs/backfill_value_C_20260522_1833_fixed_crop_ea_fbcnet_p3/fixed_crop_ea_fbcnet/protocol3_audit.json,outputs/backfill_value_C_20260522_1833_fixed_crop_ea_fbcnet_p3/fixed_crop_ea_fbcnet/protocol3_jobs.csv,5,0.6444006933333334,0.028083825203513726,0.6120194666666666,0.6806144
C,remote_protocol_scores_C.tgz,18dd01bbe5419107626747efd6ca05564ef48be5441007948df37ab433868b59,2026-05-23T23:51:21+0800,pr44_C_20260522_145228_fixed_crop_whitening_eps3e4_fbstcnet_m_conn_light_p2,outputs/pr44_C_20260522_145228_fixed_crop_whitening_eps3e4_fbstcnet_m_conn_light_p2/fixed_crop_whitening_eps3e4_fbstcnet_m_conn_light,p2_pseudo_public_holdout,fixed_crop_whitening_eps3e4_fbstcnet_m_conn_light,complete,8,7,0,outputs/pr44_C_20260522_145228_fixed_crop_whitening_eps3e4_fbstcnet_m_conn_light_p2/fixed_crop_whitening_eps3e4_fbstcnet_m_conn_light/protocol2_board.csv,outputs/pr44_C_20260522_145228_fixed_crop_whitening_eps3e4_fbstcnet_m_conn_light_p2/fixed_crop_whitening_eps3e4_fbstcnet_m_conn_light/protocol2_audit.json,outputs/pr44_C_20260522_145228_fixed_crop_whitening_eps3e4_fbstcnet_m_conn_light_p2/fixed_crop_whitening_eps3e4_fbstcnet_m_conn_light/protocol2_jobs.csv,7,0.6547619047619048,0.15899655225229858,0.2708333333333333,0.7708333333333334
C,remote_protocol_scores_C.tgz,18dd01bbe5419107626747efd6ca05564ef48be5441007948df37ab433868b59,2026-05-23T23:51:21+0800,pr44_C_20260522_145231_fixed_crop_ea_whitening_eps3e4_fbstcnet_m_conn_light_p2,outputs/pr44_C_20260522_145231_fixed_crop_ea_whitening_eps3e4_fbstcnet_m_conn_light_p2/fixed_crop_ea_whitening_eps3e4_fbstcnet_m_conn_light,p2_pseudo_public_holdout,fixed_crop_ea_whitening_eps3e4_fbstcnet_m_conn_light,complete,8,7,0,outputs/pr44_C_20260522_145231_fixed_crop_ea_whitening_eps3e4_fbstcnet_m_conn_light_p2/fixed_crop_ea_whitening_eps3e4_fbstcnet_m_conn_light/protocol2_board.csv,outputs/pr44_C_20260522_145231_fixed_crop_ea_whitening_eps3e4_fbstcnet_m_conn_light_p2/fixed_crop_ea_whitening_eps3e4_fbstcnet_m_conn_light/protocol2_audit.json,outputs/pr44_C_20260522_145231_fixed_crop_ea_whitening_eps3e4_fbstcnet_m_conn_light_p2/fixed_crop_ea_whitening_eps3e4_fbstcnet_m_conn_light/protocol2_jobs.csv,7,0.6517857142857143,0.14886903571904522,0.2916666666666667,0.75
C,remote_protocol_scores_C.tgz,18dd01bbe5419107626747efd6ca05564ef48be5441007948df37ab433868b59,2026-05-23T23:51:21+0800,pr44_C_20260522_150001_fixed_crop_whitening_eps1e3_fbstcnet_m_conn_light_p1,outputs/pr44_C_20260522_150001_fixed_crop_whitening_eps1e3_fbstcnet_m_conn_light_p1/fixed_crop_whitening_eps1e3_fbstcnet_m_conn_light,p1_repeated_group_kfold,fixed_crop_whitening_eps1e3_fbstcnet_m_conn_light,complete,5,5,0,outputs/pr44_C_20260522_150001_fixed_crop_whitening_eps1e3_fbstcnet_m_conn_light_p1/fixed_crop_whitening_eps1e3_fbstcnet_m_conn_light/protocol1_board.csv,outputs/pr44_C_20260522_150001_fixed_crop_whitening_eps1e3_fbstcnet_m_conn_light_p1/fixed_crop_whitening_eps1e3_fbstcnet_m_conn_light/protocol1_audit.json,outputs/pr44_C_20260522_150001_fixed_crop_whitening_eps1e3_fbstcnet_m_conn_light_p1/fixed_crop_whitening_eps1e3_fbstcnet_m_conn_light/protocol1_jobs.csv,5,0.7107976533333333,0.037458785001175214,0.650664,0.7636720000000001
C,remote_protocol_scores_C.tgz,18dd01bbe5419107626747efd6ca05564ef48be5441007948df37ab433868b59,2026-05-23T23:51:21+0800,pr44_C_20260522_150005_fixed_crop_ea_whitening_eps3e4_fbstcnet_c_only_p1,outputs/pr44_C_20260522_150005_fixed_crop_ea_whitening_eps3e4_fbstcnet_c_only_p1/fixed_crop_ea_whitening_eps3e4_fbstcnet_c_only,p1_repeated_group_kfold,fixed_crop_ea_whitening_eps3e4_fbstcnet_c_only,complete,5,5,0,outputs/pr44_C_20260522_150005_fixed_crop_ea_whitening_eps3e4_fbstcnet_c_only_p1/fixed_crop_ea_whitening_eps3e4_fbstcnet_c_only/protocol1_board.csv,outputs/pr44_C_20260522_150005_fixed_crop_ea_whitening_eps3e4_fbstcnet_c_only_p1/fixed_crop_ea_whitening_eps3e4_fbstcnet_c_only/protocol1_audit.json,outputs/pr44_C_20260522_150005_fixed_crop_ea_whitening_eps3e4_fbstcnet_c_only_p1/fixed_crop_ea_whitening_eps3e4_fbstcnet_c_only/protocol1_jobs.csv,5,0.6856640533333334,0.026714959901179,0.66066,0.7225693333333334
C,remote_protocol_scores_C.tgz,18dd01bbe5419107626747efd6ca05564ef48be5441007948df37ab433868b59,2026-05-23T23:51:21+0800,pr44_promote_C_20260522_152346_noea_eps3e4_mconn_p3,outputs/pr44_promote_C_20260522_152346_noea_eps3e4_mconn_p3/fixed_crop_whitening_eps3e4_fbstcnet_m_conn_light,p3_nested_selection,fixed_crop_whitening_eps3e4_fbstcnet_m_conn_light,complete,20,5,0,outputs/pr44_promote_C_20260522_152346_noea_eps3e4_mconn_p3/fixed_crop_whitening_eps3e4_fbstcnet_m_conn_light/protocol3_board.csv,outputs/pr44_promote_C_20260522_152346_noea_eps3e4_mconn_p3/fixed_crop_whitening_eps3e4_fbstcnet_m_conn_light/protocol3_audit.json,outputs/pr44_promote_C_20260522_152346_noea_eps3e4_mconn_p3/fixed_crop_whitening_eps3e4_fbstcnet_m_conn_light/protocol3_jobs.csv,5,0.7128165866666667,0.03227263581168424,0.6764175999999998,0.7722346666666667
C,remote_protocol_scores_C.tgz,18dd01bbe5419107626747efd6ca05564ef48be5441007948df37ab433868b59,2026-05-23T23:51:21+0800,pr44_promote_C_20260522_152349_noea_eps1e3_mconn_p3,outputs/pr44_promote_C_20260522_152349_noea_eps1e3_mconn_p3/fixed_crop_whitening_eps1e3_fbstcnet_m_conn_light,p3_nested_selection,fixed_crop_whitening_eps1e3_fbstcnet_m_conn_light,complete,20,5,0,outputs/pr44_promote_C_20260522_152349_noea_eps1e3_mconn_p3/fixed_crop_whitening_eps1e3_fbstcnet_m_conn_light/protocol3_board.csv,outputs/pr44_promote_C_20260522_152349_noea_eps1e3_mconn_p3/fixed_crop_whitening_eps1e3_fbstcnet_m_conn_light/protocol3_audit.json,outputs/pr44_promote_C_20260522_152349_noea_eps1e3_mconn_p3/fixed_crop_whitening_eps1e3_fbstcnet_m_conn_light/protocol3_jobs.csv,5,0.7127458133333333,0.03074552000840733,0.6771496,0.7690946666666666
C,remote_protocol_scores_C.tgz,18dd01bbe5419107626747efd6ca05564ef48be5441007948df37ab433868b59,2026-05-23T23:51:21+0800,pr44_promote_C_20260522_152352_ea_eps3e4_conly_p3,outputs/pr44_promote_C_20260522_152352_ea_eps3e4_conly_p3/fixed_crop_ea_whitening_eps3e4_fbstcnet_c_only,p3_nested_selection,fixed_crop_ea_whitening_eps3e4_fbstcnet_c_only,complete,20,5,0,outputs/pr44_promote_C_20260522_152352_ea_eps3e4_conly_p3/fixed_crop_ea_whitening_eps3e4_fbstcnet_c_only/protocol3_board.csv,outputs/pr44_promote_C_20260522_152352_ea_eps3e4_conly_p3/fixed_crop_ea_whitening_eps3e4_fbstcnet_c_only/protocol3_audit.json,outputs/pr44_promote_C_20260522_152352_ea_eps3e4_conly_p3/fixed_crop_ea_whitening_eps3e4_fbstcnet_c_only/protocol3_jobs.csv,5,0.7018354666666667,0.03999021947342182,0.6633285333333333,0.7770320000000001
C,remote_protocol_scores_C.tgz,18dd01bbe5419107626747efd6ca05564ef48be5441007948df37ab433868b59,2026-05-23T23:51:21+0800,pr44_promote_C_20260522_152621_ea_eps3e4_mconn_seed789_1024_p1,outputs/pr44_promote_C_20260522_152621_ea_eps3e4_mconn_seed789_1024_p1/fixed_crop_ea_whitening_eps3e4_fbstcnet_m_conn_light,p1_repeated_group_kfold,fixed_crop_ea_whitening_eps3e4_fbstcnet_m_conn_light,complete,10,10,0,outputs/pr44_promote_C_20260522_152621_ea_eps3e4_mconn_seed789_1024_p1/fixed_crop_ea_whitening_eps3e4_fbstcnet_m_conn_light/protocol1_board.csv,outputs/pr44_promote_C_20260522_152621_ea_eps3e4_mconn_seed789_1024_p1/fixed_crop_ea_whitening_eps3e4_fbstcnet_m_conn_light/protocol1_audit.json,outputs/pr44_promote_C_20260522_152621_ea_eps3e4_mconn_seed789_1024_p1/fixed_crop_ea_whitening_eps3e4_fbstcnet_m_conn_light/protocol1_jobs.csv,10,0.7080670933333334,0.04214358907438237,0.6335141333333333,0.7704093333333333
